classe;cote_range;description
N;N2;French
N;N3;German
N;N4;Italian
N;N5;Dutch and Flemish
N;N6;Russian. Slavic
N;N6.5;Scandinavian
N;N7;Spanish and Portuguese
N;N8.A-Z;Other (including Oriental), A-Z
N;N10;General
N;N11;American
N;N12;English
N;N13;French and Belgian
N;N14;German, Austrian, and Swiss
N;N15;Italian
N;N16;Spanish and Portuguese
N;N17.A-Z;Other, A-Z
N;N21;Congresses
N;N25;Several authors
N;N31;Encyclopedias
N;N33;Dictionaries
N;N34;Terminology
N;N40;General
N;N42;Juvenile works
N;N45;Artists' marks and monograms
N;N50;General
N;N51;General
N;N55.A-Z;Other regions or countries, A-Z
N;N57;General works
N;N58;Information services
N;N59;Electronic information resources
N;N61;History
N;N62;English
N;N63;French
N;N64;German
N;N65.A-Z;Other languages, A-Z
N;N66;English
N;N67;French
N;N68;German
N;N68.3;Italian
N;N68.6;Spanish
N;N69.A-Z;Other European languages, A-Z
N;N69.3.A-Z;Oriental languages, A-Z
N;N69.6.A-Z;Other languages, A-Z
N;N70;General special
N;N71;General works
N;N71.5;Mental illness and art
N;N71.8;Visual disorders and art
N;N72.A-Z;Art in relation to other subjects, A-Z
N;N72.5;Artistic masterpieces
N;N72.7;Imitation in art
N;N75;Taste in the visual arts
N;N81;Periodicals and societies
N;N82;Congresses
N;N84;Theory. Philosophy
N;N85;General works
N;N87;General special
N;N88;General works
N;N88.3;General works
N;N88.4.A-Z;By region or state, A-Z
N;N88.5.A-Z;Other regions or countries, A-Z
N;N89;Collective
N;N90;General works
N;N101-285;Special regions or countries (Table N2)
N;N325;General works
N;N328;General works
N;N330.A-Z;Special schools. By city, A-Z
N;N331.A-Z;Other American countries, A-Z
N;N333.A-Z;Other regions or countries, A-Z
N;N340;Examinations, questions, etc.
N;N345;General works
N;N346.5.A-Z;Other regions or countries, A-Z
N;N347;Art scholarships, fellowships, etc.
N;N350;General works
N;N351;Children as artists
N;N352;General works
N;N352.2.A-Z;By region or country, A-Z
N;N353;General works
N;N355.A-Z;By city, A-Z
N;N357.A-Z;Special systems, A-Z
N;N361;Primary
N;N362;Elementary
N;N362.5;Middle school
N;N363;Secondary
N;N365.A-Z;Other regions or countries, A-Z
N;N366;General works
N;N367;General works
N;N368;Select lists
N;N369.A-Z;Dealers' catalogs. By dealer, A-Z
N;N370;General works
N;N373;Select lists of pictures for schools
N;N377;Supplies, materials, etc.
N;N378;General works
N;N379.A-Z;Catalogs of picture lending collections. By collection, A-Z
N;N380;General works
N;N382;Examinations, questions, etc.
N;N385;General works
N;N386.A-Z;Special universities, schools, etc., A-Z
N;N390.A-Z;Other regions or countries, A-Z
N;N393;General and international
N;N394;United States
N;N395.A-Z;Other American. By country, A-Z
N;N396.A-Z;Europe. By country, A-Z
N;N397.A-Z;Other countries. By country, A-Z
N;N400;Periodicals and societies
N;N405;Collections of catalogs, handbooks, etc.
N;N408;Museum work as a profession
N;N410;General works
N;N420;Organization
N;N430;Aim, utility, etc.
N;N435;Museum visitors and museum public
N;N440;Accessioning, cataloging, and classification of works of art
N;N460;Equipment, heating, lighting, etc.
N;N463;Security measures
N;N470;Administration
N;N490;Relations to the public (Hours, etc.)
N;N510;General
N;N510.5.A-Z;By region, A-Z
N;N512;A - Ann Arbor
N;N514;Ann Arbor - Baltimore
N;N518;Berkeley - Boston
N;N521.A-Z;Other public collections, A-Z
N;N522-523;Boston - Brunswick
N;N525.3;Buffalo, N.Y. University at Buffalo Art Gallery/Research Center in Art and Culture (Table
N;N526;Collective
N;N529;Cambridge - Chicago
N;N531.A-Z;Other public collections, A-Z
N;N559;Dallas - Detroit
N;N573;Greenville - Hanover
N;N576;Hanover - Indianapolis
N;N582;Indianapolis - Minneapolis
N;N584;Minneapolis - Muskegon
N;N600;General
N;N601;Municipal collections
N;N612;Loan exhibitions. By date
N;N618;Whitney Museum of American Art
N;N620.A-Z;Other, A-Z
N;N675;Collective
N;N714;Poughkeepsie, N.Y. - Q
N;N715;R - Richmond
N;N736.8;Athenaeum Music & Arts Library
N;N738;General
N;N742;San Marino - Savannah
N;N845;General
N;N851.A-Z;Special collections, A-Z
N;N1937;called the National Gallery of Art
N;N858;Other special, A-Z
N;N858.5;Waterville, Me. Colby College. Museum of Art
N;N908.A-Z;Other American countries, A-Z
N;N910.A-Z;Special cities, A-Z
N;N1010;Collective
N;N1020;Collective
N;N1025;Royal collections
N;N1027;Ireland (Collective)
N;N1027.5;Scotland (Collective)
N;N1028;Wales (Collective)
N;N1030;Collective
N;N1070;General works
N;N1070.2;Sainsbury Wing
N;N1151.A-Z;Special collections, A-Z
N;N1165.A-Z;Other London, A-Z
N;N1220;Collective
N;N1279;Collective
N;N1310;Collective
N;N1316.A-Z;Special collections. By name, A-Z
N;N1320;Greenwich
N;N1403;Collective
N;N1403.5;City Art Gallery
N;N1438;Newcastle-upon-Tyne. Tyne and Wear County Council Museum and Art Galleries
N;N1480;Salford
N;N1510;Warrington
N;N1610;Collective
N;N1610.5.A-Z;By region, state, etc., A-Z
N;N1614;Collective
N;N1627.9;Mistelbach. Museumszentrum Mistelbach. Hermann Nitsch Museum
N;N1650;Collective
N;N1682.A-Z;Special collections, A-Z
N;N1750;Collective
N;N1760;Collective
N;N1810;Collective
N;N1830;Collective
N;N1835;Musées royaux d'art et d'histoire (Musées royaux des arts décoratifs at industriels.
N;N1840;Musées royaux des beaux-arts de Belgique (Musées royaux de peinture et de
N;N1841.A-Z;Other museums, A-Z
N;N1845;Collective
N;N1845.2.A-Z;Other, A-Z
N;N1850.A-Z;Other Belgian cities, A-Z
N;N1880;Collective
N;N1910;Collective
N;N1930.A-Z;Other, A-Z
N;N1935.A-Z;Other museums of Denmark. By city, etc., A-Z
N;N2010;Collective
N;N2010.5.A-Z;By region, A-Z
N;N2020;Collective
N;N2031;Folios
N;N2032.A-Z;Special collections. By name, A-Z
N;N2049.A-Z;Special collections, A-Z
N;N2050.A-Z;Other Parisian, A-Z
N;N2052;A - Albi
N;N2058;Bagnères - Cagnes
N;N2059;Cagnes - Compiègne
N;N2144;Nantes - Poitiers
N;N2157;Reims. Collective
N;N2180;General works
N;N2180.2.A-Z;Special galleries, A-Z
N;N2210;General
N;N2210.5.A-Z;By region or state, A-Z
N;N2220;Collective
N;N2222;East Berlin (Collective)
N;N2250.A-Z;Other special, A-Z
N;N2251;General works
N;N2252;Collective
N;N2256;Collective
N;N2264.2;Collective
N;N2268;Darmstadt - Dortmund
N;N2269;Dortmund - Dresden
N;N2270;Collective
N;N2292;Collective
N;N2298;Duisburg - Essen
N;N2300;Collective
N;N2305;Fulda - Hildesheim
N;N2307;Hildesheim - Kassel
N;N2309;Kasseler - Leipzig
N;N2312;Collective
N;N2316;Mannheim - Munich
N;N2317;Collective
N;N2339.A-Z;Other special, A-Z
N;N2363;Potsdam. Staatliche Schlösser und Gärten Potsdam-Sanssouci. Bildergalerie (Table
N;N2364;Recklinghausen. Collective
N;N2378;Schleswig (City). Schleswig-Holsteinisches Landesmuseum für Vor- und
N;N2410;Collective
N;N2420;Collective
N;N2450;Collective
N;N2450.5.A-Z;By region, province, etc., A-Z
N;N2510;Collective
N;N2524.5;Collective
N;N2540;Collective
N;N2560.5.A-Z;Special galleries. By name, A-Z
N;N2571;Folios
N;N2620;Genoa
N;N2660;Collective
N;N2697;Molise. Collective
N;N2700;Montalcino. Collective
N;N2705;Monza. Collective
N;N2720;Collective
N;N2738.5;Palmi. Casa della cultura Leonida Répaci
N;N2745;Pisa. Campo santo
N;N2746;Pisa. Campo santo to Prato
N;N2746.7;Collective
N;N2810;Collective
N;N2940;Collective
N;N2941;Biblioteca vaticana. Museo sacro
N;N2943;Museo Chiaramonti
N;N2945;Museo Pio-Clementino
N;N2945.5;Museo profano lateranense
N;N2947;Pinacoteca (1932- )
N;N2950;Cappella sistina
N;N2966;Collective
N;N2987.A-Z;Other, A-Z
N;N3010;Collective
N;N3042.A-Z;Other, A-Z
N;N3110;Collective
N;N3118;Collective
N;N3124;Collective
N;N3135.A-Z;Other cities, A-Z
N;N3150;Collective
N;N3150.35;"Centrum Sztuki Współczesnej ""Łaźnia"""
N;N3152.32.A-Z;Special collections. By name, A-Z
N;N3165.7;Collective
N;N3210;Collective
N;N3228;Collective
N;N3231.A-Z;Other, A-Z
N;N3235;Collective
N;N3236.A-Z;Special museums, A-Z
N;N3310;Collective
N;N3310.15.A-Z;By region, republic, country, etc., A-Z
N;N3313.5;"Dushanbe (Tajikistan). Respublikanskiĭ ob""edinennyĭ muzeĭ istoriko-kraevedcheskiĭ i"
N;N3315.9;Collective
N;N3317.92;Kizhi Island. Gosudarstvennyĭ istoriko-arkhitekturnyĭ i ėthnograficheskiĭ muzeĭ-
N;N3318.9;Collective
N;N3319.6;Mineral'nye Vody (Russia). Stavropolskiĭ Kraevoĭ muzeĭ izobrazitelnykh iskussto
N;N3320;Collective
N;N3320.3;Gosudarstvennyĭ muzeĭ iskusstva narodov Vostoka. Otdel Sovetskogo Vostoka
N;N3323.15;Muzeĭ dekorativno-prikladnogo i promyshlennogo iskusstva MGKhPA imeni S.G.
N;N3327;Nikolaev (Nikolaevskaia͡ oblast'). Mykolaĭvs'kyĭ khudozhniĭ muzeĭ imenii V.V.
N;N3328.5;Collective
N;N3340;Collective
N;N3350.2.A-Z;Special galleries. By name, A-Z
N;N3351.2;Saratov (City). Gosudarstvennyĭ khudozh͡estvennyĭ muzeĭ imeni A.N. Radishcheva
N;N3355.7;Smolensk. Smolenskiĭ gosudarstvennyĭobe̋dinennyĭ istoricheskiĭ i arkhitekturno-
N;N3410;General
N;N3410.2.A-Z;By region, province, etc., A-Z
N;N3410.3;Collective
N;N3415.22;Collective
N;N3415.26;Collective
N;N3429;Lérida (Collective)
N;N3430;Collective
N;N3455.A-Z;Other museums, A-Z
N;N3458;Collective
N;N3471.A-Z;Other, A-Z
N;N3474;Collective
N;N3485;Collective
N;N3486.A-Z;Special, A-Z
N;N3497;Villafranca de Panadés. Collective
N;N3499;Zamora. Disputación de Zamora
N;N3510;Collective
N;N3538;Collective
N;N3545.A-Z;Other, A-Z
N;N3610;Collective
N;N3610.5.A-Z;By region, A-Z
N;N3635;Collective
N;N3645;Collective
N;N3655.A-Z;Other Swiss museums. By city, A-Z
N;N3690.A-Z;Other European countries. By country and city, A-Z
N;N3700;Collective
N;N3710.A-Z;By region, A-Z
N;N3720;India. Collective
N;N3735;Japan. Collective
N;N3740.A-Z;Other Asian countries, A-Z
N;N3750.A-Z;Special museums of Asia. By city, etc., A-Z
N;N3800;Collective
N;N3810.A-Z;Special countries, A-Z
N;N3885.A-Z;Other museums of Africa. By city, etc., A-Z
N;N3890.A-Z;Indian Ocean islands. By city, A-Z
N;N3910;General
N;N3976;Collective
N;N3990.A-Z;Pacific islands. By city, A-Z
N;N3998;Art documentation
N;N3999;Provenance of art
N;N4000;General
N;N4010.A-Z;United States. By city and institution, A-Z
N;N4015.A-Z;Other countries. By country and city, A-Z
N;N4020.A-Z;United States. By collector, A-Z
N;N4025.A-Z;Other countries. By collector, A-Z
N;N4030;Select lists for libraries, etc.
N;N4035.A-Z;Trade catalogs. Catalogs of reproductions. By firm, A-Z
N;N4039;General
N;N4040.A-Z;Trade catalogs. By firm, A-Z
N;N4042.A-Z;Catalogs of public and private collections. By name of institution or collector, A-Z
N;N4390;Periodicals. Societies. Collections
N;N4392.A-Z;Documents. By country, A-Z
N;N4395;General works. History. Organization, etc.
N;N4396;General special
N;N4396.5;Art exhibition audiences
N;N4397;Miscellaneous. Essays, etc.
N;N4402;Aberdeen (Table N10)
N;N4405;Agra (Table N10)
N;N4407;Alexandria (Table N10)
N;N4410;Algiers (Table N10)
N;N4414;1859 (Table N10)
N;N4415;1869 (Table N10)
N;N4416;1883 (Table N10)
N;N4420;Before 1930 (Table N10)
N;N4421;Later (by date) (Table N10)
N;N4424;Athens (Table N10)
N;N4426;1881 (Table N10)
N;N4427;1895 (Table N10)
N;N4427.5;Later (by date) (Table N10)
N;N4429;Bahia (Table N10)
N;N4430;Baltimore (Table N10)
N;N4433;Barcelona (Table N10)
N;N4436;Basel (Table N10)
N;N4439;Batavia (Table N10)
N;N4440;Berlin (Table N10)
N;N4442;Bern (Table N10)
N;N4450;Birmingham (Table N10)
N;N4452;Bogotá (Table N10)
N;N4453;Bombay (Table N10)
N;N4456;Bordeaux (Aquitaine) (Table N10)
N;N4460;Boston (Table N10)
N;N4463;Brisbane (Table N10)
N;N4465;Brussels (Table N10)
N;N4475;Bucharest (Table N10)
N;N4478;Budapest (Table N10)
N;N4482;Buenos Aires (Table N10)
N;N4485;Buffalo (Table N10)
N;N4486;Burgos (Table N10)
N;N4488;Calcutta (Table N10)
N;N4491;Canton (Table N10)
N;N4494;Cape Town (Table N10)
N;N4495;Caracas (Table N10)
N;N4497;Charleston (Table N10)
N;N4499;1873 (Table N10)
N;N4500;1893 (Table N10)
N;N4501;1933-1934 (Table N10)
N;N4502;Later (by date) (Table N10)
N;N4515;1879 (Table N10)
N;N4516;1888 (Table N10)
N;N4517;Later (by date) (Table N10)
N;N4520;Cleveland (Table N10)
N;N4525;Constantinople (Table N10)
N;N4535;Copenhagen (Table N10)
N;N4536;Cordova (Table N10)
N;N4537;Cork (Table N10)
N;N4540;Curitiba (Table N10)
N;N4543;Dallas (Table N10)
N;N4545;Denver (Table N10)
N;N4550;Detroit (Table N10)
N;N4555;Dresden (Table N10)
N;N4560;Dublin (Table N10)
N;N4561;Duluth (Table N10)
N;N4565;Dunedin (Table N10)
N;N4570;Edinburgh (Table N10)
N;N4590;Florence (Table N10)
N;N4606;Geneva (Table N10)
N;N4610;Genoa (Table N10)
N;N4614;Ghent (Table N10)
N;N4618;Glasgow (Table N10)
N;N4619;Gratz (Table N10)
N;N4620;Guatemala (Table N10)
N;N4621;Haarlem (Table N10)
N;N4624;Hague (Table N10)
N;N4631;Hamburg (Table N10)
N;N4633;Hanoi (Table N10)
N;N4635;Havana (Table N10)
N;N4640;Hong Kong (Table N10)
N;N4645;Indianapolis (Table N10)
N;N4647;Ivano-Frankivsʹk (Table N10)
N;N4648;Jamestown (Table N10)
N;N4650;Johannesburg (Table N10)
N;N4655;Klagenfurt (Table N10)
N;N4660;Leeds (Table N10)
N;N4665;Leipzig (Table N10)
N;N4670;1905 (Table N10)
N;N4672;1939 (Table N10)
N;N4673;Later (by date) (Table N10)
N;N4675;Lima (Table N10)
N;N4681;Lisbon (Table N10)
N;N4684;Liverpool (Table N10)
N;N4690;1851 (Table N10)
N;N4691;1862 (Table N10)
N;N4695;1871 (Table N10)
N;N4697;1887 (Table N10)
N;N4700;Later (by date) (Table N10)
N;N4710;Lyons (Table N10)
N;N4715;Madrid (Table N10)
N;N4719;Manchester (Table N10)
N;N4723;Manila (Table N10)
N;N4727;Marseilles (Table N10)
N;N4730;1861 (Table N10)
N;N4731;1880-1881 (Table N10)
N;N4732;1888-1889 (Table N10)
N;N4733;Later (by date) (Table N10)
N;N4739;Memphis (Table N10)
N;N4742;Mexico (Table N10)
N;N4745;Milwaukee (Table N10)
N;N4748;Minneapolis (Table N10)
N;N4752;Montreal (Table N10)
N;N4757;Moscow (Table N10)
N;N4762;Munich (Table N10)
N;N4766;Nagasaki (Table N10)
N;N4770;Nanking (Table N10)
N;N4773;Naples (Table N10)
N;N4775;Nashville (Table N10)
N;N4777;New Orleans (Table N10)
N;N4783;1853-1854 (Table N10)
N;N4784;Later (by date) (Table N10)
N;N4793;Odessa (Table N10)
N;N4796;Omaha (Table N10)
N;N4796.5;Osaka (Table N10)
N;N4797;Oslo (Christiania) (Table N10)
N;N4799;Before 1855 (Table N10)
N;N4800;1855 (Table N10)
N;N4801;1867 (Table N10)
N;N4802;1878 (Table N10)
N;N4803;1889 (Table N10)
N;N4804;1900 (Table N10)
N;N4805;1937 (Table N10)
N;N4806;Later (by date) (Table N10)
N;N4820;Peking (Table N10)
N;N4825;Philadelphia, 1876 (Table N10)
N;N4828;Pisa (Table N10)
N;N4830;Pittsburgh (Table N10)
N;N4834;Portland, Oreg. (Table N10)
N;N4836;Prague (Table N10)
N;N4840;Rio de Janeiro (Table N10)
N;N4850;Rome (Table N10)
N;N4860;St. Louis (Table N10)
N;N4865;St. Paul (Table N10)
N;N4868;St. Petersburg (Table N10)
N;N4873;1915 (Table N10)
N;N4873.2;1935 (Table N10)
N;N4873.3;Later (by date) (Table N10)
N;N4874;1915 (Table N10)
N;N4875;1939 (Table N10)
N;N4875.5;Later (by date) (Table N10)
N;N4877;San Jose (Table N10)
N;N4879;1873 (Table N10)
N;N4880;1875 (Table N10)
N;N4883;1910 (Table N10)
N;N4883.2;Later (by date) (Table N10)
N;N4883.5;São Paulo (Table N10)
N;N4884;Saragossa (Table N10)
N;N4885;Schwerin (Table N10)
N;N4888;Seattle (Table N10)
N;N4892;Seoul (Table N10)
N;N4894;Seville (Table N10)
N;N4896;Shanghai (Table N10)
N;N4910;Stockholm (Table N10)
N;N4920;Sydney (Table N10)
N;N4937;Tokyo (Table N10)
N;N4940;Toronto (Table N10)
N;N4944;Trieste (Table N10)
N;N4947;Turin (Table N10)
N;N4949;Valladolid (Table N10)
N;N4951;Valparaiso (Table N10)
N;N4955;Venice (Table N10)
N;N4960;1873 (Table N10)
N;N4961;Later (by date) (Table N10)
N;N4975;Warsaw (Table N10)
N;N4983;Washington (Table N10)
N;N4990;Yokohama (Table N10)
N;N4992;Zagreb (Agram) (Table N10)
N;N4995;Zurich (Table N10)
N;N5015.A-Z;Societies not limited to one city. By name, A-Z
N;N5020.A-Z;Exhibitions in special cities. By city and by museum or other place of exhibition, A-Z
N;N5030.A-Z;Other American exhibitions. By city, A-Z
N;N5050;Collective
N;N5051;Collective
N;N5053;Collective
N;N5054;Royal Academy
N;N5055.A-Z;Other London exhibitions. By museum, A-Z
N;N5056.A-Z;Other British cities. By city, A-Z
N;N5060.A-Z;Austria. By city or other place of exhibition, A-Z
N;N5061.A-Z;Belgium. By city or other place of exhibition, A-Z
N;N5062.A-Z;Denmark. By city or other place of exhibition, A-Z
N;N5063;Collective
N;N5064;Collective
N;N5065;The two salons
N;N5066;Salon of the Société des artistes français
N;N5067;Salon of the Société nationale des beaux-arts
N;N5068.A-Z;Other Paris exhibitions. By museum, A-Z
N;N5069.A-Z;Other French cities. By city, A-Z
N;N5070.A-Z;Germany. By city or other place of exhibition, A-Z
N;N5071.A-Z;Greece. By city or other place of exhibition, A-Z
N;N5072.A-Z;Holland. By city or other place of exhibition, A-Z
N;N5072.5;Collective
N;N5073.A-Z;Individual exhibitions. By city or other place of exhibition, A-Z
N;N5074.A-Z;Norway. By city or other place of exhibition, A-Z
N;N5075.A-Z;Portugal. By city or other place of exhibition, A-Z
N;N5076.A-Z;Russia. By city or other place of exhibition, A-Z
N;N5076.5;Collective
N;N5077.A-Z;Individual exhibitions. By city or other place of exhibition, A-Z
N;N5078.A-Z;Sweden. By city or other place of exhibition, A-Z
N;N5079.A-Z;Switzerland. By city or other place of exhibition, A-Z
N;N5080.A-Z;Other European. By city or other place of exhibition, A-Z
N;N5085.A-Z;Asia. By city or other place of exhibition, A-Z
N;N5090.A-Z;Africa. By city or other place of exhibition, A-Z
N;N5095.A-Z;Australia. By city or other place of exhibition, A-Z
N;N5097.A-Z;New Zealand. By city or other place of exhibition, A-Z
N;N5098.A-Z;Pacific islands. By city or other place of exhibition, A-Z
N;N5198;Periodicals
N;N5200;General works
N;N5201;General works
N;N5201.5.A-Z;By region or state, A-Z
N;N5202.A-Z;Other regions or countries, A-Z
N;N5203;Collectors' marks
N;N5205;General works
N;N5205.5;General works
N;N5205.7.A-Z;By region or country, A-Z
N;N5206;General works
N;N5207;General works
N;N5207.5.A-Z;Special. By collector or patron, A-Z
N;N5208.A-Z;Other regions or countries, A-Z
N;N5210;General works
N;N5213;General works
N;N5215;General works
N;N5216.A-Z;By region or state, A-Z
N;N5220.A-Z;Special. By collector, A-Z
N;N5230.A-Z;Other American. By country, A-Z
N;N5240;General works
N;N5245;General works
N;N5247.A-Z;Special. By collector, A-Z
N;N5250;General works
N;N5252.A-Z;Special. By collector, A-Z
N;N5255;General works
N;N5255.2.A-Z;Special. By collector, A-Z
N;N5256;General works
N;N5256.2.A-Z;Special. By collector, A-Z
N;N5257;General works
N;N5258.A-Z;Special. By collector, A-Z
N;N5260;General works
N;N5262.A-Z;Special. By collector, A-Z
N;N5265;General works
N;N5267.A-Z;Special. By collector, A-Z
N;N5270;General works
N;N5271.A-Z;Special. By collector, A-Z
N;N5272;General works
N;N5272.2.A-Z;Special. By collector, A-Z
N;N5273;General works
N;N5273.2.A-Z;Special. By collector, A-Z
N;N5274;General works
N;N5274.2.A-Z;Special. By collector, A-Z
N;N5275;General works
N;N5275.2.A-Z;Special. By collector, A-Z
N;N5276;General works
N;N5276.2.A-Z;Special. By collector, A-Z
N;N5277;General works
N;N5277.2.A-Z;Special. By collector, A-Z
N;N5278;General works
N;N5278.2.A-Z;Special. By collector, A-Z
N;N5279;General works
N;N5279.2.A-Z;Special. By collector, A-Z
N;N5280.A-Z;Other European countries. By country, A-Z
N;N5284;General works
N;N5285.A-Z;By region or country, A-Z
N;N5289;General works
N;N5290.A-Z;By region or country, A-Z
N;N5295;General works
N;N5296.A-Z;Special. By collector, A-Z
N;N5297;General works
N;N5298.A-Z;Special. By collector, A-Z
N;N5299.A-Z;Pacific islands. By collector, A-Z
N;N5300;General works
N;N5301;Illustrations
N;N5302;Compends
N;N5303;General special
N;N5305;General works
N;N5306;Chronological lists
N;N5308;Juvenile works
N;N5310;General works
N;N5310.5.A-Z;Special continents, regions, countries, etc., A-Z
N;N5310.7;Periodicals. Societies. Congresses
N;N5310.75.A-Z;United States. By city and museum, A-Z
N;N5310.8.A-Z;Other countries. By country and city, A-Z
N;N5310.9.A-Z;Private collections. By collector, A-Z
N;N5311;General works
N;N5312;Periodicals. Societies. Congresses. Collections
N;N5313;General works
N;N5315;Ancient and medieval art
N;N5320;Periodicals
N;N5325;Societies
N;N5327;Congresses
N;N5328;Dictionaries
N;N5329;History and method of artistic archaeology
N;N5330;General works
N;N5331;Folios
N;N5333;General special
N;N5334;Pictorial works
N;N5335.A-Z;United States. By city and museum, A-Z
N;N5336.A-Z;Other countries. By country and city, A-Z
N;N5337.A-Z;Private collections. By collector, A-Z
N;N5340;Miscellaneous groups of countries
N;N5343;Ancient Oriental art (General)
N;N5345;Classic Orient (Egypt and southwestern Asia)
N;N5350;General works
N;N5351;Folios
N;N5360;Bactria
N;N5370;Chaldea. Babylonia. Assyria. Mesopotamia. Elam. Sumer
N;N5380;Ninevah
N;N5385;Hittite art
N;N5390;Persia. Media
N;N5410;General works
N;N5420;Carthage
N;N5430;Cyprus
N;N5440;Sardinia
N;N5460;Judea. Syria
N;N5470;Arabia
N;N5475;Aegean Sea Region
N;N5480;General works
N;N5490;Cappadocia
N;N5510;Galatia
N;N5520;Gordion
N;N5530;Lycia
N;N5540;Mysia
N;N5545;Pergamum
N;N5550;Phrygia
N;N5560;Troy (Ilium)
N;N5603.A-Z;United States. By city and museum, A-Z
N;N5604.A-Z;Other countries. By country and city, A-Z
N;N5605;Collected works
N;N5610;Treatises
N;N5613;General special
N;N5615;Pictorial works
N;N5630;General works
N;N5633;General special
N;N5634.A-Z;Catalogs of collections. By collection, A-Z
N;N5635.A-Z;Catalogs of exhibitions. By place, A-Z
N;N5640;Aegina
N;N5645;Argos
N;N5650;Athens
N;N5653;Boeotia
N;N5654;Corfu
N;N5655;Corinth
N;N5660;Crete
N;N5670;Delos
N;N5672;Delphi
N;N5680;Dordona
N;N5683;Ephesus
N;N5687;Macedonia
N;N5688;Megara
N;N5690;Melos
N;N5700;Mycenae
N;N5702;Olynthus
N;N5704;Peloponnesus
N;N5706;Rhodes (Island)
N;N5708;Sicyon. Sicyonia
N;N5709;Sparta
N;N5710;Tanagra
N;N5720;Tiryns
N;N5740;General works
N;N5750;Etruria
N;N5751;Folios
N;N5752;Friuli (Province)
N;N5753;Magna Grecia
N;N5755;Campania
N;N5758;Veneto
N;N5760;General works
N;N5761;Folios
N;N5763;General special
N;N5769;General works
N;N5770;Pompeii
N;N5771;Folios
N;N5775;Herculaneum
N;N5790.A-Z;Other cities, A-Z
N;N5801-5896.3;Other regions or countries (Table N1)
N;N5899.A-Z;Other ancient, A-Z
N;N5925;Celtic art
N;N5930;Old Germanic art
N;N5940;Medieval and modern art
N;N5941;Folios
N;N5950;Periodicals
N;N5960;Societies
N;N5961;Congresses
N;N5963.A-Z;United States. By city and museum, A-Z
N;N5964.A-Z;Other countries. By country and city, A-Z
N;N5965;Dictionaries
N;N5970;Treatises
N;N5971;Folios
N;N5975;General special
N;N5976;Chronological lists
N;N6242;Visigothic art
N;N6243;Merovingian art
N;N6245;Carolingian art
N;N6246;Albigensian art
N;N6250;Byzantine art
N;N6260;General works
N;N6261;Folios
N;N6263.A-Z;United States. By city and museum, A-Z
N;N6264.A-Z;Other countries. By country and city, A-Z
N;N6270;Moors in Spain
N;N6271;Folios
N;N6272;Ottoman art outside of Turkey
N;N6275;Viking art
N;N6280;Romanesque art
N;N6300;Crusader art
N;N6310;General works
N;N6311;Folios
N;N6313.A-Z;United States. By city and institution, A-Z
N;N6314.A-Z;Other countries. By country and city, A-Z
N;N6316;Early Gothic
N;N6318;High Gothic
N;N6320;Late Gothic
N;N6350;General works
N;N6351;Folios
N;N6351.2.A-Z;Special aspects or movements, A-Z
N;N6370;General works
N;N6371;General works
N;N6372.A-Z;Special aspects or movements, A-Z
N;N6374;General works
N;N6375.A-Z;Special aspects or movements, A-Z
N;N6407;General works
N;N6410;General works
N;N6415.A-Z;Special aspects or movements, A-Z
N;N6420;General works
N;N6425.A-Z;Special aspects or movements, A-Z
N;N6447;General works
N;N6447.5;Art movements (General)
N;N6448.A-Z;Special exhibitions, etc., A-Z
N;N6450;General works
N;N6460;Special. By year
N;N6465.A-Z;Special aspects or movements, A-Z
N;N6480;Periodicals
N;N6485;Congresses
N;N6485.2;Dictionaries
N;N6485.3;Directories
N;N6486;Collective
N;N6487.A-Z;United States. By city and museum, A-Z
N;N6488.A-Z;Other countries. By country and city, A-Z
N;N6488.5.A-Z;Private collections. By collector, A-Z
N;N6489;Collective biography
N;N6490;General works
N;N6490.3;Film catalogs
N;N6490.4;Art movements (General)
N;N6490.6;Artistic collaboration. Artist couples
N;N6493;Special, by year or brief span of years
N;N6494.A-Z;Special aspects or movements, A-Z
N;N6495;Periodicals
N;N6495.3;Congresses
N;N6495.5;Directories
N;N6495.8;Collective
N;N6496.A-Z;United States. By city and museum, A-Z
N;N6496.3.A-Z;Other countries. By country and city, A-Z
N;N6496.5.A-Z;Private collections. By collector, A-Z
N;N6496.8;Collective biography
N;N6497;General works
N;N6498.A-Z;Special aspects or movements, A-Z
N;N6501-7414;Special regions or countries (Table N5 modified)
N;N6502;General works
N;N6502.2;General works
N;N6502.3.A-Z;Special aspects or movements, A-Z
N;N6502.4;General works
N;N6502.45.A-Z;Special aspects or movements, A-Z
N;N6502.5;General works
N;N6502.57.A-Z;Special aspects or movements, A-Z
N;N6503;North America
N;N6505;General works
N;N6505.5.A-Z;Special aspects or movements, A-Z
N;N6507;General works
N;N6507.5.A-Z;Special aspects or movements, A-Z
N;N6510;General works
N;N6510.5.A-Z;Special aspects or movements, A-Z
N;N6512;General works
N;N6512.5.A-Z;Special aspects or movements, A-Z
N;N6512.7;General works
N;N6512.75.A-Z;Special aspects or movements, A-Z
N;N6537.A-Z;Special artists, A-Z
N;N6540;General works
N;N6540.5.A-Z;Special aspects or movements, A-Z
N;N6544;General works
N;N6544.5.A-Z;Special aspects or movements, A-Z
N;N6545;General works
N;N6545.5.A-Z;Special aspects or movements, A-Z
N;N6545.6;General works
N;N6545.65.A-Z;Special aspects or movements, A-Z
N;N6555;General works
N;N6555.5.A-Z;Special aspects or movements, A-Z
N;N6555.6;General works
N;N6555.65.A-Z;Special aspects or movements, A-Z
N;N6560.2;20th century
N;N6573.2;General works
N;N6573.5.A-Z;Special aspects or movements, A-Z
N;N6576.2;General works
N;N6576.5.A-Z;Special aspects or movements, A-Z
N;N6576.7;General works
N;N6576.8.A-Z;Special aspects or movements, A-Z
N;N6582.2;General works
N;N6582.5.A-Z;Special aspects or movements, A-Z
N;N6603.2;General works
N;N6603.5.A-Z;Special aspects or movements, A-Z
N;N6603.6;General works
N;N6603.7.A-Z;Special aspects or movements, A-Z
N;N6606.2;General works
N;N6606.5.A-Z;Special aspects or movements, A-Z
N;N6606.6;General works
N;N6606.65.A-Z;Special aspects or movements, A-Z
N;N6609;General
N;N6610.A-Z;Local, A-Z
N;N6611.A-Z;Special artists, A-Z
N;N6612.2;General works
N;N6612.5.A-Z;Special aspects or movements, A-Z
N;N6635;General works
N;N6635.5.A-Z;Special aspects or movements, A-Z
N;N6635.6;General works
N;N6635.65.A-Z;Special aspects or movements, A-Z
N;N6655;General works
N;N6655.5.A-Z;Special aspects or movements, A-Z
N;N6655.6;General works
N;N6655.65.A-Z;Special aspects or movements, A-Z
N;N6665;General works
N;N6665.5.A-Z;Special aspects or movements, A-Z
N;N6675;General works
N;N6675.5.A-Z;Special aspects or movements, A-Z
N;N6675.6;General works
N;N6675.65.A-Z;Special aspects or movements, A-Z
N;N6685;General works
N;N6685.5.A-Z;Special aspects or movements, A-Z
N;N6713;General works
N;N6713.5.A-Z;Special aspects or movements, A-Z
N;N6715;General works
N;N6715.5.A-Z;Special aspects or movements, A-Z
N;N6730;General works
N;N6730.5.A-Z;Special aspects or movements, A-Z
N;N6734;General works
N;N6734.5.A-Z;Special aspects or movements, A-Z
N;N6735;General works
N;N6735.5.A-Z;Special aspects or movements, A-Z
N;N6756;General works
N;N6756.5.A-Z;Special aspects or movements, A-Z
N;N6757;General works
N;N6757.5.A-Z;Special aspects or movements, A-Z
N;N6758;General works
N;N6758.5.A-Z;Special aspects or movements, A-Z
N;N6758.6;General works
N;N6758.65.A-Z;Special aspects or movements, A-Z
N;N6766;General works
N;N6766.5.A-Z;Special aspects or movements, A-Z
N;N6767;General works
N;N6767.5.A-Z;Special aspects or movements, A-Z
N;N6768;General works
N;N6768.5.A-Z;Special aspects or movements, A-Z
N;N6768.6;General works
N;N6768.65.A-Z;Special aspects or movements, A-Z
N;N6779;General works
N;N6779.5.A-Z;Special aspects or movements, A-Z
N;N6788;General works
N;N6788.5.A-Z;Special aspects or movements, A-Z
N;N6789;General works
N;N6789.5.A-Z;Special aspects or movements, A-Z
N;N6805;General works
N;N6805.5.A-Z;Special aspects or movements, A-Z
N;N6806;General works
N;N6806.5.A-Z;Special aspects or movements, A-Z
N;N6807;General works
N;N6807.5.A-Z;Special aspects or movements, A-Z
N;N6808;General works
N;N6808.5.A-Z;Special aspects or movements, A-Z
N;N6819;General works
N;N6819.5.A-Z;Special aspects or movements, A-Z
N;N6820;General works
N;N6820.5.A-Z;Special aspects or movements, A-Z
N;N6820.6;General works
N;N6820.65.A-Z;Special aspects or movements, A-Z
N;N6828;General works
N;N6828.5.A-Z;Special aspects or movements, A-Z
N;N6830;General works
N;N6830.5.A-Z;Special aspects or movements, A-Z
N;N6831;General works
N;N6831.5.A-Z;Special aspects or movements, A-Z
N;N6845;General works
N;N6845.5.A-Z;Special aspects, A-Z
N;N6846;General works
N;N6846.5.A-Z;Special aspects or movements, A-Z
N;N6847;General works
N;N6847.5.A-Z;Special aspects or movements, A-Z
N;N6848;General works
N;N6848.5.A-Z;Special aspects or movements, A-Z
N;N6848.6;General works
N;N6848.65.A-Z;Special aspects or movements, A-Z
N;N6850;Paris
N;N6853.A-Z;Special artists, A-Z
N;N6865;General works
N;N6865.5.A-Z;Special aspects or movements, A-Z
N;N6866;General works
N;N6866.5.A-Z;Special aspects or movements, A-Z
N;N6867;General works
N;N6867.5.A-Z;Special aspects or movements, A-Z
N;N6868;General works
N;N6868.5.A-Z;Special aspects or movements, A-Z
N;N6868.6;General works
N;N6868.65.A-Z;Special aspects or movements, A-Z
N;N6896;General works
N;N6896.5.A-Z;Special aspects or movements, A-Z
N;N6897;General works
N;N6897.5.A-Z;Special aspects or movements, A-Z
N;N6898;General works
N;N6898.5.A-Z;Special aspects or movements, A-Z
N;N6898.6;General works
N;N6898.65.A-Z;Special aspects or movements, A-Z
N;N6915;General works
N;N6915.5.A-Z;Special aspects or movements, A-Z
N;N6916;General works
N;N6916.5.A-Z;Special aspects or movements, A-Z
N;N6917;General works
N;N6917.5.A-Z;Special aspects or movements, A-Z
N;N6918;General works
N;N6918.5.A-Z;Special aspects or movements, A-Z
N;N6918.6;General works
N;N6918.65.A-Z;Special aspects or movements, A-Z
N;N6923.A-Z;Special artists, A-Z
N;N6945;General works
N;N6945.5.A-Z;Special aspects or movements, A-Z
N;N6946;General works
N;N6946.5.A-Z;Special aspects or movements, A-Z
N;N6947;General works
N;N6947.5.A-Z;Special aspects or movements, A-Z
N;N6948;General works
N;N6948.5.A-Z;Special aspects or movements, A-Z
N;N6953.A-Z;Special artists, A-Z
N;N6967;General works
N;N6967.5.A-Z;Special aspects or movements, A-Z
N;N6968;General works
N;N6968.5.A-Z;Special aspects or movements, A-Z
N;N6968.6;General works
N;N6968.65.A-Z;Special aspects or movements, A-Z
N;N6973.A-Z;Special artists, A-Z
N;N6986;General works
N;N6986.5.A-Z;Special aspects or movements, A-Z
N;N6987;General works
N;N6987.5.A-Z;Special aspects or movements, A-Z
N;N6988;General works
N;N6988.3;Artistic collaboration. Artist couples
N;N6988.5.A-Z;Special aspects or movements, A-Z
N;N6989;General works
N;N6989.5.A-Z;Special aspects or movements, A-Z
N;N7007;General works
N;N7007.5.A-Z;Special aspects or movements, A-Z
N;N7008;General works
N;N7008.5.A-Z;Special aspects or movements, A-Z
N;N7016;General works
N;N7016.5.A-Z;Special aspects or movements, A-Z
N;N7017;General works
N;N7017.5.A-Z;Special aspects or movements, A-Z
N;N7018;General works
N;N7018.5.A-Z;Special aspects or movements, A-Z
N;N7018.6;General works
N;N7018.65.A-Z;Special aspects or movements, A-Z
N;N7067;General works
N;N7067.5.A-Z;Special aspects or movements, A-Z
N;N7068;General works
N;N7068.5.A-Z;Special aspects or movements, A-Z
N;N7086;General works
N;N7086.5.A-Z;Special aspects or movements, A-Z
N;N7088;General works
N;N7088.5.A-Z;Special aspects or movements, A-Z
N;N7105;General works
N;N7105.5.A-Z;Special aspects or movements, A-Z
N;N7106;General works
N;N7106.5.A-Z;Special aspects or movements, A-Z
N;N7107;General works
N;N7107.5.A-Z;Special aspects or movements, A-Z
N;N7108;General works
N;N7108.5.A-Z;Special aspects or movements, A-Z
N;N7108.6;General works
N;N7108.65.A-Z;Special aspects or movements, A-Z
N;N7125;General works
N;N7125.5.A-Z;Special aspects or movements, A-Z
N;N7126;General works
N;N7126.5.A-Z;Special aspects or movements, A-Z
N;N7127;General works
N;N7127.5.A-Z;Special aspects or movements, A-Z
N;N7128;General works
N;N7128.5.A-Z;Special aspects or movements, A-Z
N;N7128.6;General works
N;N7128.65.A-Z;Special aspects or movements, A-Z
N;N7146;General works
N;N7146.5.A-Z;Special aspects or movements, A-Z
N;N7147;General works
N;N7147.5.A-Z;Special aspects or movements, A-Z
N;N7148;General works
N;N7148.5.A-Z;Special aspects or movements, A-Z
N;N7148.6;General works
N;N7148.65.A-Z;Special aspects or movements, A-Z
N;N7153.A-Z;Special artists, A-Z
N;N7166;General works
N;N7166.5.A-Z;Special aspects or movements, A-Z
N;N7168;General works
N;N7168.5.A-Z;Special aspects or movements, A-Z
N;N7187;General works
N;N7187.5.A-Z;Special aspects or movements, A-Z
N;N7188;General works
N;N7188.5.A-Z;Special aspects or movements, A-Z
N;N7227;General works
N;N7227.5.A-Z;Special aspects or movements, A-Z
N;N7228;General works
N;N7228.5.A-Z;Special aspects or movements, A-Z
N;N7247;General works
N;N7247.5.A-Z;Special aspects or movements, A-Z
N;N7248;General works
N;N7248.5.A-Z;Special aspects or movements, A-Z
N;N7277-7279;Israel. Palestine
N;N7277.5.A-Z;Special aspects, A-Z
N;N7280-7289;Iran. Persia
N;N7285.5.A-Z;Special aspects or movements, A-Z
N;N7304;General works
N;N7304.5.A-Z;Special aspects or movements
N;N7305;General works
N;N7305.5.A-Z;Special aspects or movements, A-Z
N;N7327;General works
N;N7327.15;General works
N;N7327.17.A-Z;Special aspects, A-Z
N;N7327.2;General works
N;N7327.5.A-Z;Special aspects or movements, A-Z
N;N7327.6;General works
N;N7327.7.A-Z;Special aspects or movements, A-Z
N;N7343.5;General works
N;N7343.53.A-Z;Special aspects or movements, A-Z
N;N7345;General works
N;N7345.5.A-Z;Special aspects or movements, A-Z
N;N7345.6;General works
N;N7345.65.A-Z;Special aspects or movements, A-Z
N;N7353.3;General works
N;N7353.35.A-Z;Special aspects or movements, A-Z
N;N7353.4;General works
N;N7353.44.A-Z;Special aspects or movements, A-Z
N;N7353.5;General works
N;N7353.6.A-Z;Special aspects or movements, A-Z
N;N7354;General works
N;N7354.5;General works
N;N7354.6.A-Z;Special aspects or movements, A-Z
N;N7355;General works
N;N7355.3;General works
N;N7355.35.A-Z;Special aspects or movements, A-Z
N;N7355.5.A-Z;Special aspects or movements, A-Z
N;N7365.5.A-Z;Special aspects or movements, A-Z
N;N7365.6;General works
N;N7365.65.A-Z;Special aspects or movements, A-Z
N;N7381.7;General works
N;N7381.75.A-Z;Special aspects or movements, A-Z
N;N7382;Coptic art
N;N7392;General works
N;N7392.2;General works
N;N7392.5.A-Z;Special aspects or movements, A-Z
N;N7400;General works
N;N7400.15;General works
N;N7400.17.A-Z;Special aspects or movements, A-Z
N;N7400.2;General works
N;N7400.5.A-Z;Special aspects or movements, A-Z
N;N7400.65.A-Z;Special aspects or movements, A-Z
N;N7406.5;General works
N;N7406.6.A-Z;Special aspects or movements, A-Z
N;N7406.7;General works
N;N7406.75.A-Z;Special aspects or movements, A-Z
N;N7414.5;Carmelite art
N;N7414.75.A-Z;United States. By city and museum, A-Z
N;N7414.8.A-Z;Other countries. By country and city, A-Z
N;N7414.9.A-Z;Private collections. By collector, A-Z
N;N7415;General works
N;N7416;General special
N;N7417;General works
N;N7417.3;Middle ages
N;N7417.5;16th-18th centuries
N;N7417.6;19th-20th centuries
N;N7417.7;21st century
N;N7418;Jewish artists (Collective biography)
N;N7420;Early works to 1800
N;N7424;Polyglot
N;N7425;English
N;N7425.3;French
N;N7425.4;German
N;N7425.5;Italian
N;N7425.55;Russian
N;N7425.6;Spanish and Portuguese
N;N7425.8.A-Z;Other languages, A-Z
N;N7428;General special
N;N7428.5;Comparative art
N;N7429;Influences of Oriental, or Islamic art on Western art, and vice versa
N;N7429.2;Extraterrestrial influences
N;N7429.3;Dissident art (General)
N;N7429.4;Ethnic art (General)
N;N7429.5;Popular culture
N;N7429.7;Early works through 1800
N;N7430;1801-
N;N7430.5;General special
N;N7430.7;Space as an element in visual art
N;N7431;General works
N;N7431.5;General special
N;N7432;General works
N;N7432.3;General special
N;N7432.5.A-Z;Special styles, A-Z
N;N7432.7;Color
N;N7433;Popular manuals
N;N7433.2;Abject art
N;N7433.3;General works
N;N7433.35.A-Z;Special regions or countries, A-Z
N;N7433.38.A-Z;Special aspects or movements, A-Z
N;N7433.4.A-Z;Special artists, A-Z
N;N7433.5;Artists' preparatory studies
N;N7433.6;Anamorphic art
N;N7433.65;Artists' films
N;N7433.7;Assemblage. Collage. Found objects
N;N7433.8;General works
N;N7433.83;Study and teaching
N;N7433.84.A-Z;Special regions or countries, A-Z
N;N7433.85.A-Z;Special artists, A-Z
N;N7433.88;Featherwork
N;N7433.9;Fiberwork
N;N7433.915;Interactive art
N;N7433.92;Multimedia art
N;N7433.93;Narrative art
N;N7433.94;New media art
N;N7433.95;Plastic art
N;N7433.96;Screens
N;N7433.97;Tableaux
N;N7433.975;Tondi
N;N7433.98;Triptychs
N;N7433.985;Walking
N;N7436.5;General works
N;N7436.52.A-Z;By region or country, A-Z
N;N7436.53.A-Z;By special artists, A-Z
N;N7437;Small art works
N;N7438;Popular works
N;N7440;Juvenile works
N;N7442;Polyglot
N;N7442.2;English
N;N7442.3;French
N;N7442.4;German
N;N7442.5;Italian
N;N7442.6;Spanish
N;N7442.8.A-Z;Other languages, A-Z
N;N7443;Polyglot
N;N7443.2;English
N;N7443.3;French
N;N7443.4;German
N;N7443.5;Italian
N;N7443.6;Spanish
N;N7443.8.A-Z;Other languages, A-Z
N;N7445;Polyglot
N;N7445.2;English
N;N7445.3;French
N;N7445.4;German
N;N7445.5;Italian
N;N7445.6;Spanish
N;N7445.8.A-Z;Other languages, A-Z
N;N7452;Several authors
N;N7460;Anecdotes and curiosities of art and artists
N;N7470;Facetiae
N;N7475;General works
N;N7476;General special
N;N7477;Popular works on art appreciation
N;N7479;Book reviews
N;N7480;Historiography
N;N7482;General
N;N7482.5;Women
N;N7483.A-Z;Individual, A-Z
N;N7485.A-Z;By region or country, A-Z
N;N7510;Periodicals
N;N7511;Folios
N;N7520;General collections
N;N7521;Folios
N;N7525;Indexes to illustrations (General). Repertoires
N;N7560;Choice of subject. Titles. Themes and motives
N;N7565;Iconography. Iconology
N;N7570;General works
N;N7572;Nude in art
N;N7573;Female nude in art
N;N7573.3;Faces in art. Heads in art
N;N7574;Artists' models
N;N7574.4;United States
N;N7574.5.A-Z;Other regions or countries, A-Z
N;N7575;General works
N;N7580;General works
N;N7582;Egyptian
N;N7585;General works
N;N7586;General works
N;N7587.A-Z;Special, A-Z
N;N7588;General works
N;N7589.A-Z;Special, A-Z
N;N7591.A-Z;Other, A-Z
N;N7592;General works
N;N7592.2;16th century
N;N7592.3;17th century
N;N7592.4;18th century
N;N7592.5;19th century
N;N7592.6;20th century
N;N7592.8;America
N;N7593;General works
N;N7593.1;17th-18th centuries
N;N7593.2;19th century
N;N7593.3;20th century
N;N7593.4;21st century
N;N7593.5;New England
N;N7593.6;South
N;N7593.65;Central
N;N7593.7;West
N;N7593.75;Pacific States
N;N7593.9.A-Z;Cities, A-Z
N;N7594;General works
N;N7595.A-Z;Special, A-Z
N;N7595.5;General works
N;N7596;Mexico
N;N7596.7;Central America
N;N7596.8;South America
N;N7597.A-Z;Special countries, A-Z
N;N7597.5;General works
N;N7598;General works
N;N7598.2;England
N;N7598.4;Wales
N;N7599;Scotland
N;N7600;Ireland
N;N7602;Austria
N;N7603;Belgium
N;N7604;France
N;N7605;Germany
N;N7606;Italy
N;N7607;Netherlands
N;N7608;Russia
N;N7609;General works
N;N7610.A-Z;Special countries, A-Z
N;N7611;General works
N;N7611.2;Spain
N;N7612;Portugal
N;N7613;Switzerland
N;N7613.5;Yugoslavia
N;N7614.A-Z;Other European countries, A-Z
N;N7614.5;General works
N;N7615.A-Z;Special countries, A-Z
N;N7615.2;General works
N;N7615.25;Sub-Saharan Africa
N;N7615.3.A-Z;Special countries, A-Z
N;N7615.4;Australia
N;N7615.5;New Zealand
N;N7615.9.A-Z;Other countries, A-Z
N;N7616;Portrait miniatures
N;N7618;General works
N;N7619;General works
N;N7619.2.A-Z;Local, A-Z
N;N7619.5.A-Z;Other regions or countries, A-Z
N;N7620;Indexes of portraits (General)
N;N7621.A-Z;United States. By city and institution, A-Z
N;N7621.2.A-Z;Other countries. By country and city, A-Z
N;N7622.A-Z;United States. By collector, A-Z
N;N7622.2.A-Z;Other countries. By country and collector, A-Z
N;N7623.A-Z;United States. By city and museum or other place of exhibition, A-Z
N;N7623.2.A-Z;Other countries. By country and city, A-Z
N;N7624.A-Z;Dealers' catalogs. By dealer, A-Z
N;N7624.5.A-Z;Auction catalogs. By firm, A-Z
N;N7625.5;General works
N;N7626;General works
N;N7627;General works
N;N7628.A-Z;Individual, A-Z
N;N7629.A-Z;United States. By city and museum or other place of exhibition, A-Z
N;N7629.2.A-Z;Other countries. By country and city, A-Z
N;N7630;General works
N;N7632;Minor collections, picture books, etc.
N;N7633;General works
N;N7634;American
N;N7635;English
N;N7638.A-Z;Other countries, A-Z
N;N7639.A-Z;Individual, A-Z
N;N7640;General works
N;N7642;Minor collections, picture books, etc.
N;N7643;General works
N;N7644;American
N;N7645;English
N;N7648.A-Z;Other countries, A-Z
N;N7649.A-Z;Individual, A-Z
N;N7650;General works
N;N7660;General works
N;N7662;Minor collections, picture books, etc.
N;N7663;Dinosaurs. Extinct animals. Prehistoric animals. Fossil animals
N;N7665;General works
N;N7666.A-Z;Special birds, A-Z
N;N7668.A-Z;Other animals, A-Z
N;N7680;Plants. Trees. Flowers
N;N7690;Devices
N;N7710;General works
N;N7725.A-Z;Other, A-Z
N;N7740;General works
N;N7742.A-Z;Special artists, A-Z
N;N7745.A-Z;Special, A-Z
N;N7750;Fables
N;N7760;General works
N;N7763.A-Z;Special subjects, A-Z
N;N7780;Proverbs
N;N7790;General works
N;N7793.A-Z;Special subjects, A-Z
N;N7810;Periodicals
N;N7820;Societies
N;N7820.5;Congresses
N;N7821;Catalogs (General)
N;N7822.A-Z;United States. By institution, A-Z
N;N7823.A-Z;Other countries. By country and city, A-Z
N;N7824.A-Z;United States. By collector, A-Z
N;N7824.2.A-Z;Other countries. By country and collector, A-Z
N;N7824.4.A-Z;United States. By city and museum or other place of exhibition, A-Z
N;N7824.5.A-Z;Other countries. By country and city, A-Z
N;N7825;Dictionaries
N;N7826.A-Z;Special firms, A-Z
N;N7828.A-Z;Dealers' catalogs. By dealer, A-Z
N;N7829;Sources
N;N7829.5;Study and teaching
N;N7830;General works
N;N7831;General special
N;N7832;Early Christian
N;N7840;Art of the catacombs
N;N7850;General works
N;N7852.5;Byzantine
N;N7853;Romanesque
N;N7853.5;Cistercian
N;N7854;Franciscan
N;N7857;Gothic
N;N7860;General works
N;N7862;Renaissance. Reformation. 15th and 16th centuries
N;N7865;17th century
N;N7870;18th century
N;N7875;19th century
N;N7880;20th century
N;N7901-7996.3;Special regions or countries (Table N1)
N;N8001.A-Z;Special denominations, A-Z
N;N8010;General works
N;N8012.A-Z;Special, A-Z
N;N8020;General works
N;N8023;Before 1700
N;N8025;1701-1820
N;N8026;1820-1875
N;N8027;1875-1965
N;N8028;1965-
N;N8030;General works
N;N8033;Before 1700
N;N8035;1701-1820
N;N8036;1820-1875
N;N8037;1875-1965
N;N8038;1965-
N;N8038.3;Creation in art
N;N8038.5;Apocalyptic art
N;N8040;God in art
N;N8045;Trinity in art
N;N8050;General works
N;N8051;Miracles
N;N8052;The Good Shepherd and similar figures in ancient art
N;N8052.4;General works
N;N8052.5;Mount of Olives
N;N8053;The crucifixion and the crucifix
N;N8053.2;Descent from the cross
N;N8053.5;Entombment. Holy Sepulcher in art
N;N8053.7;Descent into hell. Resurrection
N;N8054;Lord's Supper. Eucharist
N;N8055;Holy Spirit
N;N8060;Nativity. Holy Family
N;N8061;Star of Bethlehem
N;N8063;Adoration of the magi
N;N8064;Flight into Egypt
N;N8065;Crèches. Christmas crib
N;N8066;Temple visit at age twelve. Christ among the doctors
N;N8070;Madonna. Mary, Blessed Virgin
N;N8079.5;General works
N;N8080.A-Z;Special apostles or saints, A-Z
N;N8090;Angels
N;N8110;Bible characters
N;N8120;Last Judgment. Judgment Day. Second Advent
N;N8140;Devil
N;N8150;Heaven. Hell. Purgatory
N;N8160;Nimbus, aureola, etc.
N;N8180;Other (not A-Z)
N;N8185;Special works
N;N8185.5;Periodicals
N;N8186.A-Z;Exhibitions. Collections. Museums. By country and collector or place of exhibition, A-Z
N;N8187;General works
N;N8187.5;General special
N;N8188;Technique of icon painting
N;N8188.5;Study and teaching
N;N8189.A-Z;Special countries, A-Z
N;N8189.3.A-Z;Special subjects, A-Z
N;N8189.5.A-Z;Special icon painters, A-Z
N;N8189.6.A-Z;Special icons. By name, A-Z
N;N8190;General works
N;N8191.A-Z;By region or country, A-Z
N;N8193;Buddhist (Table N11)
N;N8193.2;Gautama Buddha in art
N;N8193.3.A-Z;Other, A-Z
N;N8194;Shinto (Table N11)
N;N8195;Hindu (Table N11)
N;N8195.3.A-Z;Special subjects or topics, A-Z
N;N8199.A-Z;Other religions, A-Z
N;N8205;Pastoral art
N;N8210;Historical subjects
N;N8212;Humorous art. Wit and humor in art
N;N8213;General works
N;N8214;Indexes of views, etc.
N;N8214.5.A-Z;By region or country, A-Z
N;N8215;Literary subjects. Scenes from the works of great authors
N;N8217;A - Industry
N;N8218;Industry
N;N8219;Industry - Love
N;N8220;Love
N;N8221;Love - Lz
N;N8222;M - Med
N;N8223;Medicine
N;N8224;Med - Mi
N;N8225;Mo - Mur
N;N8229;National characteristics
N;N8230;Naval and marine. Ships in art
N;N8231;Needlework
N;N8233;Neh - Nz
N;N8234;O - Pear
N;N8235;Peasants
N;N8236;Peat - Pray
N;N8237;Prayer
N;N8237.2;Presidents
N;N8237.3;Prostitution. Prostitutes
N;N8237.5;Psychiatry
N;N8237.52;Public spaces
N;N8237.53;Punchinello (Fictitious character)
N;N8237.55;Punishment
N;N8237.8;Q - R
N;N8239;S - Sc
N;N8240;Sea and seaside
N;N8241;Seasons
N;N8241.3;Senses and sensation
N;N8241.5;Sex role
N;N8243;Sh - So
N;N8246;Sp - Spa
N;N8248;Spe - Spo
N;N8250;Sports. Hunting, fishing, etc.
N;N8250.4;Spring
N;N8250.6;Square
N;N8251;St - Te
N;N8252;Theater
N;N8253;Th - Tr
N;N8254;Triumphs
N;N8254.7;Truthfulness and falsehood
N;N8255;Ts - Tz
N;N8255.5;Ugliness
N;N8256;Umbrellas and parasols
N;N8256.5;Underground movements
N;N8256.53;Unemployment
N;N8256.55;Unidentified flying objects
N;N8256.6;Union Square (New York, N.Y.)
N;N8256.7;Unter den Linden (Berlin, Germany)
N;N8256.73;Urination
N;N8256.74;Urutoraman (Fictitious character)
N;N8256.8;Veils
N;N8256.9;Victory
N;N8257;Violence
N;N8257.3;Virtual reality
N;N8257.5;Voice
N;N8257.7;Volcanoes
N;N8258;Voyages and travels
N;N8259;Walking
N;N8260;War. Battles
N;N8261;Wara - Wind
N;N8262;Wine
N;N8262.3;Winnie the Pooh (Fictitious character)
N;N8262.5;Winter
N;N8262.7;Witchcraft. Witches and wizards
N;N8262.75;Women divers
N;N8262.8;Women priests
N;N8262.83;Words
N;N8262.85;World
N;N8262.87;Wounds and injuries
N;N8265;Writing
N;N8266;Youth
N;N8350;General works
N;N8351;General special
N;N8353;Economic aspects of the artist's profession
N;N8354;Women
N;N8355;Artists with physical disabilities
N;N8356.A-Z;Other classes, A-Z
N;N8510;General works
N;N8520;Studios
N;N8530;General works
N;N8540;Catalogs
N;N8541;Recycling of materials
N;N8543;Tools
N;N8550;General works
N;N8551.A-Z;By region or country, A-Z
N;N8553;Tables, etc.
N;N8554;Periodicals. Societies
N;N8554.5;Congresses
N;N8554.6;Directories
N;N8555;General works
N;N8557;Mutilation or defacement of works of art
N;N8558;General works
N;N8558.2.A-Z;Special methods and techniques, A-Z
N;N8558.5;Deterioration of art works
N;N8560;General works
N;N8560.5;Training of art restorers
N;N8561.A-Z;Exhibitions. Collections. By country and place of exhibition, A-Z
N;N8563.A-Z;Special. By restorer, A-Z
N;N8580;Copying and reproducing
N;N8585;Handling
N;N8600;Economics of art
N;N8601;Art previews
N;N8602;General works
N;N8603;General works
N;N8603.5.A-Z;Local, A-Z
N;N8604.A-Z;Individual auctioneers, firms, families, A-Z
N;N8605.A-Z;Other regions or countries, A-Z
N;N8610;Periodicals and societies
N;N8620;General works
N;N8630;Directories
N;N8640.A-Z;General. By dealer, A-Z
N;N8650.A-Z;Special auction sales. By dealer, A-Z
N;N8655.A-Z;United States. By city and museum or other place of exhibition, A-Z
N;N8655.5.A-Z;Other countries. By country and city, A-Z
N;N8659;Collective
N;N8660.A-Z;Individual, A-Z
N;N8665;Sidewalk art exhibitions
N;N8670;Periodicals
N;N8675;General works
N;N8700;Periodicals
N;N8710;Societies. Commissions
N;N8720;Congresses
N;N8725;General works
N;N8740;Art censorship
N;N8750;General works
N;N8790;General works
N;N8791.A-Z;Special. By forger, or work of art, A-Z
N;N8795;General works
N;N8795.3.A-Z;By region or country, A-Z
N;N8795.5.A-Z;Special. By thief or detective, A-Z
N;N8798;Cooperation between private and government agencies in the support of art
N;N8825;General works
N;N8830;General special
N;N8835;General works
N;N8836.A-Z;By region or state, A-Z
N;N8837;General works
N;N8838;Special programs
N;N8840;General works
N;N8844;General works
N;N8845.A-Z;Special. By city (or place), A-Z
N;N8846.A-Z;Other regions or countries, A-Z
N;N8849;Periodicals. Societies. Congresses. Collections
N;N8850;General works
N;N8860;General special
N;N8901-9085;Special regions or countries (Table N2)
N;N9100;General works
N;N9103;General special
N;N9111;General works
N;N9114;Antiquity, through 5th century A.D.
N;N9115;6th-10th centuries
N;N9120;11th-15th centuries
N;N9125;16th century
N;N9130;17th century
N;N9135;18th century
N;N9140;19th century
N;N9145;General works
N;N9150;General works
N;N9152.A-Z;Exhibitions. By country and city, A-Z
N;N9155.A-Z;Special countries, A-Z
N;N9160;General works
N;N9162.A-Z;Exhibitions. By country and city, A-Z
N;N9165.A-Z;Special countries, A-Z
NA;NA2;French
NA;NA3;German
NA;NA4;Italian
NA;NA4.5;Slavic
NA;NA5;Spanish and Portuguese
NA;NA6.A-Z;Other, by language, A-Z
NA;NA10;General works
NA;NA11;American
NA;NA12;English
NA;NA13;French and Belgian
NA;NA14;German, Austrian, and Swiss
NA;NA15;Italian
NA;NA16;Spanish and Portuguese
NA;NA17.A-Z;Other, by language, A-Z
NA;NA21;Congresses
NA;NA25;Several authors
NA;NA27;Individual authors
NA;NA31;Encyclopedias, dictionaries, glossaries, etc.
NA;NA40;Biography (Collective)
NA;NA50;General
NA;NA53;General
NA;NA55.A-Z;By city, A-Z
NA;NA60.A-Z;Other regions or countries, A-Z
NA;NA63.5;Computer network resources
NA;NA65;Tours
NA;NA100;General works
NA;NA104;Mutilation or defacement of architectural monuments
NA;NA105;General works
NA;NA106;General works
NA;NA108.A-Z;By city, A-Z
NA;NA109.A-Z;Other regions or countries, A-Z
NA;NA109.4.A-Z;Special. By restorer, A-Z
NA;NA110;Business community participation
NA;NA111;Economic aspects
NA;NA111.5;International cooperation
NA;NA112;Study and teaching. Research
NA;NA120;General works
NA;NA123;General works
NA;NA125.A-Z;By city, A-Z
NA;NA130.A-Z;Other countries, A-Z
NA;NA190;Historiography
NA;NA200;General works
NA;NA201;Folios
NA;NA202;Pictorial works (with little or no text)
NA;NA203;General special
NA;NA203.3;Functionalism in architecture (General)
NA;NA203.5;Intercultural relations in architecture (General). Comparative architecture
NA;NA204;Handbooks of architectural styles
NA;NA205;General works
NA;NA207.5;Colonial architecture
NA;NA208;Vernacular architecture
NA;NA208.5;Grotesque in architecture
NA;NA209;Lost architecture
NA;NA209.3;Picturesque in architecture
NA;NA209.5;Visionary architecture. Fantastic architecture
NA;NA210;General works
NA;NA211;Folios
NA;NA212;Middle East
NA;NA215;General works
NA;NA216.A-Z;Local, A-Z
NA;NA220;General works
NA;NA221.A-Z;Local, A-Z
NA;NA223;General works
NA;NA223.5.A-Z;Local, A-Z
NA;NA225;General works
NA;NA226.A-Z;Local, A-Z
NA;NA230;General works
NA;NA231.A-Z;Local, A-Z
NA;NA240;General works
NA;NA243;Temple of Jerusalem. Solomon's Temple
NA;NA245.A-Z;Other special. By place, A-Z
NA;NA250;General works
NA;NA251.A-Z;Local, A-Z
NA;NA252.A-Z;Other ancient, A-Z
NA;NA260;General works
NA;NA261;Folios
NA;NA265;"Pelasgic. ""Cyclopean"""
NA;NA267;Minoan. Mycenaean
NA;NA270;General works
NA;NA271;Folios
NA;NA274;Altars
NA;NA275;Temples
NA;NA277;Dwellings
NA;NA278.A-Z;Others, A-Z
NA;NA279.A-Z;Special divisions, islands, etc., A-Z
NA;NA280;General works
NA;NA281;Parthenon
NA;NA283.A-Z;Other special buildings, A-Z
NA;NA285.A-Z;Other, A-Z
NA;NA290.A-Z;Special architects, A-Z
NA;NA295;General works
NA;NA300;Etruscan
NA;NA301.A-Z;Local, A-Z
NA;NA310;General works
NA;NA311;Folios
NA;NA312;Forums
NA;NA313;Amphitheaters. The Colosseum
NA;NA317;Baths
NA;NA320;Palaces
NA;NA323;Temples
NA;NA324;Villas
NA;NA325.A-Z;Others, A-Z
NA;NA327.A-Z;Special Italian cities, A-Z
NA;NA335.A-Z;Cities, divisions, islands outside of Italy, A-Z
NA;NA340.A-Z;Special architects, A-Z
NA;NA350;General works
NA;NA351;Folios
NA;NA360;General works
NA;NA361;Folios
NA;NA365;Carolingian architecture
NA;NA370;General works
NA;NA371;Folios
NA;NA373;Modern designs in Byzantine style
NA;NA380;General works
NA;NA381;Folios
NA;NA385;General works
NA;NA386;Folios
NA;NA387;Alhambra
NA;NA390;General works
NA;NA391;Folios
NA;NA423;General works
NA;NA440;General works
NA;NA441;Folios
NA;NA447;Continental Gothic. General works
NA;NA480;General works
NA;NA483;Windows and window traceries
NA;NA485;Moldings
NA;NA487;Ornament
NA;NA489;Other (not A-Z)
NA;NA490;General works
NA;NA493;General works
NA;NA495;Gateways
NA;NA497.A-Z;Special countries, A-Z
NA;NA499;Ottoman architecture outside of Turkey
NA;NA500;General works
NA;NA510;General works
NA;NA512.A-Z;Special aspects or movements, A-Z
NA;NA590;Baroque. Rococo
NA;NA595;Exoticism (General)
NA;NA600;Neoclassicism (Greek and Roman revival)
NA;NA603;Egyptian revival (General)
NA;NA610;Gothic revival
NA;NA627;General works
NA;NA630;Queen Anne (18th and 19th centuries)
NA;NA640;Georgian
NA;NA642;19th and 20th centuries
NA;NA645;General works
NA;NA645.5.A-Z;Special aspects or movements, A-Z
NA;NA660;Swiss. Timber
NA;NA670;Romanesque revival
NA;NA673;Periodicals
NA;NA680;General works
NA;NA682.A-Z;Special aspects or movements, A-Z
NA;NA685;Periodicals
NA;NA687;General works
NA;NA689.A-Z;Special aspects or movements, A-Z
NA;NA701-1614;Architecture of special countries (Table N5 modified)
NA;NA702.5;General works
NA;NA702.57.A-Z;Special aspects or movements, A-Z
NA;NA703;North America
NA;NA707;"Colonial period; 18th (and early 19th) century"
NA;NA710;General works
NA;NA710.5.A-Z;Special aspects or movements, A-Z
NA;NA712;General works
NA;NA712.5.A-Z;Special aspects or movements, A-Z
NA;NA744;General works
NA;NA744.5.A-Z;Special aspects or movements, A-Z
NA;NA755;General works
NA;NA755.5.A-Z;Special aspects or movements, A-Z
NA;NA835;General works
NA;NA835.5.A-Z;Special aspects or movements, A-Z
NA;NA854;General works
NA;NA854.5.A-Z;Special aspects or movements, A-Z
NA;NA855;General works
NA;NA855.5.A-Z;Special aspects or movements, A-Z
NA;NA865;General works
NA;NA865.5.A-Z;Special aspects or movements, A-Z
NA;NA925;General works
NA;NA925.5.A-Z;Special aspects or movements, A-Z
NA;NA935;General works
NA;NA935.5.A-Z;Special aspects or movements, A-Z
NA;NA950;General works
NA;NA951;Folios
NA;NA957;General works
NA;NA957.5.A-Z;Special aspects or movements, A-Z
NA;NA958;General works
NA;NA958.5.A-Z;Special aspects or movements, A-Z
NA;NA966;General works
NA;NA966.5.A-Z;Special aspects or movements, A-Z
NA;NA967;General works
NA;NA967.5.A-Z;Special aspects or movements, A-Z
NA;NA968;General works
NA;NA968.5.A-Z;Special aspects or movements, A-Z
NA;NA1008;General works
NA;NA1008.5.A-Z;Special aspects or movements, A-Z
NA;NA1019;General works
NA;NA1019.5.A-Z;Special aspects or movements, A-Z
NA;NA1020;General works
NA;NA1020.5.A-Z;Special aspects or movements, A-Z
NA;NA1029;General works
NA;NA1029.5.A-Z;Special aspects or movements, A-Z
NA;NA1030;General works
NA;NA1030.5.A-Z;Special aspects or movements, A-Z
NA;NA1031;General works
NA;NA1031.5.A-Z;Special aspects or movements, A-Z
NA;NA1046;General works
NA;NA1046.5.A-Z;Special aspects or movements, A-Z
NA;NA1047;General works
NA;NA1047.5.A-Z;Special aspects or movements, A-Z
NA;NA1048;General works
NA;NA1048.5.A-Z;Special aspects or movements, A-Z
NA;NA1053.A-Z;Special architects, A-Z
NA;NA1066;General works
NA;NA1066.5.A-Z;Special aspects or movements, A-Z
NA;NA1067;General works
NA;NA1067.5.A-Z;Special aspects or movements, A-Z
NA;NA1068;General works
NA;NA1068.5.A-Z;Special aspects or movements, A-Z
NA;NA1097;General works
NA;NA1097.5.A-Z;Special aspects or movements, A-Z
NA;NA1098;General works
NA;NA1098.5.A-Z;Special aspects or movements, A-Z
NA;NA1117;General works
NA;NA1117.5.A-Z;Special aspects or movements, A-Z
NA;NA1118;General works
NA;NA1118.5.A-Z;Special aspects or movements, A-Z
NA;NA1121.A-Z;Other special cities, A-Z
NA;NA1123.A-Z;Special architects, A-Z
NA;NA1147;General works
NA;NA1147.5.A-Z;Special aspects or movements, A-Z
NA;NA1148;General works
NA;NA1148.5.A-Z;Special aspects or movements, A-Z
NA;NA1166;General works
NA;NA1166.5.A-Z;Special aspects or movements, A-Z
NA;NA1167;General works
NA;NA1167.5.A-Z;Special aspects or movements, A-Z
NA;NA1168;General works
NA;NA1168.5.A-Z;Special aspects or movements, A-Z
NA;NA1188;General works
NA;NA1188.5.A-Z;Special aspects or movements, A-Z
NA;NA1208;General works
NA;NA1208.5.A-Z;Special aspects or movements, A-Z
NA;NA1216;General works
NA;NA1216.5.A-Z;Special aspects or movements, A-Z
NA;NA1217;General works
NA;NA1217.5.A-Z;Special aspects or movements, A-Z
NA;NA1218;General works
NA;NA1218.5.A-Z;Special aspects or movements, A-Z
NA;NA1268;General works
NA;NA1268.5.A-Z;Special aspects or movements, A-Z
NA;NA1286;General works
NA;NA1286.5.A-Z;Special aspects or movements, A-Z
NA;NA1288;General works
NA;NA1288.5.A-Z;Special aspects or movements, A-Z
NA;NA1328;General works
NA;NA1328.5.A-Z;Special aspects or movements, A-Z
NA;NA1348;General works
NA;NA1348.5.A-Z;Special aspects or movements, A-Z
NA;NA1388;General works
NA;NA1388.5.A-Z;Special aspects or movements, A-Z
NA;NA1504.5.A-Z;Special aspects or movements, A-Z
NA;NA1555;General works
NA;NA1592.5.A-Z;Special aspects or movements, A-Z
NA;NA1600.15;General works
NA;NA1600.17.A-Z;Special aspects or movements, A-Z
NA;NA1600.2;General works
NA;NA1600.5.A-Z;Special aspects or movements, A-Z
NA;NA1606.5;General works
NA;NA1606.6.A-Z;Special aspects or movements, A-Z
NA;NA1995;Architecture as a profession
NA;NA1996;Business management for architects
NA;NA1996.5;Data processing
NA;NA1997;Women architects
NA;NA2000;General works
NA;NA2005;General special
NA;NA2101-2285;Special regions or countries (Table N2)
NA;NA2300.A-Z;Special schools. By name, A-Z
NA;NA2303;General works
NA;NA2304.A-Z;Special schools. By name, A-Z
NA;NA2305.A-Z;Other American. By country and school, A-Z
NA;NA2310.A-Z;Europe. By country and school, A-Z
NA;NA2320.A-Z;Other countries. By country and school, A-Z
NA;NA2335;General and international
NA;NA2340;United States
NA;NA2345.A-Z;Other American. By country, A-Z
NA;NA2349;General works
NA;NA2350.A-Z;Special regions or countries, A-Z
NA;NA2360.A-Z;Other countries. By country, A-Z
NA;NA2400.A-Z;United States. By city and museum, A-Z
NA;NA2405.A-Z;Other American. By country and city, A-Z
NA;NA2410.A-Z;Europe. By country and city, A-Z
NA;NA2420.A-Z;Other countries. By country and city, A-Z
NA;NA2440.A-Z;United States. By city and gallery or other place of exhibition, A-Z
NA;NA2445.A-Z;Other American. By country and city, A-Z
NA;NA2449;General works
NA;NA2450.A-Z;Special regions or countries, A-Z
NA;NA2460.A-Z;Other. By country and city, A-Z
NA;NA2500;Theory. Philosophy
NA;NA2510;Comprehensive works
NA;NA2515;Early works to 1800
NA;NA2517;Folios
NA;NA2520;1800-
NA;NA2522;Folios
NA;NA2530;Outlines, syllabi, etc.
NA;NA2540;General special
NA;NA2540.5;Site planning
NA;NA2541;Climate and architecture
NA;NA2542.A-Z;Special topics, A-Z
NA;NA2542.3;Energy conservation and architecture
NA;NA2542.35;Environmental aspects of architecture
NA;NA2542.36;Sustainable architecture
NA;NA2542.4;Human factors and architecture
NA;NA2542.6;Textile fabrics and architecture
NA;NA2542.7;Underground architecture
NA;NA2542.8;Water and architecture
NA;NA2542.9;Winds and architecture
NA;NA2543.A-Z;Architecture in relation to other subjects, A-Z
NA;NA2547;Universal design
NA;NA2550;Works for general readers
NA;NA2555;Juvenile works
NA;NA2560;Collections
NA;NA2563;Single papers
NA;NA2584;General works
NA;NA2586;Information services
NA;NA2587;Architectural literature
NA;NA2588;Architecture and motion pictures
NA;NA2590;Tables, pocketbooks, etc.
NA;NA2595;Miscellaneous maxims, etc.
NA;NA2597;Anecdotes and curiosities of architecture and architects
NA;NA2599;Facetiae, satire, etc.
NA;NA2599.5;General works
NA;NA2599.7;Collective
NA;NA2599.8.A-Z;Individual, A-Z
NA;NA2599.9;Book reviews
NA;NA2685;Congresses
NA;NA2695.A-Z;Exhibitions. Collections. Museums. By country and collector or place of exhibition, A-Z
NA;NA2699;Early works through 1800
NA;NA2700;1801-
NA;NA2705;General special
NA;NA2705.5;Unbuilt projects
NA;NA2706.A-Z;By region or country, A-Z
NA;NA2707.A-Z;Special artists, A-Z
NA;NA2708;General works
NA;NA2710;Perspective
NA;NA2711;Axonometric projection. Oblique projection
NA;NA2712;Measured drawing
NA;NA2713;Working drawings
NA;NA2714;Presentation drawings
NA;NA2715;Shades and shadows
NA;NA2718;Detailing
NA;NA2725;Lettering
NA;NA2726;Airbrushing
NA;NA2726.2;Color drawing
NA;NA2726.3;Markers
NA;NA2726.5;Watercolor
NA;NA2728;Data processing. Computer-aided design
NA;NA2750;General works
NA;NA2755;Patents
NA;NA2760;Composition. Proportion
NA;NA2763;Massing
NA;NA2765;Space
NA;NA2770;Plan
NA;NA2775;Elevations. Sections
NA;NA2780;Rendering in color, pen and ink, etc.
NA;NA2790;Models and modeling
NA;NA2793;Remodeling buildings for other use (General)
NA;NA2794;Daylighting. Illumination of buildings
NA;NA2795;Color in architecture. Polychromy (General)
NA;NA2795.5;Motion in architecture
NA;NA2796;Mirrors in architecture
NA;NA2797;Photogrammetry in architecture
NA;NA2798;Texture in architecture
NA;NA2799;Invisibility in architecture
NA;NA2800;Architectural acoustics
NA;NA2810;Early work
NA;NA2812;Folios
NA;NA2815;Works since 1800
NA;NA2817;Folios
NA;NA2835;Periodicals
NA;NA2840;General and miscellaneous
NA;NA2841;Folios
NA;NA2850;General works
NA;NA2851;Folios
NA;NA2852;Attics. Basements
NA;NA2853;Entrances. Hallways
NA;NA2854;Living rooms
NA;NA2856;Offices
NA;NA2857;Conference rooms
NA;NA2858;Courtyards
NA;NA2860;General works
NA;NA2870;Capitals
NA;NA2873;Bases
NA;NA2875;Plinths. Socles
NA;NA2880;Apses. Arches. Crypts. Vaults. Keystones
NA;NA2890;Domes
NA;NA2893;Fascias
NA;NA2900;Roofs
NA;NA2910;Roof decoration (External)
NA;NA2915;Antefixes
NA;NA2917;Dormers
NA;NA2920;Gables. Pediments. Acroteria
NA;NA2930;Towers. Spires
NA;NA2940;General works
NA;NA2941;Facades
NA;NA2942;Niches
NA;NA2950;Ceilings
NA;NA2960;Moldings. Cornices. Corbels. Ancones
NA;NA2965;Friezes
NA;NA2970;Floors
NA;NA2980;General works
NA;NA2985;Catalogs
NA;NA3000;General works
NA;NA3008;Awnings. Canopies. Marquees
NA;NA3010;Doors and doorways
NA;NA3020;Windows
NA;NA3030;Grilles. Fanlights
NA;NA3035;Serlianas
NA;NA3040;Ornamental chimneys
NA;NA3050;General works
NA;NA3055;Catalogs
NA;NA3060;Stairs. Balustrades
NA;NA3066;Holy water fonts
NA;NA3070;Balconies. Galleries. Porches
NA;NA3310;Early works to 1800
NA;NA3320;General works, 1801-
NA;NA3321;Folios
NA;NA3330;General works
NA;NA3331;Folios
NA;NA3335;Egyptian
NA;NA3340;General works
NA;NA3341;Folios
NA;NA3350;Greek
NA;NA3360;General works
NA;NA3370;Pompeian
NA;NA3390;General works
NA;NA3391;Folios
NA;NA3400;Early Christian
NA;NA3410;Byzantine
NA;NA3420;Romanesque
NA;NA3450;General works
NA;NA3460;Renaissance. 16th century
NA;NA3461;Folios
NA;NA3463;Baroque. Rococo
NA;NA3465;Neoclassicism (Greek and Roman revival)
NA;NA3467;18th century
NA;NA3469;19th century
NA;NA3470;Romanesque revival
NA;NA3480;Gothic revival
NA;NA3485;20th century
NA;NA3487;21st century
NA;NA3501-3596.3;Special regions or countries (Table N1)
NA;NA3680;General works
NA;NA3683.A-Z;Special topics, A-Z
NA;NA3686;Catalogs
NA;NA3690;Decorative plaster. Stucco
NA;NA3695;Concrete
NA;NA3696;Plastics
NA;NA3700;Terra cotta
NA;NA3702;Brickwork
NA;NA3703;Pressed brick
NA;NA3705;Tiles (Floor and wall. Roof)
NA;NA3710;Incrustation. Veneering
NA;NA3750;General works
NA;NA3752;Deterioration of mosaics
NA;NA3752.5;Conservation and restoration of mosaics
NA;NA3755.A-Z;Museums. Collections. Exhibitions. By city and museum or collector, A-Z
NA;NA3760;General works
NA;NA3765;Greek
NA;NA3770;Roman. Pompeian
NA;NA3780;Early Christian. Byzantine
NA;NA3788;General works
NA;NA3790;Italian
NA;NA3792.A-Z;Other, A-Z
NA;NA3810;General works
NA;NA3820;Italian
NA;NA3840;American and English
NA;NA3850.A-Z;Other, A-Z
NA;NA3860.A-Z;Special artists, A-Z
NA;NA3900;Woodwork
NA;NA3940;General works
NA;NA3950;Ironwork
NA;NA3960.A-Z;Other metals, A-Z
NA;NA4010;Fixed furniture. Miscellaneous accessories
NA;NA4050.A-Z;Other, A-Z
NA;NA4100;General works
NA;NA4110;Wood
NA;NA4115;Half-timbered
NA;NA4119;General works
NA;NA4120;Brick and tile
NA;NA4125;Concrete
NA;NA4130;Stone
NA;NA4133;General works
NA;NA4135;Iron and steel
NA;NA4138;Aluminum
NA;NA4140;Glass
NA;NA4145.A-Z;Other, A-Z
NA;NA4150;Basilicas
NA;NA4160;Other special forms (not A-Z)
NA;NA4170-8490;Classed by use
NA;NA4170;General works
NA;NA4177;General works
NA;NA4178.A-Z;Special buildings. By city and building, A-Z
NA;NA4180;General works
NA;NA4183;League of Nations buildings
NA;NA4184;United Nations buildings
NA;NA4184.2;Unesco buildings
NA;NA4185;Hague. Palace of Peace
NA;NA4193;Pan American Union
NA;NA4193.5;Soviet ėkonomicheskoĭ vzaimopomoshchi (Council for Mutual Economic Aid)
NA;NA4201-4385;Special regions or countries (Table N2)
NA;NA4410;General works
NA;NA4410.7;General works
NA;NA4411;United States Capitol (Washington, D.C.)
NA;NA4415.A-Z;Other countries, A-Z
NA;NA4420-4427;Government offices and bureaus. Prefectures, etc.
NA;NA4420;General works
NA;NA4421;United States
NA;NA4423.A-Z;United States government offices in special cities, A-Z
NA;NA4425.A-Z;Other countries, A-Z
NA;NA4426.A-Z;United States. By city, A-Z
NA;NA4427.A-Z;Other countries. By country and city, A-Z
NA;NA4428;United States
NA;NA4429.A-Z;Other countries, A-Z
NA;NA4430;General works
NA;NA4431;United States
NA;NA4433.A-Z;Cities, A-Z
NA;NA4435.A-Z;Other countries, A-Z
NA;NA4436.A-Z;United States. By city, A-Z
NA;NA4437.A-Z;Other countries. By country and city, A-Z
NA;NA4440;General works
NA;NA4441;United States
NA;NA4443.A-Z;Cities, A-Z
NA;NA4445.A-Z;Other countries, A-Z
NA;NA4446.A-Z;United States. By city, A-Z
NA;NA4447.A-Z;Other countries. By country and city, A-Z
NA;NA4450;General works
NA;NA4451;United States
NA;NA4453.A-Z;Cities, A-Z
NA;NA4455.A-Z;Other countries, A-Z
NA;NA4456.A-Z;United States. By city, A-Z
NA;NA4457.A-Z;Other countries. By country and city, A-Z
NA;NA4460;General works
NA;NA4461;United States
NA;NA4463.A-Z;Cities, A-Z
NA;NA4465.A-Z;Other countries, A-Z
NA;NA4466.A-Z;United States. By city, A-Z
NA;NA4467.A-Z;Other countries. By country and city, A-Z
NA;NA4470;General works
NA;NA4471;United States
NA;NA4473.A-Z;Cities, A-Z
NA;NA4475.A-Z;Other countries, A-Z
NA;NA4476.A-Z;United States. By city, A-Z
NA;NA4477.A-Z;Other countries. By country and city, A-Z
NA;NA4480;General works
NA;NA4481;United States
NA;NA4483.A-Z;Cities, A-Z
NA;NA4485.A-Z;Other countries, A-Z
NA;NA4486.A-Z;United States. By city, A-Z
NA;NA4487.A-Z;Other countries. By country and city, A-Z
NA;NA4490;General works
NA;NA4491;United States
NA;NA4493.A-Z;Cities, A-Z
NA;NA4495.A-Z;Other countries, A-Z
NA;NA4496.A-Z;United States. By city, A-Z
NA;NA4497.A-Z;Other countries. By country and city, A-Z
NA;NA4500;General works
NA;NA4501;United States
NA;NA4503.A-Z;Cities, A-Z
NA;NA4505.A-Z;Other countries, A-Z
NA;NA4506.A-Z;United States. By city, A-Z
NA;NA4507.A-Z;Other countries. By country and city, A-Z
NA;NA4510.A-Z;Other classes of buildings, A-Z
NA;NA4590;Periodicals
NA;NA4595;Congresses
NA;NA4600;General works
NA;NA4601;Folios
NA;NA4605;Liturgy and architecture
NA;NA4610;General works
NA;NA4620;General works
NA;NA4621;Folios
NA;NA4640;General works
NA;NA4641;Folios
NA;NA4670;Mosques
NA;NA4690;Synagogues
NA;NA4710;Bahai temples
NA;NA4790;Periodicals and societies
NA;NA4795;Congresses
NA;NA4800;General works
NA;NA4801;Folios
NA;NA4810;General works
NA;NA4811;Folios
NA;NA4812.A-Z;Special topics, A-Z
NA;NA4813;Specifications
NA;NA4815;Great churches of the world (General)
NA;NA4817;Early Christian
NA;NA4818.52;Medieval
NA;NA4819.52;Renaissance
NA;NA4823;17th and 18th centuries
NA;NA4824;19th century
NA;NA4825;20th century
NA;NA4827;Interdenominational churches
NA;NA4827.5;Rural churches
NA;NA4828;Roman Catholic (General, Benedictine, Cistercian, etc.)
NA;NA4828.5;Protestant (General)
NA;NA4829.A-Z;Other, A-Z
NA;NA4830;Cathedrals
NA;NA4840;Bishops' palaces
NA;NA4850;Abbeys. Convents. Monasteries
NA;NA4870;Chapels
NA;NA4873;Martyria
NA;NA4875;Shrines
NA;NA4880;Parish houses
NA;NA4890;Sunday school buildings
NA;NA4900;Y.M.C.A. buildings
NA;NA4910.A-Z;Other buildings, A-Z
NA;NA4940;Cloisters
NA;NA4950;Miscellaneous details
NA;NA5000;Interior architectural decoration
NA;NA5050;General works
NA;NA5051;Folios
NA;NA5060;Altars
NA;NA5062;Baldachins
NA;NA5065;Pulpits
NA;NA5070;Baptismal fonts
NA;NA5075;Choir stalls. Pews. Benches
NA;NA5080;Screens. Rood screens. Reredos
NA;NA5082;Iconostases
NA;NA5090;Candelabra. Chandeliers, etc.
NA;NA5095.A-Z;Other special, A-Z
NA;NA5201-6114;Religious architecture of special countries (Table N5 modified)
NA;NA5203;North America
NA;NA5235.A-Z;Cities, A-Z
NA;NA5453;Medieval
NA;NA5455;Renaissance
NA;NA5461;General works
NA;NA5470;London
NA;NA5471.A-Z;Other English cities, A-Z
NA;NA5481.A-Z;Special cities, A-Z
NA;NA5494.A-Z;Special cities, A-Z
NA;NA5550;Paris
NA;NA5585;Berlin
NA;NA5586.A-Z;Other cities, A-Z
NA;NA5600;Athens
NA;NA5620;Rome
NA;NA5621.A-Z;Other cities, A-Z
NA;NA5650;Amsterdam
NA;NA5670;Brussels
NA;NA5696;Saint Petersburg. Leningrad
NA;NA5720;Copenhagen
NA;NA5750;Reykjavik
NA;NA5770;Oslo
NA;NA5790;Stockholm
NA;NA5810;Madrid
NA;NA5830;Lisbon
NA;NA5850;Bern
NA;NA5870;Istanbul
NA;NA5875;General works
NA;NA5890;Sofia
NA;NA5930;Bucharest
NA;NA5950;Belgrade
NA;NA6115;Undertaking establishments
NA;NA6117;Crematories, columbaria, etc.
NA;NA6120;General works
NA;NA6125;Design and plans
NA;NA6127;Miscellaneous minor works
NA;NA6130;General works
NA;NA6132;General works
NA;NA6133;Assyria. Babylonia
NA;NA6134;Persia. Media
NA;NA6135;Judea. Syria
NA;NA6136;Arabia
NA;NA6137;Asia Minor
NA;NA6138;General works
NA;NA6139;Greek
NA;NA6140;Etruscan
NA;NA6141;Roman. Pompeian
NA;NA6142.A-Z;Other ancient, A-Z
NA;NA6143;General works
NA;NA6145;Islamic. Moorish
NA;NA6146;Romanesque
NA;NA6147;Gothic
NA;NA6148;Modern
NA;NA6149;America. North America
NA;NA6150;General works
NA;NA6152.A-Z;By city, A-Z
NA;NA6153;General works
NA;NA6154.A-Z;Local, A-Z
NA;NA6154.5;Latin America (General)
NA;NA6155;Mexico
NA;NA6156;General works
NA;NA6157.A-Z;By region or country, A-Z
NA;NA6158;General works
NA;NA6159.A-Z;Local, A-Z
NA;NA6160;General works
NA;NA6161.A-Z;By region or country, A-Z
NA;NA6162;General works
NA;NA6163;Great Britain
NA;NA6164;Austria
NA;NA6165;France
NA;NA6166;Germany
NA;NA6167;Italy
NA;NA6168;Netherlands
NA;NA6169;Belgium
NA;NA6169.5;Portugal
NA;NA6170;Russia
NA;NA6172;Scandinavia
NA;NA6174;Spain
NA;NA6176;Switzerland
NA;NA6177;Turkey
NA;NA6178.A-Z;Other, A-Z
NA;NA6179;General works
NA;NA6179.5;Afghanistan
NA;NA6181;Iran
NA;NA6182;Central Asia
NA;NA6183;India
NA;NA6183.2;Pakistan
NA;NA6183.5;Ceylon
NA;NA6184;General works
NA;NA6185;Dutch East Indies
NA;NA6186;Philippines
NA;NA6186.5;Vietnam
NA;NA6187;General works
NA;NA6188;China
NA;NA6189;Japan
NA;NA6189.5;Korea
NA;NA6190;Northern Asia. Siberia
NA;NA6190.5.A-Z;Other, A-Z
NA;NA6191;General works
NA;NA6192;Egypt
NA;NA6194.A-Z;Other countries, A-Z
NA;NA6195;General works
NA;NA6196.A-Z;Local, A-Z
NA;NA6197;New Zealand
NA;NA6198;General works
NA;NA6199.A-Z;Special, A-Z
NA;NA6210;General works
NA;NA6212;United States
NA;NA6214.A-Z;Other regions or countries, A-Z
NA;NA6215;General works
NA;NA6216.A-Z;By city and center, A-Z
NA;NA6218;Shopping arcades. Shopping centers. Shopping malls
NA;NA6218.5;Showrooms
NA;NA6220;General works
NA;NA6225;Storefronts
NA;NA6227.A-Z;By business, A-Z
NA;NA6230;General works
NA;NA6231;Folios
NA;NA6231.5;Psychological aspects of tall buildings
NA;NA6232;General works
NA;NA6233.A-Z;Special buildings. By city and building, A-Z
NA;NA6234.A-Z;Other regions or countries, A-Z
NA;NA6240;General works
NA;NA6241;General works
NA;NA6243.A-Z;Special buildings. By city and building, A-Z
NA;NA6245.A-Z;Other regions or countries, A-Z
NA;NA6250;General works
NA;NA6253.A-Z;Special buildings. By city and building, A-Z
NA;NA6260;General works
NA;NA6270;Cattle markets, stockyards, abattoirs
NA;NA6273;United States
NA;NA6275.A-Z;Other regions or countries, A-Z
NA;NA6280.A-Z;Other, A-Z
NA;NA6290;General works
NA;NA6300;General works
NA;NA6301;United States
NA;NA6303.A-Z;Cities, A-Z
NA;NA6305.A-Z;Other countries, A-Z
NA;NA6306.A-Z;United States. By city, A-Z
NA;NA6307.A-Z;Other countries. By country and city, A-Z
NA;NA6310;General works
NA;NA6311;United States
NA;NA6313.A-Z;Cities, A-Z
NA;NA6315.A-Z;Other countries, A-Z
NA;NA6316.A-Z;United States. By city, A-Z
NA;NA6317.A-Z;Other countries. By country and city, A-Z
NA;NA6320;General works
NA;NA6321;United States
NA;NA6323.A-Z;Cities, A-Z
NA;NA6325.A-Z;Other countries, A-Z
NA;NA6326.A-Z;United States. By city, A-Z
NA;NA6327.A-Z;Other countries. By country and city, A-Z
NA;NA6330;General works
NA;NA6332;United States
NA;NA6333.A-Z;Other regions or countries, A-Z
NA;NA6340;General works
NA;NA6342;United States
NA;NA6343.A-Z;Other regions or countries, A-Z
NA;NA6350;Grain elevators
NA;NA6360;Icehouses (Commercial)
NA;NA6370.A-Z;Other, A-Z
NA;NA6396;Congresses
NA;NA6400;General works
NA;NA6402;United States
NA;NA6403.A-Z;Other regions or countries, A-Z
NA;NA6405;Industrial parks
NA;NA6410;Textile mills
NA;NA6420;General works
NA;NA6422;United States
NA;NA6423.A-Z;Other regions or countries, A-Z
NA;NA6430;Foundries
NA;NA6440;Machine shops
NA;NA6450;Rolling mills
NA;NA6460;Woodworking mills
NA;NA6470;Carriage factories
NA;NA6472;General works
NA;NA6474.A-Z;By factory, A-Z
NA;NA6480;Papermills
NA;NA6490;Flour mills
NA;NA6588;Service buildings for employees
NA;NA6589.A-Z;Other, A-Z
NA;NA6590-6597;Education departments
NA;NA6590;General works
NA;NA6591;United States
NA;NA6593.A-Z;Cities, A-Z
NA;NA6595.A-Z;Other countries, A-Z
NA;NA6596.A-Z;United States. By city, A-Z
NA;NA6597.A-Z;Other countries. By country and city, A-Z
NA;NA6600;General works
NA;NA6602.A-Z;Special types of buildings, A-Z
NA;NA6603;General works
NA;NA6604.52;Special institutions
NA;NA6605.A-Z;Other regions and countries, A-Z
NA;NA6610.A-Z;Military academies. By city and school, A-Z
NA;NA6690;General works
NA;NA6695;General works
NA;NA6696.A-Z;By region or country, A-Z
NA;NA6700.A-Z;Other individual museums. By city, A-Z
NA;NA6751;Research buildings. Laboratories
NA;NA6753;General works
NA;NA6755.A-Z;Special by city (or by name if non-urban), A-Z
NA;NA6760;General works
NA;NA6761.A-Z;Special. By city and building (or by name if non-urban), A-Z
NA;NA6768;Day care centers
NA;NA6775;General works
NA;NA6776;General works
NA;NA6776.5.A-Z;Local, A-Z
NA;NA6777.A-Z;Other regions or countries, A-Z
NA;NA6800;General works
NA;NA6810;Casinos
NA;NA6811;General works
NA;NA6811.2;General works
NA;NA6811.3.A-Z;Local, A-Z
NA;NA6811.5.A-Z;Other regions or countries, A-Z
NA;NA6812;General works
NA;NA6813.A-Z;Special countries, A-Z
NA;NA6815;Auditoriums
NA;NA6820;Before 1800
NA;NA6821;1801-
NA;NA6826;Specifications
NA;NA6828;Catalogs of equipment, supplies, etc.
NA;NA6830;General works
NA;NA6835.A-Z;By city and building, A-Z
NA;NA6840.A-Z;Other countries, A-Z
NA;NA6845;General works
NA;NA6846.A-Z;By region or country, A-Z
NA;NA6850;Panoramas
NA;NA6860;General works
NA;NA6862.A-Z;By region or country, A-Z
NA;NA6870;Grandstands
NA;NA6880;General works
NA;NA6880.5.A-Z;By region or country, A-Z
NA;NA6885;Radio, television stations, etc.
NA;NA6890;Ice palaces
NA;NA6920;Boathouses
NA;NA6930;Park buildings
NA;NA7010;Baths and washhouses
NA;NA7020;Public toilets. Public comfort stations
NA;NA7100;Periodicals. Societies
NA;NA7102;Congresses
NA;NA7105;History (General)
NA;NA7109;Early works through 1800
NA;NA7110;1801-
NA;NA7115;General works
NA;NA7115.3;Architects and housing developers
NA;NA7116;General works
NA;NA7117.A-Z;Special topics, A-Z
NA;NA7117.3;Energy conservation and architecture
NA;NA7117.5;Environmental aspects of architecture
NA;NA7120;Popular works
NA;NA7123;Historic houses (General)
NA;NA7125;General special
NA;NA7126;International
NA;NA7140;Specifications (General)
NA;NA7145;Prefabricated houses
NA;NA7150;Brick
NA;NA7155;Hollow tile
NA;NA7160;Concrete. Stucco
NA;NA7163;Pisé. Rammed earth
NA;NA7165;Adobe
NA;NA7170;Stone
NA;NA7173;Wood
NA;NA7175;Half-timbered houses
NA;NA7180;Iron and steel
NA;NA7186;Glass
NA;NA7195.A-Z;Housing for special classes of persons, A-Z
NA;NA7201-7477;Special regions or countries (Table N3 modified)
NA;NA1;General works
NA;NA2.A-Z;Special divisions, regions, A-Z
NA;NA3.A-Z;Special cities, A-Z
NA;NA7331.A-Z;English counties, A-Z
NA;NA7332;London
NA;NA7333.A-Z;Other cities, A-Z
NA;NA7511;General works
NA;NA7511.3.A-Z;By region or state, A-Z
NA;NA7511.4.A-Z;By city, A-Z
NA;NA7512;General works
NA;NA7512.3.A-Z;By region, country, county, etc., A-Z
NA;NA7512.4.A-Z;By city, A-Z
NA;NA7513;General works
NA;NA7513.3.A-Z;By region or province, A-Z
NA;NA7513.4.A-Z;By city, A-Z
NA;NA7514;General works
NA;NA7514.3.A-Z;By region or state, A-Z
NA;NA7514.4.A-Z;By city, A-Z
NA;NA7514.6;General works
NA;NA7514.62.A-Z;By region or province, A-Z
NA;NA7514.623.A-Z;By city, A-Z
NA;NA7515.A-Z;Other countries, A-Z
NA;NA7520;Attached houses. Row houses
NA;NA7521;Terrace houses
NA;NA7523;Courtyard houses
NA;NA7524;Hillside houses
NA;NA7525;Double houses. Semi-detached houses
NA;NA7530;Detached houses
NA;NA7531;Earth sheltered houses
NA;NA7532;Geodesic dome houses
NA;NA7533;Small houses
NA;NA7540;Public works housing
NA;NA7550;General works
NA;NA7551;United States
NA;NA7552;Great Britain
NA;NA7553;France
NA;NA7554;Germany
NA;NA7555.A-Z;Other regions or countries, A-Z
NA;NA7557;General works
NA;NA7558.A-Z;Special, by name, A-Z
NA;NA7560;General works
NA;NA7561;United States
NA;NA7562;Great Britain (English cottages, etc.)
NA;NA7563;France
NA;NA7564;Germany
NA;NA7565;Italy
NA;NA7566.A-Z;Other countries, A-Z
NA;NA7570;General works
NA;NA7571;United States
NA;NA7572;Great Britain
NA;NA7572.5.A-Z;Other countries, A-Z
NA;NA7573;"Modern houses in ""Colonial"" style"
NA;NA7574;General works
NA;NA7575;United States
NA;NA7576;Great Britain
NA;NA7577;France
NA;NA7578;Germany
NA;NA7579.A-Z;Other countries, A-Z
NA;NA7579.5;Guesthouses
NA;NA7580;Villas. Chalets
NA;NA7586;General works
NA;NA7587.A-Z;Special villas. By city (or by name if non-urban), A-Z
NA;NA7588;General works
NA;NA7589.A-Z;Special villas. By city (or by name if non-urban), A-Z
NA;NA7590;General works
NA;NA7591.A-Z;Special villas. By city (or by name if non-urban), A-Z
NA;NA7592;General works
NA;NA7593.A-Z;Special villas. By city (or by name if non-urban), A-Z
NA;NA7594;General works
NA;NA7595.A-Z;Special villas. By city (or by name if non-urban), A-Z
NA;NA7596.A-Z;Other countries, A-Z
NA;NA7600;General works
NA;NA7610;General works
NA;NA7615.A-Z;Special houses, A-Z
NA;NA7620;General works
NA;NA7621.A-Z;By county, A-Z
NA;NA7625.A-Z;Special houses, A-Z
NA;NA7710;General works
NA;NA7720;General works
NA;NA7721.A-Z;Special. By city (or by name if non-urban), A-Z
NA;NA7725;General works
NA;NA7726.A-Z;Special. By city (or by name if non-urban), A-Z
NA;NA7730;General works
NA;NA7731.A-Z;Special. By city (or by name if non-urban), A-Z
NA;NA7735;General works
NA;NA7736.A-Z;Special. By city (or by name if non-urban), A-Z
NA;NA7740;General works
NA;NA7741.A-Z;Special. By city (or by name if non-urban), A-Z
NA;NA7745;General works
NA;NA7746.A-Z;Special. By city (or by name if non-urban), A-Z
NA;NA7750;General works
NA;NA7751.A-Z;Special. By city (or by name if non-urban), A-Z
NA;NA7755;General works
NA;NA7756.A-Z;Special. By city (or by name if non-urban), A-Z
NA;NA7757;General works
NA;NA7758.A-Z;Special. By city (or by name if non-urban), A-Z
NA;NA7760;General works
NA;NA7761.A-Z;Special. By city (or by name if non-urban), A-Z
NA;NA7763;General works
NA;NA7764.A-Z;Special. By city (or by name if non-urban), A-Z
NA;NA7765;General works
NA;NA7766.A-Z;Special. By city (or by name if non-urban), A-Z
NA;NA7770;General works
NA;NA7771.A-Z;Special. By city (or by name if non-urban), A-Z
NA;NA7775;General works
NA;NA7776.A-Z;Special. By city (or by name if non-urban), A-Z
NA;NA7780;General works
NA;NA7781.A-Z;Special. By city (or by name if non-urban), A-Z
NA;NA7785;General works
NA;NA7786.A-Z;Special. By city (or by name if non-urban), A-Z
NA;NA7800;General works
NA;NA7810;For cities
NA;NA7820;For resorts
NA;NA7830;For country places
NA;NA7840;General works
NA;NA7845.A-Z;By city (or by name if non-urban), A-Z
NA;NA7850.A-Z;Other regions or countries, A-Z
NA;NA7851;General works
NA;NA7852;General works
NA;NA7852.5.A-Z;By place, A-Z
NA;NA7853.A-Z;Other regions or countries, A-Z
NA;NA7855;General works
NA;NA7856;General works
NA;NA7857.A-Z;By place, A-Z
NA;NA7858.A-Z;Other regions or countries, A-Z
NA;NA7860;General works
NA;NA7861;General works
NA;NA7862.A-Z;By place, A-Z
NA;NA7863.A-Z;Other regions or countries, A-Z
NA;NA7875;Temporary housing
NA;NA7880;Tenement houses
NA;NA7882;Lofts
NA;NA7884;Penthouses
NA;NA7910;General works
NA;NA7911;United States
NA;NA7913.A-Z;Cities, A-Z
NA;NA7915.A-Z;Other countries, A-Z
NA;NA7916.A-Z;United States. By city, A-Z
NA;NA7917.A-Z;Other countries. By country and city, A-Z
NA;NA7920;General works
NA;NA7921;United States
NA;NA7923.A-Z;Cities, A-Z
NA;NA7925.A-Z;Other countries, A-Z
NA;NA7926.A-Z;United States. By city, A-Z
NA;NA7927.A-Z;Other countries. By country and city, A-Z
NA;NA7930;General
NA;NA7931;United States
NA;NA7933.A-Z;Cities, A-Z
NA;NA7935.A-Z;Other countries, A-Z
NA;NA7936.A-Z;United States. By city, A-Z
NA;NA7937.A-Z;Other countries. By country and city, A-Z
NA;NA7940;General
NA;NA7941;United States
NA;NA7943.A-Z;Cities, A-Z
NA;NA7945.A-Z;Other countries, A-Z
NA;NA7946.A-Z;United States. By city, A-Z
NA;NA7947.A-Z;Other countries. By country and city, A-Z
NA;NA7950;General
NA;NA7951;United States
NA;NA7953.A-Z;Cities, A-Z
NA;NA7955.A-Z;Other countries, A-Z
NA;NA7956.A-Z;United States. By city, A-Z
NA;NA7957.A-Z;Other countries. By country and city, A-Z
NA;NA7960;General works
NA;NA7961;United States
NA;NA7963.A-Z;Cities, A-Z
NA;NA7965.A-Z;Other countries, A-Z
NA;NA7966.A-Z;United States. By city, A-Z
NA;NA7967.A-Z;Other countries. By country and city, A-Z
NA;NA7970;General works
NA;NA7971;United States
NA;NA7973.A-Z;Cities, A-Z
NA;NA7975.A-Z;Other countries, A-Z
NA;NA7976.A-Z;United States. By city, A-Z
NA;NA7977.A-Z;Other countries. By country and city, A-Z
NA;NA8000;General works
NA;NA8001;United States
NA;NA8003.A-Z;Cities, A-Z
NA;NA8005.A-Z;Other countries, A-Z
NA;NA8010;General works
NA;NA8011;United States
NA;NA8013.A-Z;Cities, A-Z
NA;NA8015.A-Z;Other countries, A-Z
NA;NA8020;General works
NA;NA8021;United States
NA;NA8023.A-Z;Cities, A-Z
NA;NA8025.A-Z;Other countries, A-Z
NA;NA8050;General works
NA;NA8055;Austria
NA;NA8060;Belgium
NA;NA8065;Denmark
NA;NA8070;France
NA;NA8075;Germany
NA;NA8080;Great Britain
NA;NA8085;Holland
NA;NA8090;Italy
NA;NA8095;Norway
NA;NA8100;Portugal
NA;NA8105;Russia
NA;NA8110;Spain
NA;NA8115;Sweden
NA;NA8120;Switzerland
NA;NA8125.A-Z;Other countries, A-Z
NA;NA8200;General works
NA;NA8201;United States
NA;NA8201.5;Europe
NA;NA8202;Great Britain
NA;NA8203;France
NA;NA8204;Germany
NA;NA8205;Italy
NA;NA8206.A-Z;Other regions or countries, A-Z
NA;NA8208;General works
NA;NA8208.5;General works
NA;NA8208.52.A-Z;Local, A-Z
NA;NA8210.A-Z;Other regions or countries, A-Z
NA;NA8230;Barns
NA;NA8240;Granaries
NA;NA8250;Dairies
NA;NA8260.A-Z;Other, A-Z
NA;NA8300;General works
NA;NA8301;United States
NA;NA8302;Great Britain
NA;NA8303;France
NA;NA8304;Germany
NA;NA8305;Italy
NA;NA8306.A-Z;Other countries, A-Z
NA;NA8310;Lodges
NA;NA8320;Servants' quarters
NA;NA8330;Kitchens. Laundries
NA;NA8340;Stables. Carriage houses
NA;NA8348;Garages
NA;NA8350;Icehouses
NA;NA8360;Conservatories. Garden rooms. Orangeries
NA;NA8370;Dovecotes
NA;NA8373;Cabanas
NA;NA8375;Terraces, patios, etc.
NA;NA8380;Garden walls
NA;NA8385;Gateways and portes cochères
NA;NA8390;General works
NA;NA8390.5;Bamboo fences
NA;NA8392;Ironwork
NA;NA8450;Ornamental buildings for parks and gardens
NA;NA8452;Festival architecture
NA;NA8455;Cave architecture
NA;NA8460;Follies
NA;NA8465;Rustic work
NA;NA8470;Cabins, camps, etc.
NA;NA8480;Portable buildings. Prefabricated buildings
NA;NA8490;Rotating buildings
NA;NA9000;Periodicals. Societies. Collections
NA;NA9010;Congresses
NA;NA9010.5;Encyclopedias, dictionaries, glossaries, etc.
NA;NA9012;Study and teaching. Research
NA;NA9013;City planning as a profession
NA;NA9015.A-Z;United States. By city and gallery or other place of exhibition, A-Z
NA;NA9016.A-Z;Other countries. By country and city, A-Z
NA;NA9027;Early works (to 1870)
NA;NA9030;1870-1944
NA;NA9031;1945-
NA;NA9035;Minor works
NA;NA9040;Collections
NA;NA9045;Single papers
NA;NA9050;General special
NA;NA9050.5;Public architecture
NA;NA9051;General works
NA;NA9051.4;Cluster housing
NA;NA9051.5;Zero lot line housing
NA;NA9052;Beautifications
NA;NA9053.A-Z;Others, A-Z
NA;NA9068;Marketplaces
NA;NA9070;General works
NA;NA9072.A-Z;Special squares. By city and square or promenade, A-Z
NA;NA9074;Pedestrian areas. Sidewalks
NA;NA9080;Collective
NA;NA9085.A-Z;Individual, A-Z
NA;NA9090;General works
NA;NA9092;Ancient
NA;NA9093;General works
NA;NA9093.9;Islamic
NA;NA9094;General works
NA;NA9094.3;Renaissance
NA;NA9094.8;19th century
NA;NA9095;20th century
NA;NA9100;Collections of plans (not limited to a single country or city)
NA;NA9101-9285;Special countries and cities (Table N2)
NA;NA9319;Early works through 1800
NA;NA9320;1801-
NA;NA9325;General works
NA;NA9330.A-Z;Special countries, A-Z
NA;NA9335;General works
NA;NA9340.A-Z;Special cities or other local, A-Z
NA;NA9343;Medieval
NA;NA9345;Modern
NA;NA9347;United States
NA;NA9348.A-Z;Other regions or countries, A-Z
NA;NA9350.A-Z;United States. By city, A-Z
NA;NA9355.A-Z;Other countries. By city, A-Z
NA;NA9360;General works
NA;NA9365;General works
NA;NA9370.A-Z;Special cities or other local, A-Z
NA;NA9373;Medieval
NA;NA9375;General works
NA;NA9377;United States
NA;NA9378.A-Z;Other regions or countries, A-Z
NA;NA9380.A-Z;Special cities or other local, A-Z
NA;NA9400;General works
NA;NA9405;General works
NA;NA9410.A-Z;By city, A-Z
NA;NA9415.A-Z;Cities in other countries, A-Z
NA;NA9420;Catalogs
NA;NA9425;Electric fountains
NA;NA9426;General works
NA;NA9427;United States
NA;NA9428.A-Z;Other regions or countries, A-Z
NB;NB1;Periodicals and societies
NB;NB16.A-Z;United States. By city and museum or other place of exhibition, A-Z
NB;NB17.A-Z;Other countries. By country and city, A-Z
NB;NB20;Collective
NB;NB23.A-Z;Special countries, A-Z
NB;NB25.A-Z;United States. By city and museum, A-Z
NB;NB27.A-Z;Other countries. By country and city, A-Z
NB;NB30.A-Z;Private collections. By collector, A-Z
NB;NB33;Catalogs of photographs of sculpture
NB;NB35;Trade catalogs
NB;NB35.5;Auction catalogs
NB;NB36;Indexes to sculpture
NB;NB40;Congresses
NB;NB43;Several authors
NB;NB45.A-Z;Individual authors, A-Z
NB;NB50;Dictionaries. Encyclopedias
NB;NB60;General works
NB;NB61;Minor. Essays
NB;NB61.3;Intercultural relations in sculpture (General)
NB;NB61.5;Prehistoric sculpture
NB;NB62;General works
NB;NB64;General special
NB;NB69;Early works to 1850
NB;NB70;1850-
NB;NB71.A-Z;Special collections. By city and museum or private collector, A-Z
NB;NB75;Egyptian
NB;NB80;Assyro-Babylonian. Sumerian. Persian
NB;NB85;Classical
NB;NB86;Iconographies
NB;NB87.A-Z;Special collections. By city and museum or private collector, A-Z
NB;NB90;General works
NB;NB91.A-Z;Special localities, A-Z (place of origin)
NB;NB92;Elgin marbles
NB;NB93;Color in Greek sculpture
NB;NB94;General special
NB;NB98;Lysippus
NB;NB100;Phidias
NB;NB101;Polycletus
NB;NB102;Praxiteles
NB;NB103;Pythagoras of Rhegion
NB;NB104;Scopas
NB;NB105.A-Z;Other, A-Z
NB;NB108;Italian
NB;NB110;Etruscan
NB;NB113;Nuraghic
NB;NB115;Roman
NB;NB116.A-Z;Special Italian cities (other than Rome), A-Z
NB;NB118.A-Z;Remains in countries other than Italy, A-Z
NB;NB120.A-Z;Special sculptors, A-Z
NB;NB130.A-Z;Other ancient, A-Z
NB;NB133;General works
NB;NB133.5.A-Z;Special, A-Z
NB;NB133.7.A-Z;Special topics, A-Z
NB;NB134;General works
NB;NB135;Classical
NB;NB140;Greek. Hellenistic
NB;NB141;Etruscan
NB;NB142;General works
NB;NB142.5.A-Z;Special Italian cities (other than Rome), A-Z
NB;NB142.7.A-Z;In countries other than Italy, A-Z
NB;NB142.8.A-Z;Other special, A-Z
NB;NB143;Sepulchral monuments
NB;NB145;Terra cottas
NB;NB150;Statuettes. Figurines. Reliefs
NB;NB153;Classical
NB;NB155;Greek
NB;NB157;Tanagra
NB;NB158;Asia Minor
NB;NB158.5.A-Z;Other regions or countries, A-Z
NB;NB158.7;Etruscan
NB;NB158.9;Roman
NB;NB159.A-Z;Other special, A-Z
NB;NB160;Mythological
NB;NB163.A-Z;Special, A-Z
NB;NB165.A-Z;Special, A-Z
NB;NB169;Other (not A-Z)
NB;NB170;Medieval sculpture
NB;NB171;Carolingian
NB;NB172;Byzantine
NB;NB175;Romanesque
NB;NB180;Gothic
NB;NB190;Renaissance
NB;NB193;17th and 18th centuries. Baroque. Rococo
NB;NB197;19th and 20th centuries
NB;NB197.3;General works
NB;NB197.5.A-Z;Special aspects or movements, A-Z
NB;NB198;General works
NB;NB198.3.A-Z;Private collections. By collector, A-Z
NB;NB198.5.A-Z;Special aspects or movements, A-Z
NB;NB198.6;General works
NB;NB198.7.A-Z;Special aspects or movements, A-Z
NB;NB199;Jewish sculpture
NB;NB201-1114;Special regions or countries (Table N5 modified)
NB;NB212;General works
NB;NB212.5.A-Z;Special aspects or movements, A-Z
NB;NB457;General works
NB;NB457.5.A-Z;Special aspects or movements, A-Z
NB;NB467;General works
NB;NB467.5.A-Z;Special aspects or movements, A-Z
NB;NB545;General works
NB;NB545.5.A-Z;Special aspects, A-Z
NB;NB568;General works
NB;NB568.5.A-Z;Special aspects or movements, A-Z
NB;NB615;14th-16th centuries
NB;NB687;General works
NB;NB687.5.A-Z;Special aspects or movements, A-Z
NB;NB688;General works
NB;NB688.5.A-Z;Special aspects or movements, A-Z
NB;NB888;General works
NB;NB888.5.A-Z;Special aspects or movements, A-Z
NB;NB888.6;General works
NB;NB888.65.A-Z;Special aspects or movements, A-Z
NB;NB1115;Sculptors - Collective biography
NB;NB1120;General works
NB;NB1125;United States
NB;NB1130.A-Z;Other regions or countries, A-Z
NB;NB1132.A-Z;United States. By name of school, A-Z
NB;NB1133.A-Z;Other countries. By country and name of school, A-Z
NB;NB1134;General and international
NB;NB1134.3;United States
NB;NB1134.4.A-Z;Other countries, A-Z
NB;NB1135;Theory. Aesthetics
NB;NB1137;Relation to other arts. Sculpture and architecture
NB;NB1138;Early works through 1800
NB;NB1140;1801-
NB;NB1142;General works
NB;NB1142.5;Appreciation of sculpture
NB;NB1143;Juvenile works
NB;NB1145;Addresses, essays, lectures
NB;NB1150;Atlases. Iconographies
NB;NB1153.A-Z;Sculpture in relation to other subjects, A-Z
NB;NB1160;Designs for sculpture
NB;NB1170;Technique
NB;NB1180;Modeling
NB;NB1185;Modeling in general casts
NB;NB1190;Making of plaster casts
NB;NB1195;Instruments and apparatus
NB;NB1198;Mutilation or defacement of sculpture
NB;NB1199;Restoration of sculptures
NB;NB1200.A-Z;Special. By restorer, A-Z
NB;NB1201;General works
NB;NB1201.5.A-Z;Special. By forger, or work of art, A-Z
NB;NB1202;Sculpture materials
NB;NB1203;Soft sculpture
NB;NB1208;General works
NB;NB1209.A-Z;By region or country, A-Z
NB;NB1210.A-Z;Special types, A-Z
NB;NB1215;Cement. Concrete
NB;NB1220;Metals
NB;NB1230;Bronze
NB;NB1240.A-Z;Other metals, A-Z
NB;NB1250;Wood. Driftwood
NB;NB1255.A-Z;Special. By country, A-Z
NB;NB1265;Terra cotta
NB;NB1267;Brick
NB;NB1270.A-Z;Other materials, A-Z
NB;NB1271;Found objects sculpture
NB;NB1272;Mobiles. Kinetic sculpture
NB;NB1275;Color in sculpture. Polychromy
NB;NB1276;Large-scale sculpture
NB;NB1277;Small sculpture
NB;NB1278;Sculpture gardens. Sculpture parks
NB;NB1280;Sculpture in relief (Bas-relief, high relief, etc.)
NB;NB1282;Portals
NB;NB1283.A-Z;Special. By city or site, A-Z
NB;NB1285;Doors
NB;NB1287.A-Z;Special. By city or site, A-Z
NB;NB1288;Facades
NB;NB1290;Monumental reliefs
NB;NB1291.A-Z;Special. By city (or by name if non-urban), A-Z
NB;NB1293;General works
NB;NB1296;Ancient
NB;NB1296.2;Egyptian
NB;NB1296.3;Classical
NB;NB1297;Medieval
NB;NB1298;Renaissance and modern
NB;NB1299;17th-18th centuries
NB;NB1300;19th century
NB;NB1301;20th century
NB;NB1303;United States
NB;NB1305.A-Z;Other regions or countries, A-Z
NB;NB1309;Busts
NB;NB1310;Life masks. Death masks
NB;NB1312;General works
NB;NB1313.A-Z;By region or country, A-Z
NB;NB1330;General works
NB;NB1340;Ancient
NB;NB1350;Etruscan
NB;NB1360;Greek and Roman
NB;NB1370;Greek
NB;NB1380;Roman
NB;NB1390.A-Z;Other. By country, A-Z
NB;NB1420;Medieval
NB;NB1450;Modern
NB;NB1501-1685;Special regions or countries (Table N2)
NB;NB1750;General works
NB;NB1753.A-Z;Special. By place, A-Z
NB;NB1790;General works
NB;NB1793.A-Z;Special countries, A-Z
NB;NB1800;General works
NB;NB1803.A-Z;By region or country, A-Z
NB;NB1805;Mausoleums
NB;NB1810;Sarcophagi
NB;NB1820;Effigies
NB;NB1830;Incised slabs
NB;NB1840;General works
NB;NB1841;United States
NB;NB1842;England
NB;NB1843;France
NB;NB1844;Germany
NB;NB1845;Italy
NB;NB1846.A-Z;Other regions or countries, A-Z
NB;NB1850;General works
NB;NB1851;Drawing and design
NB;NB1853;Gothic styles
NB;NB1855;General works
NB;NB1856.A-Z;Special places, A-Z
NB;NB1857;Designs and catalogs
NB;NB1859;Europe
NB;NB1860;Great Britain. England
NB;NB1862;Scotland
NB;NB1863;Ireland
NB;NB1865;France
NB;NB1870;Germany
NB;NB1875;Italy
NB;NB1880.A-Z;Other regions or countries, A-Z
NB;NB1895;Wells
NB;NB1910;General works
NB;NB1912.A-Z;Special, A-Z
NB;NB1920;General works
NB;NB1925.A-Z;Special, A-Z
NB;NB1930;General works
NB;NB1932;Special details of the human body (not A-Z)
NB;NB1935;Children
NB;NB1935.5;Couples
NB;NB1936;Women
NB;NB1940;General works
NB;NB1942.A-Z;Special, A-Z
NB;NB1950;Plants
NB;NB1952.A-Z;Other subjects or themes in sculpture, A-Z
NC;NC1;Periodicals and societies
NC;NC5;Congresses
NC;NC15.A-Z;United States. By city and museum or other place of exhibition, A-Z
NC;NC17.A-Z;Other countries. By country and city, A-Z
NC;NC20;Collective
NC;NC23.A-Z;Special countries, A-Z
NC;NC25.A-Z;United States. By city and museum, A-Z
NC;NC27.A-Z;Other countries. By country and city, A-Z
NC;NC30;Collective
NC;NC31.A-Z;Special. By collector, A-Z
NC;NC33.A-Z;Other regions or countries, A-Z
NC;NC37;Catalogues raisonnés (General)
NC;NC38;Sales catalogs
NC;NC38.5;Auction catalogs
NC;NC40;Several authors
NC;NC42.A-Z;Individual authors, A-Z
NC;NC45;Collective biography
NC;NC50;General works
NC;NC52;Miscellaneous albums of drawings
NC;NC53;General special
NC;NC53.5;Intercultural relations in drawing (General)
NC;NC54;Primitive
NC;NC55;Ancient
NC;NC57;Greek
NC;NC60;Roman
NC;NC65.A-Z;Other. By country, A-Z
NC;NC70;Medieval
NC;NC75.A-Z;Special works, by name (artists unknown), A-Z
NC;NC80;Modern
NC;NC85;Renaissance. 16th century
NC;NC86;17th century
NC;NC87;General works
NC;NC87.5.A-Z;Drawings in special styles, A-Z
NC;NC89;19th and 20th centuries
NC;NC90;General works
NC;NC90.5.A-Z;Drawings in special styles, A-Z
NC;NC95;General works
NC;NC95.5.A-Z;Drawings in special styles, A-Z
NC;NC96;21st century
NC;NC101-377;Special regions or countries (Table N3 modified)
NC;NC2.A-Z;Local, A-Z
NC;NC3.A-Z;Special artists, A-Z
NC;NC242.A-Z;Special artists, A-Z
NC;NC255;General works
NC;NC256.A-Z;Local, A-Z
NC;NC257.A-Z;Special artists, A-Z
NC;NC261;General works
NC;NC262.A-Z;Local, A-Z
NC;NC263.A-Z;Special artists, A-Z
NC;NC264;General works
NC;NC265.A-Z;Local, A-Z
NC;NC266.A-Z;Special artists, A-Z
NC;NC390;History
NC;NC401-585;Special regions or countries (Table N2)
NC;NC590;General works
NC;NC593;General special
NC;NC597;Outlines, syllabi, etc.
NC;NC599;Examinations, questions, etc.
NC;NC610;Periodicals and societies
NC;NC615;General works. Theory. Essays, etc.
NC;NC620.A-Z;Special systems of instruction, A-Z
NC;NC625;Kindergarten and primary
NC;NC630;Elementary
NC;NC635;Secondary
NC;NC640;Correspondence school textbooks
NC;NC650;Popular works for self-instruction
NC;NC655;For children
NC;NC660;Studies and patterns for purposes of instruction
NC;NC670;Drawing books for children's amusements
NC;NC673;General and international
NC;NC674;United States
NC;NC675.A-Z;Other American. By region or country, A-Z
NC;NC676.A-Z;Europe. By region or country, A-Z
NC;NC677.A-Z;Other regions or countries. By region or country, A-Z
NC;NC703;Theory of design
NC;NC705;Early works to 1850
NC;NC710;1851-
NC;NC715;General special
NC;NC720;Essays, lectures, etc.
NC;NC720.2;Quotations, maxims, etc.
NC;NC725;Collectors' manuals
NC;NC730;General works
NC;NC735;Studies for artists
NC;NC740;Composition
NC;NC748;History
NC;NC749;Early works to 1800
NC;NC750;1801-
NC;NC754;Line drawing
NC;NC755;Light and shade
NC;NC757;Reflections
NC;NC758;Color drawing
NC;NC760;Art anatomy
NC;NC765;Figures. Proportions
NC;NC770;Faces. Heads
NC;NC772;Collections of portrait drawings
NC;NC773;Sketching of portraits
NC;NC774;Hands, feet and other details
NC;NC775;Drapery on the human figure
NC;NC778;Pinup art
NC;NC780;General works
NC;NC780.5;Extinct animals. Dinosaurs. Prehistoric animals. Fossil animals
NC;NC780.7;Endangered species
NC;NC781;Fishes. Sharks. Whales. Marine fauna
NC;NC782;Birds
NC;NC783;Insects
NC;NC783.8.A-Z;Other animals, A-Z
NC;NC785;Action in art
NC;NC787;Animal locomotion
NC;NC790;Landscapes
NC;NC795;Sketching
NC;NC799;Sketching machines
NC;NC800;Landscape studies
NC;NC805;Trees. Plants. Flowers
NC;NC810;Trees
NC;NC815;Plants and flowers
NC;NC817;Marine drawing
NC;NC825.A-Z;Other subjects, A-Z
NC;NC845;General works
NC;NC847;Paper
NC;NC850;Charcoal. Charcoal and crayon
NC;NC855;Crayon
NC;NC860;Crayon portraits
NC;NC865;Blackboard drawing. Chalk talks
NC;NC867;Chalk drawing
NC;NC870;Colored crayons. Wax crayons
NC;NC875;Stump drawing
NC;NC877.8;General works
NC;NC878;Dry markers
NC;NC878.6;Felt markers
NC;NC880;Pastel
NC;NC885;Pastels (Reproductions)
NC;NC890;General works
NC;NC892;Colored pencils. Colored pencil portraits
NC;NC895;Pencil drawings (Reproductions)
NC;NC900;General works
NC;NC902;Silverpoint drawings (Reproductions)
NC;NC905;Pen and ink
NC;NC910;General works
NC;NC910.2.A-Z;By region or country, A-Z
NC;NC910.5.A-Z;Special artists, A-Z
NC;NC915.A-Z;Other, A-Z
NC;NC930;Conservation and restoration of drawings
NC;NC950;Drawing for reproduction
NC;NC953;General works
NC;NC953.5.A-Z;By region or country, A-Z
NC;NC953.8.A-Z;Special artists, A-Z
NC;NC960;Illustration
NC;NC961.A-Z;United States. By city and museum or other place of exhibition, A-Z
NC;NC961.5.A-Z;Other countries. By country and city, A-Z
NC;NC961.55.A-Z;Private collections. By collector, A-Z
NC;NC961.6;Collective biography
NC;NC961.63;Directories
NC;NC961.7.A-Z;Special subjects, A-Z
NC;NC963.A-Z;Special styles, A-Z
NC;NC965;General works
NC;NC965.7.A-Z;Special subjects, A-Z
NC;NC965.8.A-Z;Special characters, persons, or classes of persons, A-Z
NC;NC965.85;Picture books
NC;NC965.9;Coloring books
NC;NC966;General works
NC;NC966.5.A-Z;By region or country, A-Z
NC;NC966.8.A-Z;Special artists, A-Z
NC;NC968;General works
NC;NC968.5.A-Z;Special subjects, A-Z
NC;NC970;Newspaper illustration
NC;NC972;General works
NC;NC972.2.A-Z;By region or country, A-Z
NC;NC972.4.A-Z;Special artists, A-Z
NC;NC973;General works
NC;NC973.5.A-Z;By region or country, A-Z
NC;NC973.8.A-Z;Special artists, A-Z
NC;NC974;General works
NC;NC974.2.A-Z;Special subjects, A-Z
NC;NC974.3.A-Z;Magazine covers in special styles, A-Z
NC;NC974.4.A-Z;Special magazines. By title of magazine, A-Z
NC;NC975;General works
NC;NC975.5.A-Z;Special illustrators, A-Z
NC;NC975.6;General works
NC;NC975.7.A-Z;Special illustrators, A-Z
NC;NC975.8;Latin America (General)
NC;NC975.9;South America (General)
NC;NC976.A-Z;Individual Latin American countries, A-Z
NC;NC977;Europe (General)
NC;NC978;General works
NC;NC978.5.A-Z;Special illustrators, A-Z
NC;NC979;General works
NC;NC979.5.A-Z;Special illustrators, A-Z
NC;NC980;General works
NC;NC980.5.A-Z;Special illustrators, A-Z
NC;NC980.8;German, Austrian, and Swiss (Collectively)
NC;NC981;General works
NC;NC981.5.A-Z;Special illustrators, A-Z
NC;NC981.6;General works
NC;NC981.62.A-Z;Special illustrators, A-Z
NC;NC982;General works
NC;NC982.5.A-Z;Special illustrators, A-Z
NC;NC983;General works
NC;NC983.5.A-Z;Special illustrators, A-Z
NC;NC984;General works
NC;NC984.5.A-Z;Special illustrators, A-Z
NC;NC985;General works
NC;NC985.5.A-Z;Special illustrators, A-Z
NC;NC986;General works
NC;NC986.5.A-Z;Special illustrators, A-Z
NC;NC987;General works
NC;NC987.5.A-Z;Special illustrators, A-Z
NC;NC988;General works
NC;NC988.5.A-Z;Special illustrators, A-Z
NC;NC989.A-Z;Other European, A-Z
NC;NC990;Asia
NC;NC990.5;General works
NC;NC990.6.A-Z;Special illustrators, A-Z
NC;NC991;General works
NC;NC991.5.A-Z;Special illustrators, A-Z
NC;NC992.A-Z;Other Asian, A-Z
NC;NC994;General works
NC;NC994.5.A-Z;Special illustrators, A-Z
NC;NC995;General works
NC;NC995.5.A-Z;Special illustrators, A-Z
NC;NC995.8.A-Z;Other countries, A-Z
NC;NC998;General works
NC;NC998.2;Early to 1900
NC;NC998.4;1900-
NC;NC998.45.A-Z;Special styles or movements, A-Z
NC;NC998.6.A-Z;Other regions or countries, A-Z
NC;NC999;Directories
NC;NC999.2;Collective biography
NC;NC999.4.A-Z;United States. By designer, etc., A-Z
NC;NC999.6.A-Z;Other countries. By country and designer, etc., A-Z
NC;NC1000;Study and teaching. Techniques
NC;NC1000.5;Data processing. Computer-aided design
NC;NC1001;Commercial art as a profession
NC;NC1001.5;Awards, prizes, etc.
NC;NC1001.6;Economics of commercial art
NC;NC1002.A-Z;Special topics, A-Z
NC;NC1003;Trademark design
NC;NC1280;General works
NC;NC1281.52;Illustrated chapbooks
NC;NC1282.A-Z;By subject, A-Z
NC;NC1284.A-Z;By region or country, A-Z
NC;NC1300;Periodicals and societies
NC;NC1302;Congresses
NC;NC1305;Collective biography
NC;NC1310.A-Z;United States. By city and museum or other place of exhibition, A-Z
NC;NC1312.A-Z;Other countries. By country and city, A-Z
NC;NC1313;Collective
NC;NC1314.A-Z;Special countries, A-Z
NC;NC1315.A-Z;United States. By city and museum, A-Z
NC;NC1316.A-Z;Other countries. By country and city, A-Z
NC;NC1318.A-Z;Private collections. By collector, A-Z
NC;NC1320;General works (technique, etc.)
NC;NC1325;General works
NC;NC1330;Ancient
NC;NC1335;Medieval
NC;NC1340;General works
NC;NC1345;18th century
NC;NC1350;19th century
NC;NC1355;20th century
NC;NC1360;21st century
NC;NC1400;America
NC;NC1410;North America
NC;NC1420;General works
NC;NC1423;Before 19th century
NC;NC1425;19th century
NC;NC1426;20th century
NC;NC1426.3.A-Z;Special works. By name, A-Z
NC;NC1426.4;21st century
NC;NC1426.45.A-Z;Special works. By name, A-Z
NC;NC1427.A-Z;Collections and exhibitions of works produced in the United States. By city and
NC;NC1428.A-Z;Collections from special newspapers or periodicals. By name of publication, A-Z
NC;NC1429.A-Z;Special artists, A-Z
NC;NC1440;General works
NC;NC1443;Before 19th century
NC;NC1445;19th century
NC;NC1446;20th century
NC;NC1446.3.A-Z;Special works. By name, A-Z
NC;NC1446.4;21st century
NC;NC1447.A-Z;Collections and exhibitions of works produced in Canada. By city and museum or
NC;NC1448.A-Z;Collections from special newspapers or periodicals. By name of publication, A-Z
NC;NC1449.A-Z;Special artists, A-Z
NC;NC1450;Latin America
NC;NC1455.A-Z;Special countries, A-Z
NC;NC1458.A-Z;Collections from special newspapers or periodicals. By name of publication, A-Z
NC;NC1460.A-Z;Special artists, A-Z
NC;NC1461;West Indies
NC;NC1462.A-Z;Special countries, A-Z
NC;NC1463.A-Z;Special artists, A-Z
NC;NC1465;Europe
NC;NC1470;General works
NC;NC1473;Before 19th century
NC;NC1475;19th century
NC;NC1476;20th century
NC;NC1476.3.A-Z;Special works. By name, A-Z
NC;NC1477.A-Z;Collections and exhibitions of works produced in Great Britain. By city and museum
NC;NC1478.A-Z;Collections from special newspapers or periodicals. By name of publication, A-Z
NC;NC1479.A-Z;Special artists, A-Z
NC;NC1479.3;General works
NC;NC1479.5.A-Z;Special artists, A-Z
NC;NC1480;General works
NC;NC1483;Before 19th century
NC;NC1485;19th century
NC;NC1486;20th century
NC;NC1486.3.A-Z;Special works. By name, A-Z
NC;NC1487.A-Z;Collections and exhibitions of works produced in Austria. By city and museum or
NC;NC1488.A-Z;Collections from special newspapers or periodicals. By name of publication, A-Z
NC;NC1489.A-Z;Special artists, A-Z
NC;NC1490;General works
NC;NC1493;Before 19th century
NC;NC1495;19th century
NC;NC1496;20th century
NC;NC1496.3.A-Z;Special works. By name, A-Z
NC;NC1497.A-Z;Collections and exhibitions of works produced in France. By city and museum or
NC;NC1498.A-Z;Collections from special newspapers or periodicals. By name of publication, A-Z
NC;NC1499.A-Z;Special artists, A-Z
NC;NC1500;General works
NC;NC1503;Before 19th century
NC;NC1505;19th century
NC;NC1506;20th century
NC;NC1506.3.A-Z;Special works. By name, A-Z
NC;NC1506.5;21st century
NC;NC1507.A-Z;Collections and exhibitions of works produced in Germany. By city and museum or
NC;NC1508.A-Z;Collections from special newspapers or periodicals. By name of publication, A-Z
NC;NC1509.A-Z;Special artists, A-Z
NC;NC1510;General works
NC;NC1513;Before 19th century
NC;NC1515;19th century
NC;NC1516;20th century
NC;NC1516.3.A-Z;Special works. By name, A-Z
NC;NC1517.A-Z;Collections and exhibitions of works produced in Greece. By city and museum or
NC;NC1518.A-Z;Collections from special newspapers or periodicals. By name of publication, A-Z
NC;NC1519.A-Z;Special artists, A-Z
NC;NC1520;General works
NC;NC1523;Before 19th century
NC;NC1525;19th century
NC;NC1526;20th century
NC;NC1526.3.A-Z;Special works. By name, A-Z
NC;NC1527.A-Z;Collections and exhibitions of works produced in Italy. By city and museum or other
NC;NC1528.A-Z;Collections from special newspapers or periodicals. By name of publication, A-Z
NC;NC1529.A-Z;Special artists, A-Z
NC;NC1530;General works
NC;NC1533;Before 19th century
NC;NC1535;19th century
NC;NC1536;20th century
NC;NC1536.3.A-Z;Special works. By name, A-Z
NC;NC1537.A-Z;Collections and exhibitions of works produced in the Low countries. By city and
NC;NC1538.A-Z;Collections from special newspapers or periodicals. By name of publication, A-Z
NC;NC1539.A-Z;Special artists, A-Z
NC;NC1540;General works
NC;NC1543;Before 19th century
NC;NC1545;19th century
NC;NC1546;20th century
NC;NC1546.3.A-Z;Special works. By name, A-Z
NC;NC1547.A-Z;Collections and exhibitions of works produced in the Netherlands. By city and
NC;NC1548.A-Z;Collections from special newspapers or periodicals. By name of publication, A-Z
NC;NC1549.A-Z;Special artists, A-Z
NC;NC1550;General works
NC;NC1553;Before 19th century
NC;NC1555;19th century
NC;NC1556;20th century
NC;NC1556.3.A-Z;Special works. By name, A-Z
NC;NC1557.A-Z;Collections and exhibitions of works produced in Belgium. By city and museum or
NC;NC1558.A-Z;Collections from special newspapers or periodicals. By name of publication, A-Z
NC;NC1559.A-Z;Special artists, A-Z
NC;NC1570;General works
NC;NC1573;Before 19th century
NC;NC1575;19th century
NC;NC1576;20th century
NC;NC1576.3.A-Z;Special works. By name, A-Z
NC;NC1577.A-Z;Collections and exhibitions of works produced in Russia. By city and museum or
NC;NC1578.A-Z;Collections from special newspapers or periodicals. By name of publication, A-Z
NC;NC1579.A-Z;Special artists, A-Z
NC;NC1580;General works
NC;NC1583;Before 19th century
NC;NC1585;19th century
NC;NC1586;20th century
NC;NC1586.3.A-Z;Special works. By name, A-Z
NC;NC1587.A-Z;Collections and exhibitions of works produced in Scandinavia. By city and museum
NC;NC1588.A-Z;Collections from special newspapers or periodicals. By name of publication, A-Z
NC;NC1589.A-Z;Special artists, A-Z
NC;NC1590;General works
NC;NC1593;Before 19th century
NC;NC1595;19th century
NC;NC1596;20th century
NC;NC1596.3.A-Z;Special works. By name, A-Z
NC;NC1597.A-Z;Collections and exhibitions of works produced in Denmark. By city and museum or
NC;NC1598.A-Z;Collections from special newspapers or periodicals. By name of publication, A-Z
NC;NC1599.A-Z;Special artists, A-Z
NC;NC1600;General works
NC;NC1603;Before 19th century
NC;NC1605;19th century
NC;NC1606;20th century
NC;NC1606.3.A-Z;Special works. By name, A-Z
NC;NC1607.A-Z;Collections and exhibitions of works produced in Iceland. By city and museum or
NC;NC1608.A-Z;Collections from special newspapers or periodicals. By name of publication, A-Z
NC;NC1609.A-Z;Special artists, A-Z
NC;NC1610;General works
NC;NC1613;Before 19th century
NC;NC1615;19th century
NC;NC1616;20th century
NC;NC1616.3.A-Z;Special works. By name, A-Z
NC;NC1617.A-Z;Collections and exhibitions of works produced in Norway. By city and museum or
NC;NC1618.A-Z;Collections from special newspapers or periodicals. By name of publication, A-Z
NC;NC1619.A-Z;Special artists, A-Z
NC;NC1620;General works
NC;NC1623;Before 19th century
NC;NC1625;19th century
NC;NC1626;20th century
NC;NC1626.3.A-Z;Special works. By name, A-Z
NC;NC1627.A-Z;Collections and exhibitions of works produced in Sweden. By city and museum or
NC;NC1628.A-Z;Collections from special newspapers or periodicals. By name of publication, A-Z
NC;NC1629.A-Z;Special artists, A-Z
NC;NC1630;General works
NC;NC1633;Before 19th century
NC;NC1635;19th century
NC;NC1636;20th century
NC;NC1636.3.A-Z;Special works. By name, A-Z
NC;NC1637.A-Z;Collections and exhibitions of works produced in both Spain and Portugal or in
NC;NC1638.A-Z;Collections from special newspapers or periodicals. By name of publication, A-Z
NC;NC1639.A-Z;Special artists, A-Z
NC;NC1640;General works
NC;NC1643;Before 19th century
NC;NC1645;19th century
NC;NC1646;20th century
NC;NC1646.3.A-Z;Special works. By name, A-Z
NC;NC1647.A-Z;Collections and exhibitions of works produced in Portugal. By city and museum or
NC;NC1648.A-Z;Collections from special newspapers or periodicals. By name of publication, A-Z
NC;NC1649.A-Z;Special artists, A-Z
NC;NC1650;General works
NC;NC1653;Before 19th century
NC;NC1655;19th century
NC;NC1656;20th century
NC;NC1656.3.A-Z;Special works. By name, A-Z
NC;NC1657.A-Z;Collections and exhibitions of works produced in Switzerland. By city and museum
NC;NC1658.A-Z;Collections from special newspapers or periodicals. By name of publication, A-Z
NC;NC1659.A-Z;Special artists, A-Z
NC;NC1660.A-Z;Other European countries, A-Z
NC;NC1670.A-Z;Special artists of other countries, A-Z
NC;NC1680;Asia
NC;NC1690;General works
NC;NC1693;Before 19th century
NC;NC1695;19th century
NC;NC1696;20th century
NC;NC1696.3.A-Z;Special works. By name, A-Z
NC;NC1696.4;21st century
NC;NC1697.A-Z;Collections and exhibitions of works produced in China. By city and museum or
NC;NC1698.A-Z;Collections from special newspapers or periodicals. By name of publication, A-Z
NC;NC1699.A-Z;Special artists, A-Z
NC;NC1700;General works
NC;NC1703;Before 19th century
NC;NC1705;19th century
NC;NC1706;20th century
NC;NC1706.3.A-Z;Special works. By name, A-Z
NC;NC1707.A-Z;Collections and exhibitions of works produced in Japan. By city and museum or
NC;NC1708.A-Z;Collections from special newspapers or periodicals. By name of publication, A-Z
NC;NC1709.A-Z;Special artists, A-Z
NC;NC1710;General works
NC;NC1713;Before 19th century
NC;NC1715;19th century
NC;NC1716;20th century
NC;NC1716.3.A-Z;Special works. By name, A-Z
NC;NC1716.4;21st century
NC;NC1717.A-Z;Collections and exhibitions of works produced in India. By city and museum or other
NC;NC1718.A-Z;Collections from special newspapers or periodicals. By name of publication, A-Z
NC;NC1719.A-Z;Special artists, A-Z
NC;NC1720.A-Z;Other Asian countries, A-Z
NC;NC1729.A-Z;Special artists of other Asian countries, A-Z
NC;NC1730;Africa
NC;NC1740.A-Z;Special countries, A-Z
NC;NC1749.A-Z;Special artists, A-Z
NC;NC1750;General works
NC;NC1753;Before 19th century
NC;NC1755;19th century
NC;NC1756;20th century
NC;NC1756.3.A-Z;Special works. By name, A-Z
NC;NC1757.A-Z;Collections and exhibitions of works produced in Australia. By city and museum or
NC;NC1758.A-Z;Collections from special newspapers or periodicals. By name of publication, A-Z
NC;NC1759.A-Z;Special artists, A-Z
NC;NC1760;General works
NC;NC1761.A-Z;Special artists, A-Z
NC;NC1762.A-Z;Other, A-Z
NC;NC1763.A-Z;Special subjects, A-Z
NC;NC1764;General works
NC;NC1764.5.A-Z;Special regions or countries, A-Z
NC;NC1764.8.A-Z;Special topics, A-Z
NC;NC1764.85;Flip books
NC;NC1765;General works
NC;NC1766.A-Z;By region or country, A-Z
NC;NC1766.5.A-Z;Special topics, A-Z
NC;NC1800;Periodicals and societies
NC;NC1805.A-Z;United States. By city and museum or other place of exhibition, A-Z
NC;NC1806.A-Z;Other countries. By country and city, A-Z
NC;NC1806.45;General works
NC;NC1806.7;19th century
NC;NC1806.8;20th century
NC;NC1806.9;21st century
NC;NC1807.A-Z;Special countries, A-Z
NC;NC1810;General works (Technique, etc.)
NC;NC1815;General special
NC;NC1817;Juvenile works
NC;NC1820;Collective
NC;NC1823.A-Z;Special countries, A-Z
NC;NC1825.A-Z;United States. By city and museum, A-Z
NC;NC1827.A-Z;Other countries. By country and city, A-Z
NC;NC1830;Collective
NC;NC1831.A-Z;Special, by collector, A-Z
NC;NC1833.A-Z;Other regions or countries, A-Z
NC;NC1840;Trade catalogs
NC;NC1845.A-Z;Posters in special styles, A-Z
NC;NC1849.A-Z;Special topics, A-Z
NC;NC1850.A-Z;Posters by special artists
NC;NC1855;General works
NC;NC1856;United States
NC;NC1857.A-Z;Other regions or countries, A-Z
NC;NC1858.A-Z;Trade catalogs. By compiler, A-Z
NC;NC1860;General (technique, etc.)
NC;NC1861.A-Z;Exhibitions. Collections. Museums. By country and collector or place of exhibition, A-Z
NC;NC1864.A-Z;Publishers' catalogs. By firm, A-Z
NC;NC1866.A-Z;Special occasions, A-Z
NC;NC1867.A-Z;Special styles, A-Z
NC;NC1868.A-Z;Special designers, A-Z
NC;NC1870;Periodicals
NC;NC1871.A-Z;United States. By city and museum or other place of exhibition, A-Z
NC;NC1871.5.A-Z;Other countries. By country and city, A-Z
NC;NC1872;General works
NC;NC1875.A-Z;Collections. By country and collector, A-Z
NC;NC1875.5;General works
NC;NC1876.A-Z;By region or country, A-Z
NC;NC1877.A-Z;Individual firms, A-Z
NC;NC1878.A-Z;Special subjects, A-Z
NC;NC1878.5.A-Z;Picture postcards in special styles, A-Z
NC;NC1878.7.A-Z;Special countries, A-Z
NC;NC1879.A-Z;Special artists, A-Z
NC;NC1880;Invitations, social announcements, calling cards
NC;NC1882;General works
NC;NC1882.5.A-Z;Exhibitions. Collections. Museums. By country and collector or place of exhibition, A-Z
NC;NC1882.7.A-Z;Special subjects, A-Z
NC;NC1883.A-Z;Special countries, A-Z
NC;NC1883.3.A-Z;Special artists, A-Z
NC;NC1883.5;General works
NC;NC1883.6.A-Z;Special countries, A-Z
NC;NC1889;General works
NC;NC1890.A-Z;Special countries, A-Z
NC;NC1895;General works
NC;NC1896.A-Z;Special regions or countries, A-Z
NC;NC1900;Copying, enlarging, and reduction of drawings
NC;NC1920;Pantograph
NC;NC1940;Transfer processes
ND;ND25;Several authors
ND;ND27;Individual authors
ND;ND30;Encyclopedias
ND;ND31;Dictionaries
ND;ND34;Early works to 1800
ND;ND35;1801-
ND;ND36;Popular works
ND;ND38;Women painters
ND;ND40;Catalogues raisonnés (General)
ND;ND45;Other general catalogs of paintings. Indexes to paintings
ND;ND45.5;Appraisal of paintings
ND;ND46;Early works to 1800
ND;ND47;1801-
ND;ND48.5;Painting as investment
ND;ND49;Early works to 1800
ND;ND50;General works
ND;ND53;General special
ND;ND53.5;Outlines, syllabi
ND;ND55;Chronological lists
ND;ND60;Ancient and medieval
ND;ND70;General works
ND;ND73;General special
ND;ND75;Egyptian
ND;ND100;Classical
ND;ND110;Greek
ND;ND115.A-Z;Special painters, A-Z
ND;ND118;Ancient Italy (General)
ND;ND120;Roman
ND;ND125;Pompeian
ND;ND127.A-Z;Special painters, A-Z
ND;ND130.A-Z;Other ancient, A-Z
ND;ND135;Early Christian
ND;ND137;Medieval and modern painting
ND;ND138;Folios
ND;ND140;General works
ND;ND141;General special
ND;ND141.5;Carolingian
ND;ND142;Byzantine
ND;ND143;Romanesque
ND;ND144;Gothic
ND;ND146;Islamic painting
ND;ND150;Old masters
ND;ND160;General works
ND;ND170;General works
ND;ND172.A-Z;Special aspects or movements, A-Z
ND;ND177;17th and 18th centuries
ND;ND180;General works
ND;ND182.A-Z;Special aspects or movements, A-Z
ND;ND186;General works
ND;ND188.A-Z;Special aspects or movements, A-Z
ND;ND189;19th and 20th centuries
ND;ND190;General works
ND;ND192.A-Z;Special aspects or movements, A-Z
ND;ND194.5;Dictionaries
ND;ND195;General works
ND;ND196.A-Z;Special aspects or movements, A-Z
ND;ND196.2;General works
ND;ND196.4.A-Z;Special aspects or movements, A-Z
ND;ND197;Buddhist painting
ND;ND199;Jewish painting
ND;ND201-1114;Special regions or countries (Table N5 modified)
ND;ND467;General works
ND;ND467.5.A-Z;Special aspects or movements, A-Z
ND;ND547;General works
ND;ND547.5.A-Z;Special aspects or movements, A-Z
ND;ND553.A-Z;Special artists, A-Z
ND;ND566;General works
ND;ND566.5.A-Z;Special aspects or movements, A-Z
ND;ND568;General works
ND;ND568.5.A-Z;Special aspects or movements, A-Z
ND;ND623.A-Z;Special artists, A-Z
ND;ND673.A-Z;Special artists, A-Z
ND;ND699.A-Z;Special artists, A-Z
ND;ND813.A-Z;Special artists, A-Z
ND;ND1004.5.A-Z;Special aspects or movements, A-Z
ND;ND1005.5.A-Z;Special aspects or movements, A-Z
ND;ND1043.4;General works
ND;ND1043.43.A-Z;Special aspects and movements, A-Z
ND;ND1060;General works
ND;ND1115;General works
ND;ND1120;General special
ND;ND1130;Early works to 1800
ND;ND1133;Comprehensive works
ND;ND1135;1800-
ND;ND1140;General special
ND;ND1142;General works
ND;ND1143;Appreciation of painting
ND;ND1145;Famous pictures described and interpreted
ND;ND1146;Juvenile works
ND;ND1150;Essays, lectures, etc.
ND;ND1155;Anecdotes of painters and painting
ND;ND1156;Facetiae, satire, caricatures, etc.
ND;ND1158.A-Z;Painting in relation to other subjects, A-Z
ND;ND1159;Small paintings
ND;ND1288;Choice of subject. Titles. Themes and motives
ND;ND1290;General works
ND;ND1290.5;Nudes
ND;ND1290.7;Female nudes
ND;ND1290.8;Male nudes
ND;ND1292;United States
ND;ND1293.A-Z;Other regions or countries, A-Z
ND;ND1300;General works
ND;ND1301.A-Z;United States. By city and gallery or other place of exhibition, A-Z
ND;ND1301.5.A-Z;Other countries. By country and city, A-Z
ND;ND1301.6.A-Z;Private collections. By collector, A-Z
ND;ND1302;Technical manuals
ND;ND1303;General works
ND;ND1304;General special
ND;ND1305;Ancient
ND;ND1307;Medieval
ND;ND1308;15th-16th centuries
ND;ND1309;General works
ND;ND1309.2;16th century
ND;ND1309.3;17th century
ND;ND1309.4;18th century
ND;ND1309.5;19th century
ND;ND1309.6;20th century
ND;ND1311;General works
ND;ND1311.1;17th-18th centuries
ND;ND1311.2;19th century
ND;ND1311.3;20th century
ND;ND1311.5;New England
ND;ND1311.6;South
ND;ND1311.65;Central States
ND;ND1311.7;West
ND;ND1311.75;Pacific States
ND;ND1311.9.A-Z;By city, A-Z
ND;ND1312.A-Z;Other American, A-Z
ND;ND1314-1314.7;Great Britain (Table N18)
ND;ND1315-1315.7;Austria (Table N18)
ND;ND1316-1316.7;France (Table N18)
ND;ND1317-1317.7;General, and West Germany (Table N18 modified)
ND;ND1317.67;21st century
ND;ND1317.7;East Germany
ND;ND1318-1318.7;Italy (Table N18 modified)
ND;ND1318.14;14th century
ND;ND1318.15;15th century
ND;ND1319-1319.7;Netherlands. Belgium (Table N18)
ND;ND1320-1320.7;Russia (Table N18)
ND;ND1321-1321.7;Scandinavia (Table N18)
ND;ND1322-1322.7;Spain and Portugal (Table N18)
ND;ND1323-1323.7;Switzerland (Table N18)
ND;ND1324.A-Z;Other European, A-Z
ND;ND1325-1325.7;General (Table N18)
ND;ND1326-1326.7;China and Japan (Table N18)
ND;ND1326.8.A-Z;Other Oriental regions or countries, A-Z
ND;ND1327.A-Z;Other regions or countries, A-Z
ND;ND1328;Collective biography
ND;ND1329.A-Z;Special artists, A-Z
ND;ND1329.3.A-Z;Special subjects, A-Z
ND;ND1329.8;Early works through 1800
ND;ND1329.9;1801-
ND;ND1330;Technique
ND;ND1333.A-Z;United States. By city and museum or other place of exhibition, A-Z
ND;ND1335.A-Z;Other countries. By country and city, A-Z
ND;ND1335.6.A-Z;Private collections. By collector, A-Z
ND;ND1336;Biography (Collective)
ND;ND1340;General works
ND;ND1341;Sketching
ND;ND1342;Technical manuals
ND;ND1343;General works
ND;ND1345;Ancient
ND;ND1347;Medieval
ND;ND1348;15th-16th centuries
ND;ND1349;General works
ND;ND1349.2;16th century
ND;ND1349.3;17th century
ND;ND1349.4;18th century
ND;ND1349.5;19th century
ND;ND1349.6;20th century
ND;ND1351-1351.7;United States (Table N18)
ND;ND1352.A-Z;Other American, A-Z
ND;ND1353-1353.7;General (Table N18)
ND;ND1354-1354.7;Great Britain (Table N18)
ND;ND1355-1355.7;Austria (Table N18)
ND;ND1356-1356.7;France (Table N18)
ND;ND1357-1357.7;Germany (Table N18)
ND;ND1358-1358.7;Italy (Table N18)
ND;ND1359-1359.7;Netherlands. Belgium (Table N18)
ND;ND1360-1360.7;Russia (Table N18)
ND;ND1361-1361.7;Scandinavia (Table N18)
ND;ND1362-1362.7;Spain and Portugal (Table N18)
ND;ND1363-1363.7;Switzerland (Table N18)
ND;ND1364.A-Z;Other European, A-Z
ND;ND1365;General works
ND;ND1365.5;Russia in Asia
ND;ND1366;General works
ND;ND1366.7;General works
ND;ND1366.715;Pre-16th century
ND;ND1366.72;16th century
ND;ND1366.73;17th century
ND;ND1366.74;18th century
ND;ND1366.75;19th century
ND;ND1366.76;20th century
ND;ND1366.77;21st century
ND;ND1366.8;General works
ND;ND1366.815;Pre-16th century
ND;ND1366.82;16th century
ND;ND1366.83;17th century
ND;ND1366.84;18th century
ND;ND1366.85;19th century
ND;ND1366.86;20th century
ND;ND1366.9;General works
ND;ND1366.915;Pre-16th century
ND;ND1366.92;16th century
ND;ND1366.93;17th century
ND;ND1366.94;18th century
ND;ND1366.95;19th century
ND;ND1366.96;20th century
ND;ND1366.97;21st century
ND;ND1367.A-Z;Other regions or countries (including Asian), A-Z
ND;ND1370;General works
ND;ND1372-1372.7;United States (Table N18)
ND;ND1373.A-Z;Other regions or countries, A-Z
ND;ND1374;Collective biography
ND;ND1375.A-Z;Special artists, A-Z
ND;ND1380;General works
ND;ND1382-1382.7;United States (Table N18)
ND;ND1383.A-Z;Other regions or countries, A-Z
ND;ND1385;General works
ND;ND1387-1387.7;United States (Table N18)
ND;ND1388.A-Z;Other regions or countries, A-Z
ND;ND1390;General works
ND;ND1392-1392.7;United States (Table N18)
ND;ND1393.A-Z;Other regions or countries, A-Z
ND;ND1400;General works
ND;ND1402-1402.7;United States (Table N18)
ND;ND1403.A-Z;Other regions or countries, A-Z
ND;ND1410;General works
ND;ND1411-1411.7;United States (Table N18)
ND;ND1412.A-Z;Other regions or countries, A-Z
ND;ND1420;General works
ND;ND1421-1421.7;United States (Table N18)
ND;ND1422.A-Z;Other regions or countries, A-Z
ND;ND1430;General works
ND;ND1431-1431.7;United States (Table N18)
ND;ND1432.A-Z;Other regions or countries, A-Z
ND;ND1440;General works
ND;ND1441-1441.7;United States (Table N18)
ND;ND1442.A-Z;Other regions or countries, A-Z
ND;ND1450;General works
ND;ND1451-1451.7;United States (Table N18)
ND;ND1452.A-Z;Other regions or countries, A-Z
ND;ND1460.A-Z;Miscellaneous, A-Z
ND;ND1470;Periodicals
ND;ND1471;General works
ND;ND1471.5;Paint-by-numbers
ND;ND1473;Technical manuals for amateur painters
ND;ND1475;Composition
ND;ND1480;General works
ND;ND1481;General special
ND;ND1482.A-Z;Special styles, A-Z
ND;ND1484;Light
ND;ND1486;Early works to 1800
ND;ND1488;1800-
ND;ND1489;General special
ND;ND1490;Popular works
ND;ND1492;Technical works
ND;ND1493.A-Z;Special color systems, A-Z
ND;ND1495.A-Z;Special aspects of color, A-Z
ND;ND1500;General. Technical manuals for artists
ND;ND1505;General special
ND;ND1509;Mixed media
ND;ND1510;Pigments
ND;ND1530;Varnishes
ND;ND1533;Water-soluble oil paint
ND;ND1535;Synthetic pigments and media
ND;ND1536;Rollers
ND;ND1538;Brushes
ND;ND1539;Painting knives and other implements
ND;ND1550.A-Z;Trade catalogs. By firm, A-Z
ND;ND1560;General works
ND;ND1570;General works
ND;ND1572;Silk, satin, and other fabrics (Kensington, Lustra, etc.)
ND;ND1573;Transparency painting of fabrics
ND;ND1575;Wood
ND;ND1580;Stone
ND;ND1585;Paper
ND;ND1587;Vellum
ND;ND1595;Lantern slides (Hand painted)
ND;ND1605;Metal
ND;ND1615;Ivory
ND;ND1618;Plastics
ND;ND1620;Amateurs' manuals for painting on china, satin, glass, etc.
ND;ND1625;Silk, satin, and other fabrics (Kensington, Lustra, etc.)
ND;ND1630;General works
ND;ND1632;Mutilation or defacement of paintings
ND;ND1635;Technical examination: Expertising, x-ray, micrography, etc.
ND;ND1637;Attribution and reattribution
ND;ND1638;Deterioration of paintings
ND;ND1640;General works
ND;ND1643.A-Z;Special collections, A-Z
ND;ND1650;General works
ND;ND1651.A-Z;Exhibitions. Collections. Museums. By country and place of exhibition, A-Z
ND;ND1653.A-Z;Special. By restorer, A-Z
ND;ND1655;Copying and reproducing of paintings
ND;ND1656.A-Z;Special. By painter or work of art copied, A-Z
ND;ND1660;Painting forgeries
ND;ND1662.A-Z;Special. By forger, or work of art, A-Z
ND;ND1700;Periodicals
ND;ND1711;United States
ND;ND1712.A-Z;Other American countries, A-Z
ND;ND1713;Great Britain
ND;ND1714;France
ND;ND1715;Germany. Austria
ND;ND1716;Italy
ND;ND1717;Netherlands. Belgium
ND;ND1718;Scandinavia
ND;ND1719;Spain and Portugal
ND;ND1720;Switzerland
ND;ND1721.A-Z;Other countries, A-Z
ND;ND1725.A-Z;United States. By city and museum or collector, A-Z
ND;ND1727.A-Z;Other countries. By country and city, or country and collector, A-Z
ND;ND1731.A-Z;United States. By city and museum or other place of exhibition, A-Z
ND;ND1733.A-Z;Great Britain. By city and museum or other place of exhibition, A-Z
ND;ND1735.A-Z;Other countries. By country and city, A-Z
ND;ND1740;Several authors
ND;ND1742;Individual authors
ND;ND1750;Biography (Collective)
ND;ND1760;General works
ND;ND1770;Ancient
ND;ND1780;Medieval
ND;ND1790;Modern
ND;ND1795;17th-18th centuries
ND;ND1797;19th century
ND;ND1798;20th century
ND;ND1799;21st century
ND;ND1801-2094.5;Special regions or countries (Table N4 modified)
ND;ND1;General works
ND;ND2.A-Z;Special divisions, A-Z
ND;ND3.A-Z;Special cities, A-Z
ND;ND4.A-Z;Special artists, A-Z
ND;ND1841;General works
ND;ND1842.A-Z;Local, A-Z
ND;ND1843.A-Z;Special artists, A-Z
ND;ND1843.2;General
ND;ND1843.3.A-Z;Special, A-Z
ND;ND2095.A-Z;Special works, by name (artist unknown), A-Z (regardless of country)
ND;ND2110;General works
ND;ND2113;Outlines, syllabi, etc.
ND;ND2115.A-Z;Special topics, A-Z
ND;ND2125;Early works to 1800
ND;ND2130;1800-
ND;ND2150;Addresses, essays, lectures
ND;ND2190;General works
ND;ND2191;United States
ND;ND2192.A-Z;Other regions or countries, A-Z
ND;ND2200;General works
ND;ND2201;United States
ND;ND2202.A-Z;Other regions or countries, A-Z
ND;ND2237;General works
ND;ND2238;United States
ND;ND2239.A-Z;Other regions or countries, A-Z
ND;ND2240;General works
ND;ND2241;Sketching
ND;ND2242;United States
ND;ND2243.A-Z;Other regions or countries, A-Z
ND;ND2244;General works
ND;ND2245;United States
ND;ND2246.A-Z;Other regions or countries, A-Z
ND;ND2270;General works
ND;ND2271;United States
ND;ND2272.A-Z;Other regions or countries, A-Z
ND;ND2280;General works
ND;ND2281;United States
ND;ND2282.A-Z;Other regions or countries, A-Z
ND;ND2290;General works
ND;ND2291;United States
ND;ND2292.A-Z;Other regions or countries, A-Z
ND;ND2300;General works
ND;ND2301;United States
ND;ND2302.A-Z;Other regions or countries, A-Z
ND;ND2310;General works
ND;ND2311;United States
ND;ND2312.A-Z;Other regions or countries, A-Z
ND;ND2350;General works
ND;ND2351;United States
ND;ND2352.A-Z;Other regions or countries, A-Z
ND;ND2360;General works
ND;ND2361;United States
ND;ND2362.A-Z;Other regions or countries, A-Z
ND;ND2365.A-Z;Miscellaneous, A-Z
ND;ND2370;Fore-edge painting
ND;ND2397;Outline design cards
ND;ND2399;Painting books for children
ND;ND2420;General works
ND;ND2422;General special
ND;ND2425.A-Z;Trade catalogs. By firm, A-Z
ND;ND2430;General works. Technical manuals
ND;ND2435;Special elements of technique
ND;ND2440;Minor technical. Juvenile
ND;ND2460;India-ink and sepia brush work. Neutral tints
ND;ND2462;Sumi painting. Haiga
ND;ND2463;Nanga
ND;ND2465;Tempera. Gouache. Casein. Distemper
ND;ND2468;Egg tempera
ND;ND2470;Fresco
ND;ND2480;Encaustic
ND;ND2490;Finger painting
ND;ND2492;Stencil painting
ND;ND2495;Other (not A-Z)
ND;ND2550;General works
ND;ND2550.2;General works
ND;ND2550.3;Technical examination: Expertising, x-ray, micrography, etc.
ND;ND2550.5;Attribution and reattribution
ND;ND2551;Deterioration of murals
ND;ND2552;Restoration of murals
ND;ND2555;Ancient and medieval
ND;ND2560;Ancient
ND;ND2565;Etruscan
ND;ND2570;Greek. Hellenistic
ND;ND2575;Roman. Pompeian. Herculanean
ND;ND2578;Medieval
ND;ND2578.3;Sogdian
ND;ND2579;Carolingian
ND;ND2580;Romanesque
ND;ND2583;Byzantine
ND;ND2590;Modern
ND;ND2601-2877;Special regions or countries (Table N3 modified)
ND;ND2731.A-Z;English counties, A-Z
ND;ND2732.A-Z;London. By building, A-Z
ND;ND2733.A-Z;Other local, A-Z
ND;ND2863;General works
ND;ND2863.3;Coptic
ND;ND2864.A-Z;Special divisions, regions, A-Z
ND;ND2865.A-Z;Special cities, A-Z
ND;ND2880;General works
ND;ND2880.5.A-Z;By region or country, A-Z
ND;ND2881.A-Z;By special artists, A-Z
ND;ND2882;General works
ND;ND2882.5.A-Z;Special artists, A-Z
ND;ND2883;Cosmoramas
ND;ND2885;General works
ND;ND2887.A-Z;Special countries, A-Z
ND;ND2888.A-Z;Special artists, A-Z
ND;ND2889;Dictionaries
ND;ND2890;Biographical dictionaries
ND;ND2893;Exhibitions
ND;ND2894.A-Z;Collections in special countries, A-Z
ND;ND2895.A-Z;United States. By city and institution, A-Z
ND;ND2896.A-Z;Other American. By country and city, A-Z
ND;ND2897.A-Z;Great Britain. By city and institution, A-Z
ND;ND2898.A-Z;Other European countries. By country and city, A-Z
ND;ND2899.A-Z;Other countries. By country and city, A-Z
ND;ND2899.5;Sales catalogs
ND;ND2900;General works
ND;ND2910;Ancient
ND;ND2920;Medieval
ND;ND2930;Early Christian. Byzantine
ND;ND2932;Manichaen
ND;ND2935;Hebrew
ND;ND2940;Anglo-Saxon. Celtic. Irish
ND;ND2950;Carolingian
ND;ND2955;Islamic
ND;ND2960;Romanesque
ND;ND2980;Gothic
ND;ND2990;Renaissance
ND;ND3001-3294.5;Special regions or countries (Table N4 modified)
ND;ND3041;General works
ND;ND3042.A-Z;Local, A-Z
ND;ND3043.A-Z;Special artists, A-Z
ND;ND3043.2;General
ND;ND3043.3.A-Z;Special, A-Z
ND;ND3305;Early works to 1800
ND;ND3310;Treatises since 1800
ND;ND3320;General special
ND;ND3325;Addresses, essays, lectures
ND;ND3327.A-Z;Special techniques, A-Z
ND;ND3332;Amusements
ND;ND3333;Magic
ND;ND3334;Borders
ND;ND3335;Initials. Ornaments
ND;ND3336;Occupations
ND;ND3337;Human figure. Portraits
ND;ND3337.3;Mongols
ND;ND3337.5;Voyages to the otherworld
ND;ND3338;Religious subjects
ND;ND3339;Animals. Birds
ND;ND3339.5;Monsters. Grotesques
ND;ND3340;Plants. Flowers. Trees
ND;ND3341;Landscapes
ND;ND3342;Interiors. Still life
ND;ND3343;Architecture
ND;ND3343.4;Marginal illustrations. Margins
ND;ND3343.5;Musical instruments. Musicians
ND;ND3343.7;Antisemitism
ND;ND3343.8;History
ND;ND3343.9;Heraldry
ND;ND3344;Costume. Clothing and dress
ND;ND3345;Societies (for the reproduction of illuminated manuscripts)
ND;ND3350;Series. Collections
ND;ND3355;General works
ND;ND3355.5.A-Z;Special Bibles. By name, A-Z
ND;ND3356;General works
ND;ND3356.5.A-Z;Special Bibles. By name, A-Z
ND;ND3357.A-Z;Psalters, A-Z
ND;ND3358.A-Z;Other special parts of the Old Testament, A-Z
ND;ND3361.A-Z;Special parts, A-Z
ND;ND3362.5;Benedictionals
ND;ND3365;Breviaries
ND;ND3370;General works
ND;ND3370.5.A-Z;Special, A-Z
ND;ND3374.8;General works
ND;ND3375.A-Z;Special, A-Z
ND;ND3380;General works
ND;ND3380.4.A-Z;Special, A-Z
ND;ND3385.A-Z;Other religious works, A-Z
ND;ND3390;Cartularies
ND;ND3395.A-Z;Classical authors, A-Z
ND;ND3399.A-Z;Other secular works, A-Z
ND;ND3410.A-Z;Works by special artists, A-Z
ND;ND3416;Collaborations and compilations
NE;NE1;Periodicals and societies
NE;NE3;Congresses
NE;NE20;Encyclopedias
NE;NE25;Dictionaries
NE;NE30;Directories
NE;NE42.A-Z;United States. By city and gallery or other place of exhibition, A-Z
NE;NE45.A-Z;Other countries. By country and city, A-Z
NE;NE53.A-Z;United States. By city and museum or collector, A-Z
NE;NE55.A-Z;Other countries. By country and city, A-Z
NE;NE57.A-Z;United States. By collector, A-Z
NE;NE59.A-Z;Other countries. By country and collector, A-Z
NE;NE59.5;Collective
NE;NE59.7.A-Z;Individual, A-Z
NE;NE60;Organization and administration of museums, galleries and collections
NE;NE61;Printmaking as a profession
NE;NE62;Economic aspects of printmaking
NE;NE63;Before 1801
NE;NE65;Auction catalogs, 1801-
NE;NE70;Dealers' catalogs, 1801-
NE;NE75;Publishers' catalogs, 1801-
NE;NE85;Prices of prints
NE;NE90;Catalogues raisonnés. Peintre-graveurs
NE;NE218;General works
NE;NE219.A-Z;United States. By city and gallery or other place of exhibition, A-Z
NE;NE219.2.A-Z;Other countries. By country and city, A-Z
NE;NE220;General
NE;NE230.A-Z;United States. By city and museum or collector, A-Z
NE;NE232.A-Z;Other countries. By country and city, A-Z
NE;NE240.A-Z;United States. By collector, A-Z
NE;NE242.A-Z;Other countries. By country and collector, A-Z
NE;NE250.A-Z;Sales catalogs. By dealer or auction house, A-Z
NE;NE260;General
NE;NE262;17th-18th centuries
NE;NE263;19th century
NE;NE264;20th century
NE;NE264.5;General
NE;NE265;General
NE;NE266.A-Z;By county, A-Z
NE;NE270;France
NE;NE275;Germany
NE;NE280;Italy
NE;NE285;Netherlands
NE;NE290;Russia
NE;NE295;Scandinavia
NE;NE300;Spain and Portugal
NE;NE310.A-Z;Other regions or countries, A-Z
NE;NE380;Conservation and restoration of prints
NE;NE390;Several authors
NE;NE395.A-Z;Individual authors, A-Z
NE;NE400;General
NE;NE402;Intercultural relations in prints (General)
NE;NE405;General works
NE;NE410;Oriental
NE;NE415.A-Z;Classical Orient, A-Z
NE;NE420.A-Z;Others, A-Z
NE;NE430;General works
NE;NE440;General works
NE;NE441;Collections in book form
NE;NE441.5.A-Z;Special aspects or movements, A-Z
NE;NE444;General works
NE;NE444.5.A-Z;Special aspects or movements, A-Z
NE;NE445;Einblattdruck series
NE;NE450.A-Z;Other series, A-Z
NE;NE468.A-Z;"Anonymous engravers; unnamed masters, A-Z"
NE;NE470;General works
NE;NE471;Collections in book form
NE;NE475;17th century
NE;NE476;Collections in book form
NE;NE480;18th century
NE;NE481;Collections in book form
NE;NE485;19th century
NE;NE486;Collections in book form
NE;NE487.A-Z;Special aspects or movements, A-Z
NE;NE490;General works
NE;NE491;Collections in book form
NE;NE492.A-Z;Special aspects or movements, A-Z
NE;NE495;General works
NE;NE496;Collections in book form
NE;NE497.A-Z;Special aspects or movements, A-Z
NE;NE501-794.5;Special regions or countries (Table N4 modified)
NE;NE1.16;Renaissance. 15th-16th centuries
NE;NE1.2;17th-18th centuries
NE;NE1.3;19th century
NE;NE1.4;20th century
NE;NE1.5;21st century
NE;NE1.6.A-Z;Special aspects or movements, A-Z
NE;NE2.A-Z;Special divisions, A-Z
NE;NE3.A-Z;Special cities, A-Z
NE;NE4.A-Z;Special artists, A-Z
NE;NE1.A-Z;General works
NE;NE508.3.A-Z;Special aspects or movements, A-Z
NE;NE541;General works
NE;NE541.2;17th-18th centuries
NE;NE541.3;19th century
NE;NE541.4;20th century
NE;NE541.5;21st century
NE;NE542.2.A-Z;Local, A-Z
NE;NE542.3.A-Z;Special artists, A-Z
NE;NE543.2;General
NE;NE543.3.A-Z;Special, A-Z
NE;NE544;General works
NE;NE544.2;17th-18th centuries
NE;NE544.3;19th century
NE;NE544.4;20th century
NE;NE544.5;21st century
NE;NE544.6.A-Z;Special aspects or movements, A-Z
NE;NE545.A-Z;Local, A-Z
NE;NE546.A-Z;Special artists, A-Z
NE;NE592;General works
NE;NE592.6.A-Z;Special aspects or movements, A-Z
NE;NE622;General works
NE;NE622.2;17th-18th centuries
NE;NE622.3;19th century
NE;NE622.4;20th century
NE;NE622.6.A-Z;Special aspects or movements, A-Z
NE;NE623.A-Z;Local, A-Z
NE;NE624.A-Z;Special artists, A-Z
NE;NE628;General works
NE;NE628.2;17th-18th centuries
NE;NE628.3;19th century
NE;NE628.4;20th century
NE;NE628.6.A-Z;Special aspects or movements, A-Z
NE;NE651;General works
NE;NE651.16;Renaissance. 15th-16th centuries
NE;NE651.2;17th-18th centuries
NE;NE651.3;19th century
NE;NE651.4;20th century
NE;NE651.6.A-Z;Special aspects or movements, A-Z
NE;NE652.A-Z;Special divisions, A-Z
NE;NE653.A-Z;Special cities, A-Z
NE;NE654.A-Z;Special artists, A-Z
NE;NE671;General works
NE;NE671.16;Renaissance. 15th-16th centuries
NE;NE671.2;17th-18th centuries
NE;NE671.3;19th century
NE;NE671.4;20th century
NE;NE671.6.A-Z;Special aspects or movements, A-Z
NE;NE672.A-Z;Special divisions, A-Z
NE;NE673.A-Z;Special cities, A-Z
NE;NE674.A-Z;Special artists, A-Z
NE;NE683;General works
NE;NE683.16;Renaissance. 15th-16th centuries
NE;NE683.2;17th-18th centuries
NE;NE683.3;19th century
NE;NE683.4;20th century
NE;NE683.6.A-Z;Special aspects or movements, A-Z
NE;NE684.A-Z;Special divisions, A-Z
NE;NE685.A-Z;Special cities, A-Z
NE;NE686.A-Z;Special artists, A-Z
NE;NE695;General works
NE;NE695.16;Renaissance. 15th-16th centuries
NE;NE695.2;17th-18th centuries
NE;NE695.3;19th century
NE;NE695.4;20th century
NE;NE695.6.A-Z;Special aspects or movements, A-Z
NE;NE696.A-Z;Special divisions, A-Z
NE;NE697.A-Z;Special cities, A-Z
NE;NE698.A-Z;Special artists, A-Z
NE;NE800;Collective
NE;NE820;Engravers' marks, monograms, etc.
NE;NE830;General
NE;NE835;Minor
NE;NE840;Popular
NE;NE850;General
NE;NE855;Minor
NE;NE860;Popular
NE;NE863;General special
NE;NE865;Addresses, essays, lectures
NE;NE880;Before 1851
NE;NE885;1851-
NE;NE890;General works
NE;NE892.A-Z;By region or country, A-Z
NE;NE893;General works
NE;NE893.5.A-Z;Museums. Collections. Exhibitions. By city and museum or collector, A-Z
NE;NE897;General works
NE;NE898.A-Z;By region or country, A-Z
NE;NE951;Choice of subject. Titles. Themes and motives
NE;NE953;General works
NE;NE953.2;United States
NE;NE953.3.A-Z;Other countries, A-Z
NE;NE954;General works
NE;NE954.2;United States
NE;NE954.3.A-Z;Other countries, A-Z
NE;NE955;General works
NE;NE955.2;United States
NE;NE955.3.A-Z;Other countries, A-Z
NE;NE957;General works
NE;NE957.2;United States
NE;NE957.3.A-Z;Other countries, A-Z
NE;NE958;General works
NE;NE958.2;United States
NE;NE958.3.A-Z;Other countries, A-Z
NE;NE960;General works
NE;NE960.2;United States
NE;NE960.3.A-Z;Other countries, A-Z
NE;NE962.A-Z;Other subjects, A-Z
NE;NE965;General works
NE;NE965.2;United States
NE;NE965.3.A-Z;Other regions or countries, A-Z
NE;NE970;General works
NE;NE973;General special
NE;NE975;General and international
NE;NE975.3;United States
NE;NE975.4.A-Z;Other countries, A-Z
NE;NE976;Printmaking materials
NE;NE977;General works
NE;NE978;Catalogs
NE;NE1000;Periodicals and societies
NE;NE1010.A-Z;United States. By city and gallery or other place of exhibition, A-Z
NE;NE1012.A-Z;Other countries. By country and city, A-Z
NE;NE1020.A-Z;United States. By city and museum or collector, A-Z
NE;NE1022.A-Z;Other countries. By country and city, A-Z
NE;NE1025.A-Z;United States. By collector, A-Z
NE;NE1027.A-Z;Other countries. By country and collector, A-Z
NE;NE1030;General works
NE;NE1032;Miscellaneous collections of woodcuts in book form
NE;NE1035;General works
NE;NE1037.A-Z;Special works, A-Z
NE;NE1045;General works
NE;NE1047;Collections in book form
NE;NE1048;General works
NE;NE1049;Collections in book form
NE;NE1050;General works
NE;NE1052;General
NE;NE1055;Series
NE;NE1070;Bibles
NE;NE1075.A-Z;Others, A-Z
NE;NE1080;General works
NE;NE1082;Collections in book form
NE;NE1085;General works
NE;NE1087;Collections in book form
NE;NE1088.A-Z;Special works, A-Z
NE;NE1090;General works
NE;NE1092;Collections in book form
NE;NE1093.A-Z;Special works, A-Z
NE;NE1095;General works
NE;NE1096;Collections in book form
NE;NE1097.A-Z;Special works, A-Z
NE;NE1098;General works
NE;NE1098.5;Collections in book form
NE;NE1099.A-Z;Special works, A-Z
NE;NE1101-1196.3;Special regions or countries (Table N1 modified)
NE;NE0;General works
NE;NE0.16;16th century
NE;NE0.2;17th-18th century
NE;NE0.25;19th century
NE;NE0.3;20th century
NE;NE0.35.A-Z;Special aspects or movements, A-Z
NE;NE0.4.A-Z;Local, A-Z
NE;NE0.5.A-Z;Special artists, A-Z
NE;NE1200;Collective
NE;NE1220;Technical
NE;NE1223;Popular
NE;NE1225;Technical
NE;NE1227;Popular
NE;NE1233;Addresses, essays, lectures
NE;NE1300;General works
NE;NE1300.2;Early to 1900
NE;NE1300.4;20th century
NE;NE1300.5;General works
NE;NE1300.6.A-Z;Special artists, A-Z
NE;NE1300.8.A-Z;Other regions or countries, A-Z
NE;NE1310;General works
NE;NE1314.A-Z;United States. By city and museum or other place of exhibition, A-Z
NE;NE1315.A-Z;Other countries. By country and city, A-Z
NE;NE1317.A-Z;United States. By city and museum or collector, A-Z
NE;NE1318.A-Z;Other countries. By country and city or collector, A-Z
NE;NE1321;General works
NE;NE1321.4;Collections in book form
NE;NE1321.5;Folios
NE;NE1321.7;Kamakura-Momoyama period (1185-1600)
NE;NE1321.8;General works
NE;NE1321.85.A-Z;Special aspects or movements, A-Z
NE;NE1322;Meiji period (1868-1912)
NE;NE1323;General works
NE;NE1323.4;Collections in book form
NE;NE1323.5;Folios
NE;NE1323.7.A-Z;Special aspects or movements, A-Z
NE;NE1325.A-Z;Special artists, A-Z
NE;NE1326;Artists' marks
NE;NE1326.5.A-Z;Special subjects, A-Z
NE;NE1330;General works
NE;NE1331;Linoleum prints in color
NE;NE1332;United States
NE;NE1334.A-Z;Other regions or countries, A-Z
NE;NE1336.A-Z;Special artists, A-Z
NE;NE1338;General works
NE;NE1339.A-Z;By region or country, A-Z
NE;NE1340;General works
NE;NE1341.A-Z;By region or country, A-Z
NE;NE1344;General works
NE;NE1345.A-Z;By region or country, A-Z
NE;NE1350;General works
NE;NE1352.A-Z;Special materials, A-Z
NE;NE1400;Periodicals and societies
NE;NE1410.A-Z;United States. By city and gallery or other place of exhibition, A-Z
NE;NE1412.A-Z;Other countries. By country and city, A-Z
NE;NE1415.A-Z;United States. By city and museum or collector, A-Z
NE;NE1417.A-Z;Other countries. By country and city, A-Z
NE;NE1420.A-Z;United States. By collector, A-Z
NE;NE1422.A-Z;Other countries. By country and collector, A-Z
NE;NE1620;Before 1851
NE;NE1625;Technical
NE;NE1630;Popular
NE;NE1634;General works
NE;NE1635;Miscellaneous books of engravings
NE;NE1637;Ancient
NE;NE1637.5;Medieval
NE;NE1638;14th century
NE;NE1639;General history
NE;NE1640;Collected engravings in book form
NE;NE1641;Folios
NE;NE1655;15th century
NE;NE1656;Collected engravings in book form
NE;NE1665;16th century
NE;NE1666;Collected engravings in book form
NE;NE1670;General history
NE;NE1671;Collected engravings in book form
NE;NE1675;Religious
NE;NE1680;Mythological and symbolical
NE;NE1683;Emblems
NE;NE1685;Historical
NE;NE1690.A-Z;Other, A-Z
NE;NE1695;General history
NE;NE1700;Collected engravings in book form
NE;NE1701;Folios
NE;NE1710;General history
NE;NE1711;Collected engravings in book form
NE;NE1712;Religious subjects
NE;NE1713;Figures
NE;NE1714;Landscapes. Marines. Views
NE;NE1715;Mythological subjects
NE;NE1716;Symbolical subjects. Symbolism. Fables, etc.
NE;NE1717;Historical subjects
NE;NE1718;Still life. Animals, birds, etc.
NE;NE1719.A-Z;Other, A-Z
NE;NE1720.5;General history
NE;NE1721;Collected engravings in book form
NE;NE1722;Religious subjects
NE;NE1723;Figures
NE;NE1724;Landscapes. Marines. Views
NE;NE1725;Mythological subjects
NE;NE1726;Symbolical subjects. Symbolism. Fables, etc.
NE;NE1727;Historical subjects
NE;NE1728;Still life. Animals, birds, etc.
NE;NE1729.A-Z;Other subjects, A-Z
NE;NE1730;General history
NE;NE1731;Collected engravings in book form
NE;NE1732;Religious subjects
NE;NE1733;Figures
NE;NE1734;Landscapes. Marines. Views
NE;NE1735;Mythological subjects
NE;NE1736;Symbolical subjects. Symbolism. Fables, etc.
NE;NE1737;Historical subjects
NE;NE1738;Still life. Animals, birds, etc.
NE;NE1739.A-Z;Other subjects, A-Z
NE;NE1740;General history
NE;NE1741;Collected engravings in book form
NE;NE1742;Religious subjects
NE;NE1743;Figures
NE;NE1744;Landscapes. Marines. Views
NE;NE1745;Mythological subjects
NE;NE1746;Symbolical subjects. Symbolism. Fables, etc.
NE;NE1747;Historical subjects
NE;NE1748;Still life. Animals, birds, etc.
NE;NE1749.A-Z;Other subjects, A-Z
NE;NE1750;General works
NE;NE1760;Before 1851
NE;NE1770;Technical
NE;NE1775;Popular
NE;NE1795;Stipple engraving
NE;NE1815;General works
NE;NE1816.A-Z;Special countries, A-Z
NE;NE1816.5.A-Z;Special artists, A-Z
NE;NE1849.A-Z;Other materials used in engraving and intaglio techniques, A-Z
NE;NE1850;General works
NE;NE1855;18th century
NE;NE1857;19th century
NE;NE1858;20th century
NE;NE1860.A-Z;Special publishers, printers, etc., A-Z
NE;NE1865.A-Z;Special media, A-Z
NE;NE1870;General collections in book form
NE;NE1872;Religious subjects
NE;NE1873;Figures
NE;NE1874;Landscapes. Marines. Views
NE;NE1875;Mythological subjects
NE;NE1876;Symbolical subjects. Symbolism. Fables, etc.
NE;NE1877;Historical subjects
NE;NE1878;Still life. Animals, birds, etc.
NE;NE1879.A-Z;Other, A-Z
NE;NE1940;Periodicals and societies
NE;NE1945.A-Z;United States. By city and museum or collector, A-Z
NE;NE1946.A-Z;Other countries. By country and city, A-Z
NE;NE1947.A-Z;United States. By collector, A-Z
NE;NE1948.A-Z;Other countries. By country and collector, A-Z
NE;NE1952.A-Z;United States. By city and gallery or other place of exhibition, A-Z
NE;NE1955.A-Z;Other countries. By country and city, A-Z
NE;NE1960.A-Z;Dealers' catalogs. By firm, A-Z
NE;NE1970;Several authors
NE;NE1975;Individual authors
NE;NE1980;General history
NE;NE1981;General collections
NE;NE1982;Folios
NE;NE1984;General works
NE;NE1985;Folios
NE;NE1987;General works
NE;NE1988;Folios
NE;NE1990;General works
NE;NE1992;Folios
NE;NE1994;General works
NE;NE1995;Folios
NE;NE1997;General works
NE;NE1998;Folios
NE;NE2001-2096.3;Special regions or countries (Table N1 modified)
NE;NE2055.5.A-Z;Special artists, A-Z
NE;NE2110;Collective
NE;NE2120;Early (to 1850)
NE;NE2130;Technical
NE;NE2135;Popular
NE;NE2140;Addresses, essays, lectures
NE;NE2141;Religious subjects
NE;NE2142;General works
NE;NE2143;Landscapes
NE;NE2144;Marines
NE;NE2145;Animals. Birds
NE;NE2146;General works
NE;NE2147;Flowers. Fruit
NE;NE2148;Architectural subjects
NE;NE2149.A-Z;Other, A-Z
NE;NE2220;General works
NE;NE2225.A-Z;Work of special artists, A-Z
NE;NE2230;General works
NE;NE2232;General works
NE;NE2232.5.A-Z;Work of special artists, A-Z
NE;NE2236;General works
NE;NE2237;General works
NE;NE2237.5.A-Z;Special artists, A-Z
NE;NE2238.A-Z;Other countries, A-Z
NE;NE2238.5.A-Z;Special artists, A-Z (regardless of country)
NE;NE2239;General works
NE;NE2239.1;Landscapes. Marines
NE;NE2239.2;Animals. Birds
NE;NE2239.3;General works
NE;NE2239.4;Flowers. Fruits
NE;NE2239.5;Architectural subjects
NE;NE2239.6;Religious subjects
NE;NE2239.7.A-Z;Other, A-Z
NE;NE2240;General works
NE;NE2240.5.A-Z;By region or country, A-Z
NE;NE2240.6.A-Z;Special artists, A-Z
NE;NE2242;General works
NE;NE2242.5;General works
NE;NE2243;17th-19th centuries
NE;NE2244;20th century
NE;NE2245.A-Z;By region or country, A-Z
NE;NE2246.A-Z;Special artists, A-Z (regardless of country)
NE;NE2250;Periodicals and societies
NE;NE2260.A-Z;United States. By city and museum or collector, A-Z
NE;NE2262.A-Z;Other countries. By country and city, A-Z
NE;NE2264.A-Z;United States. By collector, A-Z
NE;NE2266.A-Z;Other countries. By country and collector, A-Z
NE;NE2272.A-Z;United States. By city and gallery or other place of exhibition, A-Z
NE;NE2275.A-Z;Other countries. By country and city, A-Z
NE;NE2280.A-Z;Dealers' catalogs. By firm, A-Z
NE;NE2283;Directories
NE;NE2285;Several authors
NE;NE2290;Individual authors
NE;NE2295;General works
NE;NE2296;Folios
NE;NE2297;19th century
NE;NE2298;20th century
NE;NE2301-2396.3;Special regions or countries (Table N1 modified)
NE;NE2410;Collective
NE;NE2420;Early (to 1850)
NE;NE2425;Technical
NE;NE2430;Popular
NE;NE2435;Addresses, essays, lectures
NE;NE2452;Religious subjects
NE;NE2453;Figures
NE;NE2454;Landscapes. Views
NE;NE2455;Mythological subjects
NE;NE2456;Symbolical subjects
NE;NE2457;Historical subjects
NE;NE2459.A-Z;Other, A-Z
NE;NE2480;Study and teaching
NE;NE2490;General works
NE;NE2495;Catalogs
NE;NE2500;General works
NE;NE2502;19th century
NE;NE2505;United States
NE;NE2506.A-Z;Other regions or countries, A-Z
NE;NE2507.A-Z;Special artists, families, firms, A-Z
NE;NE2515;Technique
NE;NE2522;Religious subjects
NE;NE2523;Figures
NE;NE2524;Landscapes. Marines. Views
NE;NE2525;Mythological subjects
NE;NE2526;Symbolical subjects. Symbolism. Fables, etc.
NE;NE2527;Historical subjects
NE;NE2528;Still life. Animals, birds, etc.
NE;NE2529.A-Z;Other, A-Z
NE;NE2540;General works
NE;NE2550;Zinc
NE;NE2560;Aluminum
NE;NE2562;General works
NE;NE2562.5;United States
NE;NE2562.7.A-Z;Other regions or countries, A-Z
NE;NE2562.9.A-Z;Special artists, families, firms, A-Z
NE;NE2570;Other mechanical processes (not A-Z)
NE;NE2685;General works
NE;NE2685.5.A-Z;By region or country, A-Z
NE;NE2685.8.A-Z;Special artists, families, firms, A-Z
NE;NE2690;Engravings on glass
NE;NE2700;General works
NE;NE2710;Letters, monograms, etc.
NE;NE2715;Stationery engraving
NE;NE2720;Machine engraving
NE;NE2740;Miscellaneous minor engraving (not A-Z)
NE;NE2800;Periodicals and societies
NE;NE2802;History
NE;NE2805;Early (to 1850)
NE;NE2810;Since 1850
NE;NE2815;Miscellaneous minor works. Machinery and supplies
NE;NE2820;To 1880
NE;NE2825;Since 1880
NE;NE2830;Wood engravings
NE;NE2840;Copper engravings
NE;NE2850;Steel engravings
NE;NE2860;Lithographs
NE;NE2870;Zincographs
NE;NE2880.A-Z;Other mechanical processes, A-Z
NE;NE2890;Photomechanical processes
NE;NE3000;General works
NE;NE3001.A-Z;Special regions or countries, A-Z
NE;NE3002.A-Z;Special artists, A-Z
NK;NK1;American and English
NK;NK2;French
NK;NK3;German
NK;NK4;Italian
NK;NK5;Spanish and Portuguese
NK;NK6;Dutch
NK;NK7;Russian
NK;NK8.A-Z;Other, A-Z
NK;NK11;American
NK;NK12;English
NK;NK13;French
NK;NK14;German
NK;NK15;Italian
NK;NK16;Spanish and Portuguese
NK;NK17;Dutch
NK;NK18;Russian
NK;NK19.A-Z;Other, A-Z
NK;NK21;Congresses
NK;NK25;Several authors
NK;NK27;Individual authors
NK;NK28;Encyclopedias
NK;NK30;Dictionaries
NK;NK32;Terminology
NK;NK50;Periodicals and societies
NK;NK60;General works
NK;NK65;General special
NK;NK70;Art crafts for children
NK;NK101-377;Special regions or countries (Table N3)
NK;NK2.A-Z;Special divisions, regions, A-Z
NK;NK3.A-Z;Special cities, A-Z
NK;NK410.A-Z;United States. By city and school, A-Z
NK;NK420.A-Z;Other American. By country and school, A-Z
NK;NK430.A-Z;Europe. By country and school, A-Z
NK;NK440.A-Z;Other countries. By country and school, A-Z
NK;NK441;General and international
NK;NK442;United States
NK;NK443.A-Z;Other American. By region or country, A-Z
NK;NK444.A-Z;Europe. By region or country, A-Z
NK;NK445.A-Z;Other regions or countries, A-Z. By region or country, A-Z
NK;NK446;Collective
NK;NK446.2.A-Z;Individual, A-Z
NK;NK450;General works
NK;NK460.A-Z;United States. By city and museum, A-Z
NK;NK470.A-Z;Other American. By country and city, A-Z
NK;NK475;Collective
NK;NK480.A-Z;By city, A-Z
NK;NK490.A-Z;Other. By city, A-Z
NK;NK512.A-Z;United States. By city and museum or other place of exhibition, A-Z
NK;NK520.A-Z;Other countries. By country and city, A-Z
NK;NK530;Collective
NK;NK535.A-Z;Special. By collector, A-Z
NK;NK540.A-Z;Other American. By country, A-Z
NK;NK550.A-Z;European. By country, A-Z
NK;NK560.A-Z;Other countries, A-Z
NK;NK570;Auction catalogs
NK;NK600;General works
NK;NK602;Intercultural relations in the decorative arts (General)
NK;NK605;Primitive
NK;NK607;General works
NK;NK608.A-Z;Special, A-Z
NK;NK610;General
NK;NK613.A-Z;United States. By city and museum or other place of exhibition, A-Z
NK;NK614.A-Z;Other countries. By country and city, A-Z
NK;NK615.A-Z;Private collections. By collector, A-Z
NK;NK620;Oriental
NK;NK630;General works
NK;NK633.A-Z;Exhibitions. Museums. By country and city, A-Z
NK;NK635.A-Z;Collections. By country, A-Z
NK;NK640;Assyro-Babylonian
NK;NK650;Persian
NK;NK660;Phoenician
NK;NK665;General works
NK;NK670;Greek
NK;NK675;Etruscan
NK;NK680;Roman
NK;NK685.A-Z;Other ancient, A-Z
NK;NK700;General works
NK;NK703;Frankish
NK;NK705;Irish (Early)
NK;NK710;Anglo-Saxon
NK;NK715;Early Christian. Byzantine
NK;NK720;General works
NK;NK725;Moors in Spain
NK;NK730;Romanesque
NK;NK740;Gothic
NK;NK750;General works
NK;NK760;Renaissance. 15th-16th centuries
NK;NK770;17th-18th centuries
NK;NK775;19th century
NK;NK775.5.A-Z;Special styles, A-Z
NK;NK789;20th century
NK;NK789.5.A-Z;Special styles, A-Z
NK;NK792;21st century
NK;NK801-1094.5;Special regions or countries (Table N4)
NK;NK4.A-Z;Special artists, A-Z
NK;NK841;General works
NK;NK842.A-Z;Local, A-Z
NK;NK843.A-Z;Special artists, A-Z
NK;NK843.2;General
NK;NK843.3.A-Z;Special, A-Z
NK;NK1100;Early works to 1800
NK;NK1105;1800-
NK;NK1110;General special
NK;NK1125;Collectors' manuals (Miscellaneous art objects and antiques)
NK;NK1127;Directories
NK;NK1127.5;Preservation of art objects and antiques. Cleaning. Restoration
NK;NK1128;Reproduction of art objects and antiques
NK;NK1130;Technique
NK;NK1132;Addresses, essays, lectures
NK;NK1133.A-Z;General. By dealer, A-Z
NK;NK1133.2.A-Z;Special auction sales. By dealer, A-Z
NK;NK1133.25;Collective
NK;NK1133.26.A-Z;Individual, A-Z
NK;NK1133.28;Antiques business
NK;NK1133.3;Mail-order business
NK;NK1135;Periodicals
NK;NK1136;Societies
NK;NK1137;Exhibition of societies
NK;NK1140;General works
NK;NK1141;United States
NK;NK1142;Great Britain
NK;NK1145;General works
NK;NK1147;Collections
NK;NK1148;Single papers
NK;NK1149.A-Z;Special shops, A-Z
NK;NK1149.5;Women in the arts and crafts movement
NK;NK1160;Periodicals and societies
NK;NK1164;Congresses
NK;NK1165;Dictionaries
NK;NK1166;Collective biography
NK;NK1167;Directories
NK;NK1170;Study and teaching. Research
NK;NK1172;Vocational guidance
NK;NK1173;Business management for designers
NK;NK1174;Women designers. Women and design
NK;NK1175;General works
NK;NK1177;Primitive ornament. Evolution of decorative art
NK;NK1180;General works
NK;NK1183;General special
NK;NK1185;Oriental
NK;NK1190;Egyptian
NK;NK1195;Assyro-Babylonian
NK;NK1205;Persian
NK;NK1215;Phoenician
NK;NK1225;General works
NK;NK1230;Greek
NK;NK1235;Etruscan
NK;NK1240;General
NK;NK1245;Pompeian
NK;NK1250.A-Z;Other ancient, A-Z
NK;NK1260;General works
NK;NK1263;General special
NK;NK1264;Irish. Celtic
NK;NK1264.3;Germanic
NK;NK1264.5;Norse. Viking
NK;NK1270;General works
NK;NK1272;Iranian. Persian
NK;NK1275;Moors in Spain
NK;NK1285;Romanesque
NK;NK1295;Gothic
NK;NK1320;General works
NK;NK1330;General works
NK;NK1340;General works
NK;NK1345;Baroque
NK;NK1350;Louis XIV
NK;NK1352;William and Mary
NK;NK1355;Rococo. Louis XV. Régence
NK;NK1360;Louis XVI
NK;NK1365;Directoire
NK;NK1370;General works
NK;NK1372;Empire (1st)
NK;NK1374;Biedermeier
NK;NK1376;Empire (2d)
NK;NK1378;Victorian
NK;NK1380;Art nouveau
NK;NK1382.A-Z;Other special, A-Z
NK;NK1390;General works
NK;NK1394;International style
NK;NK1396.A-Z;Other special, A-Z
NK;NK1397;21st century
NK;NK1401-1496.3;Special regions or countries (Table N1)
NK;NK1505;Theory of ornament and design
NK;NK1510;General works
NK;NK1520;General special
NK;NK1525;Addresses, essays, lectures
NK;NK1530;General
NK;NK1531;Film catalogs
NK;NK1533;Minor
NK;NK1535.A-Z;Special artists, A-Z
NK;NK1548;Color
NK;NK1550;Human figure
NK;NK1553;Nature in ornament
NK;NK1555;Animals. Birds
NK;NK1560;General works
NK;NK1565;Conventionalized forms
NK;NK1566.A-Z;Special forms, A-Z
NK;NK1570;Linear. Geometric. Latticework
NK;NK1575;Arabesques. Paisley design
NK;NK1580;Scrolls
NK;NK1582;Folds
NK;NK1585;Allegorical figures, emblems, etc.
NK;NK1590.A-Z;Other, A-Z
NK;NK1648;General
NK;NK1650;General works
NK;NK1652;History
NK;NK1652.1;Early Christian
NK;NK1652.2;Medieval
NK;NK1652.25;Byzantine
NK;NK1652.3;Renaissance. 16th century
NK;NK1652.4;17th-18th centuries
NK;NK1652.5;19th century
NK;NK1652.6;20th century
NK;NK1653.A-Z;Special countries, A-Z
NK;NK1655.A-Z;Special cities, A-Z
NK;NK1656.A-Z;Special denominations, A-Z
NK;NK1657;Trade catalogs, etc.
NK;NK1658.A-Z;United States. By institution, A-Z
NK;NK1658.5.A-Z;Other countries. By country and city, A-Z
NK;NK1660.A-Z;United States. By city and museum or other place of exhibition, A-Z
NK;NK1660.5.A-Z;Other countries. By country and city, A-Z
NK;NK1670;General works
NK;NK1672;Jewish
NK;NK1674;Islamic
NK;NK1676;Buddhist
NK;NK1677;Hindu
NK;NK1678.A-Z;Other, A-Z
NK;NK1700;Periodicals and societies
NK;NK1702;Congresses
NK;NK1704;Dictionaries
NK;NK1705;Directories
NK;NK1710;General works
NK;NK1720;General works
NK;NK1730;Oriental
NK;NK1740;Egyptian
NK;NK1750;General works
NK;NK1760;Greek
NK;NK1770;Roman. Pompeian
NK;NK1780.A-Z;Other, A-Z
NK;NK1800;General works
NK;NK1810;Early Christian. Byzantine
NK;NK1820;Arabic. Islamic. Moorish
NK;NK1830;Romanesque
NK;NK1840;Gothic
NK;NK1860;General works
NK;NK1870;15th-16th centuries. Renaissance
NK;NK1880;General works
NK;NK1890;Louis XIII
NK;NK1900;Louis XIV
NK;NK1910;Baroque
NK;NK1920;Rococo. Louis XV. Regency
NK;NK1930;Louis XVI
NK;NK1940;Directoire
NK;NK1960;General works
NK;NK1962;Empire (1st)
NK;NK1964;Biedermeier
NK;NK1966;Empire (2d)
NK;NK1968;Victorian
NK;NK1970;Art nouveau
NK;NK1972.A-Z;Other special, A-Z
NK;NK1980;General works
NK;NK1984;International style
NK;NK1986.A-Z;Other special, A-Z
NK;NK1990;General works
NK;NK1994.A-Z;Special, A-Z
NK;NK2000;General works
NK;NK2001;General works
NK;NK2002;General works
NK;NK2003;Colonial period to 1830
NK;NK2003.5;19th century. Victorian period
NK;NK2004;20th century
NK;NK2004.15;21st century
NK;NK2004.2;Collective biography
NK;NK2004.3;Special designers, A-Z
NK;NK2005;Pacific Northwest
NK;NK2006;South
NK;NK2008;West
NK;NK2011.A-Z;Cities, A-Z
NK;NK2013-2096.3;Other regions or countries (Table N1)
NK;NK2105;Early works to 1850
NK;NK2110;1850-
NK;NK2113;General special
NK;NK2113.5;Rendering
NK;NK2114;Data processing
NK;NK2115;Popular works. Minor manuals, etc.
NK;NK2115.3.A-Z;For special classes of persons, A-Z
NK;NK2115.5.A-Z;Special elements in interior decoration, A-Z
NK;NK2115.8;Collective biography
NK;NK2116;General works
NK;NK2116.2;Economic aspects of the profession
NK;NK2116.3;Ethical aspects. Professional ethics
NK;NK2116.4;General
NK;NK2116.5;United States
NK;NK2116.6.A-Z;Other regions or countries, A-Z
NK;NK2117.A-Z;Special rooms, A-Z
NK;NK2119;Ceilings. Walls. Floors
NK;NK2120;Friezes, moldings, etc.
NK;NK2121;Doors and windows
NK;NK2125;Addresses, essays, lectures
NK;NK2130;Various sources
NK;NK2137;General
NK;NK2138;Auction sales. By name of owner, if known
NK;NK2140;Periodicals
NK;NK2150;General works
NK;NK2155;Ancient
NK;NK2165;Medieval
NK;NK2170;Modern
NK;NK2175;General works
NK;NK2180.A-Z;Design by special artists. By artist, A-Z
NK;NK2190;General works
NK;NK2192.A-Z;By region or country, A-Z
NK;NK2195.A-Z;Decoration of other special buildings, A-Z
NK;NK2200;Periodicals
NK;NK2205;Dictionaries. Encyclopedias
NK;NK2206;Directories
NK;NK2210.A-Z;United States. By city and museum or other place of exhibition, A-Z
NK;NK2211.A-Z;Other countries. By country and city, A-Z
NK;NK2215.A-Z;United States. By city and museum, A-Z
NK;NK2216.A-Z;Other countries. By country and city, A-Z
NK;NK2220.A-Z;Private collections. By collection or collector, A-Z
NK;NK2229;Early works to 1850
NK;NK2230;1850-
NK;NK2231;General special
NK;NK2235;Styles
NK;NK2240;"Collectors' manuals. ""Old furniture,"" etc."
NK;NK2250;Addresses, essays, etc.
NK;NK2260;Collection of designs from several sources
NK;NK2265;Dealers' catalogs, etc.
NK;NK2267;General works
NK;NK2268.A-Z;Schools, by city, A-Z
NK;NK2270;General works
NK;NK2280;General works
NK;NK2285;Oriental
NK;NK2290;Egyptian
NK;NK2295;Assyro-Babylonian
NK;NK2305;Greek
NK;NK2310;Etruscan
NK;NK2315;Roman. Pompeian
NK;NK2320.A-Z;Other, A-Z
NK;NK2335;General works
NK;NK2340;Romanesque
NK;NK2345;Gothic
NK;NK2350;General works
NK;NK2355;Renaissance. 15-16th centuries
NK;NK2360;General works
NK;NK2365;Baroque
NK;NK2370;Louis XIV
NK;NK2375;Rococo. Louis XV. Regency
NK;NK2380;Louis XVI
NK;NK2382;Directoire
NK;NK2385;General works
NK;NK2386;Empire (1st)
NK;NK2387;Biedermeier
NK;NK2388;Empire (2d)
NK;NK2390;Victorian
NK;NK2392;Art nouveau
NK;NK2394.A-Z;Other special, A-Z
NK;NK2395;General works
NK;NK2397;International style
NK;NK2399.A-Z;Other special, A-Z
NK;NK2399.2;General works
NK;NK2399.3.A-Z;Special, A-Z
NK;NK2401-2694.5;Special regions or countries (Table N4 modified)
NK;NK2441;General works
NK;NK2442.A-Z;Local, A-Z
NK;NK2443.A-Z;Special artists, A-Z
NK;NK2443.2;General
NK;NK2443.3.A-Z;Special, A-Z
NK;NK2528;General works
NK;NK2531.A-Z;England. Local, A-Z
NK;NK2534;General works
NK;NK2535.A-Z;Local, A-Z
NK;NK2537;General works
NK;NK2538.A-Z;Local, A-Z
NK;NK2542.A-Z;Individual designers, A-Z
NK;NK2547;General works
NK;NK2548;Louis XIV-Louis XVI
NK;NK2549;1831-
NK;NK2550.A-Z;Special designers, A-Z
NK;NK2702;Architect-designed furniture
NK;NK2702.3;Artist-designed furniture
NK;NK2703;Decorative furniture painting. Painted furniture
NK;NK2705;Gilt furniture
NK;NK2709;Incrustation and stonework applied to furniture
NK;NK2710;Marquetry and inlaid woods applied to furniture
NK;NK2712;Built-in furniture
NK;NK2712.3;Case goods
NK;NK2712.5;Unit furniture
NK;NK2712.6;Bamboo furniture
NK;NK2712.63;Bentwood furniture
NK;NK2712.64;Cardboard furniture
NK;NK2712.66;Rattan furniture
NK;NK2712.7;Wicker furniture
NK;NK2713;Beds
NK;NK2715;Chairs. Miniature chairs
NK;NK2720;Clockcases
NK;NK2725;Coffers. Chests
NK;NK2727;Cupboards, sideboards, etc.
NK;NK2736;Sofas
NK;NK2740;Tables. Desks. Shelves. Bookshelves
NK;NK2750;Miniature furniture. Children's furniture
NK;NK2775;Periodicals
NK;NK2780.A-Z;United States. By city and museum or other place of exhibition, A-Z
NK;NK2781.A-Z;Other countries. By country and city, A-Z
NK;NK2785.A-Z;United States. By city and museum, A-Z
NK;NK2786.A-Z;Other countries. By country and city, A-Z
NK;NK2790.A-Z;Private collections. By collection, A-Z
NK;NK2795;General works. Collectors' manuals
NK;NK2799;Dealers' catalogs, etc.
NK;NK2800;General works
NK;NK2803;Ancient
NK;NK2805;Medieval
NK;NK2807;Modern
NK;NK2808;General works
NK;NK2808.5;Conservation and restoration
NK;NK2809.A-Z;Special, A-Z
NK;NK2809.5;Oriental rugs as an investment
NK;NK2810;Trade publications
NK;NK2811;North America
NK;NK2812;United States
NK;NK2813-2896.3;Other regions or countries (Table N1 modified)
NK;NK2897;Collective biography
NK;NK2898.A-Z;Special artists, A-Z
NK;NK2910;Screens
NK;NK2975;Periodicals and societies
NK;NK2980.A-Z;United States. By city and museum or other place of exhibition, A-Z
NK;NK2981.A-Z;Other countries. By country and city, A-Z
NK;NK2985.A-Z;United States. By city and museum, A-Z
NK;NK2986.A-Z;Other countries. By country and city, A-Z
NK;NK2990.A-Z;Private collections. By collection, A-Z
NK;NK2995;General works
NK;NK2995.5;Technique
NK;NK2995.8;Tapestry cartoons
NK;NK2997;Conservation and restoration
NK;NK2999;Dealers' catalogs
NK;NK3000;General works
NK;NK3003;Ancient
NK;NK3005;Medieval
NK;NK3007;General works
NK;NK3007.3;Renaissance
NK;NK3007.4;Baroque
NK;NK3007.85;20th century
NK;NK3007.86;21st century
NK;NK3011;North America
NK;NK3013-3096.3;Other regions or countries (Table N1 modified)
NK;NK3047.7.A-Z;Special aspects or movements, A-Z
NK;NK3047.8.A-Z;Other special, A-Z
NK;NK3049;France
NK;NK3077.6;Burma. Myanmar
NK;NK3175;Periodicals
NK;NK3180.A-Z;United States. By city and museum or other place of exhibition, A-Z
NK;NK3181.A-Z;Other countries. By country and city, A-Z
NK;NK3185.A-Z;United States. By city and museum, A-Z
NK;NK3186.A-Z;Other countries. By country and city, A-Z
NK;NK3195;General works
NK;NK3197;Collected designs
NK;NK3199;Dealers' catalogs
NK;NK3200;General works
NK;NK3203;Ancient
NK;NK3205;Medieval
NK;NK3207;General works
NK;NK3211;North America
NK;NK3212;United States
NK;NK3213-3296.3;Other regions or countries (Table N1)
NK;NK3375;Periodicals
NK;NK3380.A-Z;United States. By city and museum or other place of exhibitions, A-Z
NK;NK3381.A-Z;Other countries. By country and city, A-Z
NK;NK3385.A-Z;United States. By city and museum, A-Z
NK;NK3386.A-Z;Other countries. By country and city, A-Z
NK;NK3395;General works
NK;NK3399;Dealers' catalogs
NK;NK3400;General works
NK;NK3412;United States
NK;NK3413-3496.3;Other regions or countries (Table N1)
NK;NK3498.A-Z;Special artists, A-Z
NK;NK3505;Lincrusta-Walton
NK;NK3600;General works
NK;NK3603;General works
NK;NK3605;Ancient
NK;NK3610;Medieval
NK;NK3615;14th-18th centuries
NK;NK3620;19th-20th centuries
NK;NK3625.A-Z;Special styles of lettering, A-Z
NK;NK3630;Specimens of decorative lettering
NK;NK3630.3.A-Z;Special applications of lettering, A-Z
NK;NK3630.4.A-Z;Special topics, A-Z
NK;NK3630.6.A-Z;By region or country, A-Z
NK;NK3631.A-Z;Special artists, A-Z
NK;NK3632;General works
NK;NK3633;Arabic (Table N13)
NK;NK3633.2;Armenian (Table N13)
NK;NK3633.5;Buddhist. Zen Buddhist
NK;NK3634;Chinese (Table N13)
NK;NK3635;Cyrillic (Table N13)
NK;NK3636;Hebrew (Table N13)
NK;NK3636.5;Islamic
NK;NK3637;Japanese (Table N13)
NK;NK3638;Korean (Table N13)
NK;NK3639.A-Z;Other, by language, A-Z
NK;NK3640;Monograms, marks, etc.
NK;NK3642;Angel collectibles
NK;NK3645;Ashtrays
NK;NK3649;General works
NK;NK3649.2.A-Z;Special artists, A-Z
NK;NK3649.3;General works
NK;NK3649.35.A-Z;By region or country, A-Z
NK;NK3649.4;Bar collectibles
NK;NK3649.5;General works
NK;NK3649.55.A-Z;By region or country, A-Z
NK;NK3650;General works
NK;NK3650.5.A-Z;By region or country, A-Z
NK;NK3651;Bear collectibles
NK;NK3651.5;Beer collectibles
NK;NK3653;Bells. Handbells. Tap bells
NK;NK3654;Betel chewing paraphernalia
NK;NK3654.3;Bibendum collectibles
NK;NK3654.5;Bicycle collectibles
NK;NK3654.7;Billiards collectibles
NK;NK3655;Birdcages
NK;NK3660;Book ornamentation
NK;NK3662;Bookends
NK;NK3665;Boxes. Caskets
NK;NK3667;General works
NK;NK3667.2.A-Z;By region or country, A-Z
NK;NK3668.5;General works
NK;NK3669;Campaign insignia. Campaign buttons
NK;NK3670;Clothing and dress
NK;NK3675;California Raisins collectibles
NK;NK3685;Candlesticks
NK;NK3690;Candy containers. Candy dispensers
NK;NK3695;Cat collectibles
NK;NK3697;Cathédrale de Strasbourg collectibles
NK;NK3698;Celluloid collectibles
NK;NK3700;Periodicals and societies
NK;NK3703;Congresses
NK;NK3712.A-Z;United States. By city and museum or other place of exhibition, A-Z
NK;NK3720.A-Z;Other countries. By country and city, A-Z
NK;NK3728;Collective
NK;NK3730.A-Z;United States. By city and museum, A-Z
NK;NK3735.A-Z;Other countries. By country and city, A-Z
NK;NK3740.A-Z;United States. By collector, A-Z
NK;NK3745.A-Z;Other countries. By country and collector, A-Z
NK;NK3760;Collected writings
NK;NK3770;Dictionaries. Encyclopedias
NK;NK3780;General works
NK;NK3785;General special
NK;NK3787;Outlines, syllabi, etc.
NK;NK3795;Primitive
NK;NK3800;General works
NK;NK3803;General special
NK;NK3805;Oriental
NK;NK3810;Egyptian
NK;NK3820;Assyro-Babylonian
NK;NK3825;Persian
NK;NK3830;Phoenician. Punic
NK;NK3835;General works
NK;NK3840;Greek
NK;NK3843;Mycenaean and pre-Mycenaean
NK;NK3845;Etruscan
NK;NK3850;Roman (Arretine, terra sigillata, etc.)
NK;NK3855.A-Z;Other ancient, A-Z
NK;NK3870;General works
NK;NK3873;Byzantine
NK;NK3880;Islamic
NK;NK3885;Merovingian
NK;NK3900;General works
NK;NK3910;18th century
NK;NK3920;General works
NK;NK3920.3.A-Z;Special styles, A-Z
NK;NK3930;20th century
NK;NK3930.3.A-Z;Special styles, A-Z
NK;NK3940;21st century
NK;NK4001-4185;Special regions or countries (Table N2 modified)
NK;NK4028.3.A-Z;Special, A-Z
NK;NK4165;General works
NK;NK4165.2;Pre-Tang
NK;NK4165.22;Early through Zhou dynasty (To 221 B.C.)
NK;NK4165.23;Qin-Han dynasties (221 B.C.-220 A.D.)
NK;NK4165.24;Three kingdoms-Sui dynasty (220-618)
NK;NK4165.3;Tang-Five dynasties (618-960)
NK;NK4165.4;Song-Yuan dynasties (960-1368)
NK;NK4165.5;Ming-Qing dynasties (1368-1912)
NK;NK4165.6;19th century
NK;NK4165.7;20th century
NK;NK4165.8;21st century
NK;NK4166.A-Z;Local, A-Z
NK;NK4167;General works
NK;NK4167.2;General works
NK;NK4167.215;General works
NK;NK4167.22;Early through Tempyo period (To 794 A.D.)
NK;NK4167.3;Fujiwara (Heian) period (794-1185)
NK;NK4167.4;Kamakura - Momoyama periods (1185-1600)
NK;NK4167.5;Tokugawa (Edo) period (1600-1868)
NK;NK4167.55;19th century
NK;NK4167.6;Meiji period (1868-1912)
NK;NK4167.7;20th century
NK;NK4167.73;Taishō period (1912-1926)
NK;NK4167.78.A-Z;Special aspects or movements, A-Z
NK;NK4167.8;21st century
NK;NK4168.A-Z;Local, A-Z
NK;NK4168.6;General works
NK;NK4168.62;Early to 935
NK;NK4168.63;Koryŏ period, 935-1392
NK;NK4168.64;Chosŏn dynasty, 1392-1910
NK;NK4168.65;20th century
NK;NK4168.66;21st century
NK;NK4200;Collective biography
NK;NK4210.A-Z;Individual potters, families, and firms, A-Z
NK;NK4215;Potters' marks
NK;NK4220;To 1800
NK;NK4225;1800-
NK;NK4230;Collectors' manuals (How to identify old china, etc.)
NK;NK4233;Preservation. Cleaning. Restoration
NK;NK4235;General special
NK;NK4240;Juvenile works
NK;NK4245;Addresses, essays, lectures
NK;NK4250;Collections of designs
NK;NK4252.A-Z;Special elements or subjects in ceramic decoration or design, A-Z
NK;NK4255;Trade publications
NK;NK4260;General works
NK;NK4265;General works
NK;NK4265.5;Biscuit ware
NK;NK4267;Terra cotta
NK;NK4270;Glazed and enameled ware
NK;NK4275;General works
NK;NK4277;Blue and white transfer ware. Willowware
NK;NK4278;Creamware
NK;NK4280;Graffito decorated
NK;NK4282;Pearlware
NK;NK4283;Redware
NK;NK4285;Slip decorated
NK;NK4287;General works
NK;NK4289;Raqqa ware
NK;NK4290;General works
NK;NK4295;Dutch and general
NK;NK4295.5.A-Z;Other regions or countries, A-Z
NK;NK4305;French and general
NK;NK4305.5.A-Z;Other regions or countries, A-Z
NK;NK4310;Hispano-Moresque
NK;NK4315;Italian and general
NK;NK4320.A-Z;Other regions or countries, A-Z
NK;NK4325;Robbia ware
NK;NK4335;Wedgwood
NK;NK4340.A-Z;Other special, A-Z
NK;NK4360;General works
NK;NK4364;United States
NK;NK4365.A-Z;Other regions or countries, A-Z
NK;NK4367.A-Z;Special wares, A-Z
NK;NK4370;General works
NK;NK4373;General special
NK;NK4374;Armorial
NK;NK4375;Soft porcelain
NK;NK4380;Dresden (Meissen)
NK;NK4390;Sèvres
NK;NK4395;Worchester
NK;NK4399.A-Z;Other special, A-Z
NK;NK4401-4585;Special regions or countries (Table N2 modified)
NK;NK4565;General works
NK;NK4565.2;General works
NK;NK4565.22;Early through Zhou dynasty (To 221 B.C.)
NK;NK4565.23;Qin-Han dynasties (221 B.C.-220 A.D.)
NK;NK4565.24;Three kingdoms-Sui dynasty (220-618)
NK;NK4565.3;Tang-Five dynasties (618-960)
NK;NK4565.4;Song-Yuan dynasties (960-1368)
NK;NK4565.5;Ming-Qing dynasties (1368-1912)
NK;NK4565.6;19th century
NK;NK4565.7;20th century
NK;NK4565.8;21st century
NK;NK4566.A-Z;Local, A-Z
NK;NK4567;General works
NK;NK4567.2;General works
NK;NK4567.215;General works
NK;NK4567.22;Early through Tempyo period (To 794 A.D.)
NK;NK4567.3;Fujiwara (Heian) period (794-1185)
NK;NK4567.4;Kamakura-Momoyama periods (1185-1600)
NK;NK4567.5;Tokugawa (Edo) period (1600-1868)
NK;NK4567.55;19th century
NK;NK4567.6;Meiji period
NK;NK4567.7;20th century
NK;NK4567.73;Taishō period (1912-1926)
NK;NK4568.A-Z;Local, A-Z
NK;NK4600;General works
NK;NK4605;General works
NK;NK4605.5.A-Z;Special regions or countries, A-Z
NK;NK4605.54;General works
NK;NK4605.542.A-Z;Special regions or countries, A-Z
NK;NK4606;General works
NK;NK4606.5.A-Z;Special regions or countries, A-Z
NK;NK4607;Transfer printing
NK;NK4620;General works
NK;NK4621.A-Z;United States. By city and museum or other place of exhibition, A-Z
NK;NK4622.A-Z;Other countries. By country and city, A-Z
NK;NK4623.A-Z;United States. By city and museum, A-Z
NK;NK4623.5.A-Z;Other countries. By country and city, A-Z
NK;NK4624.A-Z;United States. By collector, A-Z
NK;NK4624.5.A-Z;Other countries. By country and collector, A-Z
NK;NK4640;Ancient
NK;NK4642;Medieval
NK;NK4643;Modern
NK;NK4645;General works
NK;NK4646;Mycenean and pre-Mycenean
NK;NK4647;Geometric
NK;NK4648;Black-figured
NK;NK4649;Red-figured
NK;NK4649.5;White-ground. Slipware
NK;NK4650.A-Z;Other special varieties, A-Z
NK;NK4653.A-Z;Special vases, A-Z
NK;NK4654;General works
NK;NK4654.5.A-Z;Special varieties, A-Z
NK;NK4655;Chinese and Japanese vases
NK;NK4655.6.A-Z;Special works, by name (artists unknown), A-Z
NK;NK4657.A-Z;Others, by country, A-Z
NK;NK4659;Portraits in pottery
NK;NK4660;Statuettes. Ornamental figures
NK;NK4670;General works
NK;NK4670.5.A-Z;Exhibitions. Collections. Museums. By country and collector or place of exhibition, A-Z
NK;NK4670.7.A-Z;Special regions or countries, A-Z
NK;NK4672.A-Z;Special topics, A-Z
NK;NK4675;Trade publications (Art tiles)
NK;NK4678;Ampullae
NK;NK4680;Lamps (Ancient)
NK;NK4685;Incense burners and containers
NK;NK4690;Braziers
NK;NK4695.A-Z;Other objects, A-Z
NK;NK4695.5;Cheese dishes
NK;NK4696;Chessmen. Chess sets
NK;NK4696.2.A-Z;By region or country, A-Z
NK;NK4696.25.A-Z;Special artists, A-Z
NK;NK4696.35;Chips. Gambling chips
NK;NK4696.37;Chocolate collectibles
NK;NK4696.4;Christmas collectibles
NK;NK4696.5;Cigar boxes
NK;NK4698;Coin banks
NK;NK4698.5;Containers
NK;NK4699;Cork art
NK;NK4700;Periodicals and societies
NK;NK4700.5;Congresses
NK;NK4700.6;Dictionaries
NK;NK4700.7;Directories
NK;NK4701.A-Z;United States. By city and museum or other place of exhibition, A-Z
NK;NK4701.5.A-Z;Other countries. By country and city, A-Z
NK;NK4701.8;Collective
NK;NK4702.A-Z;United States. By city and museum, A-Z
NK;NK4702.5.A-Z;Other countries. By country and city, A-Z
NK;NK4703.A-Z;Private collections. By collection, A-Z
NK;NK4704;General. Collectors' manuals
NK;NK4704.2;Display techniques
NK;NK4704.3;Deterioration
NK;NK4704.5;Conservation and restoration
NK;NK4705;Collected designs
NK;NK4705.5;Auction catalogs
NK;NK4706;General works
NK;NK4706.4.A-Z;Ethnic groups not limited to one country, A-Z
NK;NK4707;Ancient
NK;NK4707.15;Egyptian
NK;NK4707.2;Etruscan
NK;NK4707.3;General works
NK;NK4707.33;Roman
NK;NK4707.4;Early Christian
NK;NK4708;Medieval
NK;NK4708.7;Buddhist
NK;NK4708.8;Byzantine
NK;NK4708.9;Islamic
NK;NK4708.92;Romanesque
NK;NK4708.923;Gothic
NK;NK4709;Modern
NK;NK4709.2.A-Z;Special styles, A-Z
NK;NK4709.3;Renaissance
NK;NK4709.6;Baroque
NK;NK4709.65;18th century
NK;NK4709.7;Rococo
NK;NK4709.8;19th century
NK;NK4709.85.A-Z;Special styles, A-Z
NK;NK4710;20th century
NK;NK4710.3.A-Z;Special styles, A-Z
NK;NK4711;North America
NK;NK4712;United States
NK;NK4712.5;Latin America
NK;NK4713-4796.3;Other regions or countries (Table N1)
NK;NK4797;Collective biography
NK;NK4798.A-Z;Special artists, A-Z
NK;NK4799;Dealers' catalogs
NK;NK4850;Ecclesiastical vestments
NK;NK4860;General works
NK;NK4860.5.A-Z;By region or country, A-Z
NK;NK4870;Fans
NK;NK4890.A-Z;Other articles, A-Z
NK;NK4890.3;Darning eggs
NK;NK4890.5;Decoys
NK;NK4891;Distaffs
NK;NK4891.2;Dog collectibles
NK;NK4891.3;Congresses
NK;NK4891.35;Directories
NK;NK4891.5;Competitions
NK;NK4892.A-Z;Exhibitions. Museums. By country and city, A-Z
NK;NK4892.5.A-Z;Private collections. By collector, A-Z
NK;NK4893;General works. Collectors' manuals
NK;NK4893.3;Trademarks
NK;NK4894.15;Collective biography
NK;NK4894.2.A-Z;Special artists, A-Z
NK;NK4894.3.A-Z;Special types of dolls, A-Z
NK;NK4894.4.A-Z;Dolls in special materials, A-Z
NK;NK4894.5;Door knockers
NK;NK4894.6;Doorstops
NK;NK4895;General works
NK;NK4895.5.A-Z;Special types, A-Z
NK;NK4897;Drug paraphernalia
NK;NK4898;Duck calls. Turkey calls
NK;NK4898.5;Duck collectibles
NK;NK4900;Easter eggs
NK;NK4994;Elephant collectibles
NK;NK4997;Periodicals. Societies
NK;NK4998;Congresses. Yearbooks
NK;NK4998.5;Dictionaries
NK;NK4999.A-Z;Museums. Collections. Exhibitions. By city and museum or collector, A-Z
NK;NK5000;General works
NK;NK5001;General special
NK;NK5003;General works
NK;NK5003.2.A-Z;Ethnic groups not limited to one country, A-Z
NK;NK5003.3;Medieval
NK;NK5003.45;General works
NK;NK5003.8;20th century
NK;NK5004.A-Z;By region or country, A-Z
NK;NK5008.A-Z;Special artists, A-Z
NK;NK5010;General works
NK;NK5013;Byzantine
NK;NK5014;Renaissance
NK;NK5015;Chinese and Japanese
NK;NK5015.4.A-Z;By region or country, A-Z
NK;NK5015.5.A-Z;Special artists, A-Z
NK;NK5016;General works
NK;NK5016.5;Medieval
NK;NK5017.5;Romanesque
NK;NK5019.A-Z;By region or country, A-Z
NK;NK5020;General works
NK;NK5021;Medieval
NK;NK5022;Renaissance
NK;NK5024.A-Z;By region or country, A-Z
NK;NK5030;General works
NK;NK5033;United States
NK;NK5035.A-Z;Other regions or countries, A-Z
NK;NK5040;Fast food collectibles
NK;NK5045;Florida collectibles
NK;NK5050;Flue covers
NK;NK5055;Frogs (Flower arrangement). Flower frogs
NK;NK5080;Gesso
NK;NK5090;Girlie collectibles
NK;NK5100;Periodicals and societies
NK;NK5100.5;Congresses
NK;NK5100.6;Dictionaries
NK;NK5100.7;Directories
NK;NK5101.A-Z;United States. By city and museum or other place of exhibition, A-Z
NK;NK5101.5.A-Z;Other countries. By country and city, A-Z
NK;NK5101.8;Collective
NK;NK5102.A-Z;United States. By city and museum, A-Z
NK;NK5102.5.A-Z;Other countries. By country and city, A-Z
NK;NK5103.A-Z;Private collections. By collection, A-Z
NK;NK5104;General. Collectors' manuals
NK;NK5104.2;Juvenile works
NK;NK5104.5;Conservation and restoration
NK;NK5105;Collected designs
NK;NK5105.5;Auction catalogs
NK;NK5106;General works
NK;NK5106.4.A-Z;Ethnic groups not limited to one country, A-Z
NK;NK5107;Ancient
NK;NK5107.15;Egyptian
NK;NK5107.2;Etruscan
NK;NK5107.3;Classical
NK;NK5107.4;Early Christian
NK;NK5108;Medieval
NK;NK5108.7;Buddhist
NK;NK5108.8;Byzantine
NK;NK5108.9;Islamic
NK;NK5108.92;Romanesque
NK;NK5108.923;Gothic
NK;NK5109;General works
NK;NK5109.2.A-Z;Special styles, A-Z
NK;NK5109.3;Renaissance
NK;NK5109.6;Baroque
NK;NK5109.65;18th century
NK;NK5109.7;Rococo
NK;NK5109.8;19th century
NK;NK5109.85.A-Z;Special styles, A-Z
NK;NK5110;20th century
NK;NK5110.3.A-Z;Special styles, A-Z
NK;NK5110.5;21st century
NK;NK5111;North America
NK;NK5112;United States
NK;NK5112.5;Latin America
NK;NK5113-5196.3;Other regions or countries (Table N1)
NK;NK5197;Collective biography
NK;NK5198.A-Z;Special artists, families, firms, A-Z
NK;NK5199;Dealers' catalogs
NK;NK5200;Periodicals. Societies
NK;NK5200.5.A-Z;Exhibitions. Collections. Museums. By country and collector or place of exhibition, A-Z
NK;NK5201;General works
NK;NK5202;History
NK;NK5203;United States
NK;NK5204.A-Z;Other regions or countries, A-Z
NK;NK5205.A-Z;Special artists, families, firms, A-Z
NK;NK5206;General works
NK;NK5207.A-Z;By region or country, A-Z
NK;NK5300;Periodicals and societies
NK;NK5300.5;Congresses
NK;NK5300.6;Dictionaries
NK;NK5300.7;Directories
NK;NK5301.A-Z;United States. By city and museum or other place of exhibition, A-Z
NK;NK5301.5.A-Z;Other countries. By country and city, A-Z
NK;NK5301.8;Collective
NK;NK5302.A-Z;United States. By city and museum, A-Z
NK;NK5302.5.A-Z;Other countries. By country and city, A-Z
NK;NK5303.A-Z;Private collections. By collection, A-Z
NK;NK5304;General. Collectors' manuals
NK;NK5304.5;Conservation and restoration
NK;NK5305;Collected designs
NK;NK5305.5;Auction catalogs
NK;NK5306;General works
NK;NK5306.4.A-Z;Ethnic groups not limited to one country, A-Z
NK;NK5307;General works
NK;NK5307.15;Egyptian
NK;NK5307.2;Etruscan
NK;NK5307.3;Classical
NK;NK5307.4;Early Christian
NK;NK5308;General works
NK;NK5308.7;Buddhist
NK;NK5308.8;Byzantine
NK;NK5308.9;Islamic
NK;NK5308.92;Romanesque
NK;NK5308.923;Gothic
NK;NK5309;General works
NK;NK5309.2.A-Z;Special styles, A-Z
NK;NK5309.3;Renaissance
NK;NK5309.6;Baroque
NK;NK5309.65;18th century
NK;NK5309.7;Rococo
NK;NK5309.8;19th century
NK;NK5309.85.A-Z;Special styles, A-Z
NK;NK5310;20th century
NK;NK5310.3.A-Z;Special styles, A-Z
NK;NK5310.5;21st century
NK;NK5311;North America
NK;NK5312;United States
NK;NK5312.5;Latin America
NK;NK5313-5396.3;Other regions or countries (Table N1)
NK;NK5397;Collective biography
NK;NK5398.A-Z;Special artists, A-Z
NK;NK5399;Dealers' catalogs
NK;NK5410;Glass painting for amateurs
NK;NK5420;Leaded glass
NK;NK5430;Mosaic glass
NK;NK5431;Periodicals. Societies
NK;NK5431.5.A-Z;Exhibitions. Collections. Museums. By country and collector or place of exhibition, A-Z
NK;NK5432;General works
NK;NK5433;History
NK;NK5434;United States
NK;NK5435.A-Z;Other regions or countries, A-Z
NK;NK5436.A-Z;Special artists, families, firms, A-Z
NK;NK5438;Portraits on glassware
NK;NK5439.A-Z;Other special types of glass, A-Z
NK;NK5440.A-Z;Special articles of glass, A-Z
NK;NK5500;General works
NK;NK5503;United States
NK;NK5504.A-Z;Other regions or countries, A-Z
NK;NK5505.A-Z;United States. By city and museum or other place of exhibition, A-Z
NK;NK5506.A-Z;Other countries. By country and city, A-Z
NK;NK5510.A-Z;United States. By city and museum, A-Z
NK;NK5511.A-Z;Other countries. By country and city, A-Z
NK;NK5515.A-Z;Private collections. By collector, A-Z
NK;NK5517;Catalogues raisonnés
NK;NK5520;Dealers' catalogs
NK;NK5523;Early works to 1800
NK;NK5525;1800-
NK;NK5528;General special
NK;NK5530;Collectors' manuals
NK;NK5540;Addresses, essays, lectures
NK;NK5545;Collections of designs
NK;NK5550;General works
NK;NK5555;General works
NK;NK5557;Oriental
NK;NK5559;General works
NK;NK5561;Scarabs
NK;NK5563;Assyro-Babylonian
NK;NK5565;General works
NK;NK5566;General special
NK;NK5580.A-Z;Other ancient, A-Z
NK;NK5585;Medieval
NK;NK5595;Modern
NK;NK5601-5696.3;Special regions or countries (Table N1)
NK;NK5698.A-Z;Special artists, A-Z
NK;NK5720;General works
NK;NK5720.5.A-Z;By region or country, A-Z
NK;NK5722;Special pieces (not A-Z)
NK;NK5730;Intaglios
NK;NK5732;Vases
NK;NK5733.A-Z;Special subjects, A-Z
NK;NK5735;Plaster reproductions of gems
NK;NK5750;General works
NK;NK5750.2.A-Z;Special regions or countries, A-Z
NK;NK5755;Jet
NK;NK5800.A-Z;United States. By city and museum or other place of exhibition, A-Z
NK;NK5801.A-Z;Other countries. By country and city, A-Z
NK;NK5810.A-Z;United States. By city and museum, A-Z
NK;NK5811.A-Z;Other countries. By country and city, A-Z
NK;NK5815.A-Z;Private collections. By collector, A-Z
NK;NK5820;Dealers' catalogs
NK;NK5825;General works
NK;NK5835;General special
NK;NK5840;Addresses, essays, etc.
NK;NK5850;General works
NK;NK5860;Ancient
NK;NK5870;General works
NK;NK5872;Byzantine
NK;NK5875;Gothic
NK;NK5890;General works
NK;NK5895;15th-16th centuries
NK;NK5896;17th-18th centuries
NK;NK5897;19th-20th centuries
NK;NK5901-5996.3;Special regions or countries (Table N1)
NK;NK5998.A-Z;Special artists, A-Z
NK;NK6000;Amber carving. Amber art objects
NK;NK6010;Coral carving. Coral art objects
NK;NK6014;Fruit pit carving
NK;NK6020;General works
NK;NK6020.5.A-Z;By region or country, A-Z
NK;NK6022;Scrimshaw
NK;NK6030;Ice carving. Snow sculpture
NK;NK6035;General works
NK;NK6035.2.A-Z;By region or country, A-Z
NK;NK6045;Meerschaum. Meerschaum tobacco-pipes
NK;NK6047;Nautilus shell cups
NK;NK6050;General works
NK;NK6052.A-Z;Special artists, A-Z
NK;NK6055;Quartz carving. Quartz art objects
NK;NK6058;Soapstone carving. Soapstone art objects
NK;NK6060;Tortoiseshell carving. Tortoiseshell art objects
NK;NK6075;Gourds. Gourd craft
NK;NK6076;Hairwork
NK;NK6076.5;Halloween collectibles
NK;NK6076.6;Hawaii collectibles
NK;NK6077;Holiday decorations
NK;NK6077.3;Horse collectibles
NK;NK6077.5;Hunting collectibles
NK;NK6077.7;Ice cream collectibles
NK;NK6078;Incense burners and containers
NK;NK6080;Inro
NK;NK6090;Jigsaw puzzle art
NK;NK6140;Kitchen collectibles
NK;NK6150;Knife rests
NK;NK6196;Lamps
NK;NK6198;Lassie collectibles
NK;NK6200;General works
NK;NK6202.A-Z;By region or country, A-Z
NK;NK6210;Leather bottles, blackjacks, etc.
NK;NK6211;Letter openers
NK;NK6212;Light fixtures
NK;NK6213;Lunchboxes
NK;NK6214;Mannequins (Figures)
NK;NK6215;Marbles (Game)
NK;NK6220;Match holders
NK;NK6300;Measuring tapes. Tape measures
NK;NK6400;Periodicals and societies
NK;NK6400.5;Congresses
NK;NK6400.6;Dictionaries
NK;NK6400.7;Directories
NK;NK6401.A-Z;United States. By city and museum or other place of exhibition, A-Z
NK;NK6401.5.A-Z;Other countries. By country and city, A-Z
NK;NK6401.8;Collective
NK;NK6402.A-Z;United States. By city and museum, A-Z
NK;NK6402.5.A-Z;Other countries. By country and city, A-Z
NK;NK6403.A-Z;Private collections. By collection, A-Z
NK;NK6404;General. Collectors' manuals
NK;NK6404.2;Juvenile works
NK;NK6404.5;Conservation and restoration
NK;NK6405;Collected designs
NK;NK6405.5;Auction catalogs
NK;NK6406;General works
NK;NK6406.4.A-Z;Ethnic groups not limited to one country, A-Z
NK;NK6406.7;Prehistoric
NK;NK6407;Ancient
NK;NK6407.15;Egyptian
NK;NK6407.2;Etruscan
NK;NK6407.25;Nomadic
NK;NK6407.3;Classical
NK;NK6407.4;Early Christian
NK;NK6408;Medieval
NK;NK6408.7;Buddhist
NK;NK6408.8;Byzantine
NK;NK6408.9;Islamic
NK;NK6408.92;Romanesque
NK;NK6408.923;Gothic
NK;NK6409;Modern
NK;NK6409.2.A-Z;Special styles, A-Z
NK;NK6409.3;Renaissance
NK;NK6409.6;Baroque
NK;NK6409.65;18th century
NK;NK6409.7;Rococo
NK;NK6409.8;19th century
NK;NK6409.85.A-Z;Special styles, A-Z
NK;NK6410;20th century
NK;NK6410.3.A-Z;Special styles, A-Z
NK;NK6411;North America
NK;NK6412;United States
NK;NK6412.5;Latin America
NK;NK6413-6496.3;Other regions or countries (Table N1)
NK;NK6497;Collective biography
NK;NK6498.A-Z;Special artists, A-Z
NK;NK6499;Dealers' catalogs
NK;NK6510;General works
NK;NK6511.A-Z;Special topics, A-Z
NK;NK6512.A-Z;Special artists, A-Z
NK;NK6520;General works
NK;NK6521.A-Z;Special topics, A-Z
NK;NK6522.A-Z;Special artists, A-Z
NK;NK6525;Inlay work
NK;NK6530;Hammered work and its imitations
NK;NK6535;Modeling of metal
NK;NK6600;Periodicals and societies
NK;NK6600.5;Congresses
NK;NK6600.6;Dictionaries
NK;NK6600.7;Directories
NK;NK6601.A-Z;United States. By city and museum or other place of exhibition, A-Z
NK;NK6601.5.A-Z;Other countries. By country and city, A-Z
NK;NK6601.8;Collective
NK;NK6602.A-Z;United States. By city and museum, A-Z
NK;NK6602.5.A-Z;Other countries. By country and city, A-Z
NK;NK6603.A-Z;Private collections. By collection, A-Z
NK;NK6604;General. Collectors' manuals
NK;NK6604.5;Conservation and restoration
NK;NK6605;Collected designs
NK;NK6605.5;Auction catalogs
NK;NK6606;General works
NK;NK6606.4.A-Z;Ethnic groups not limited to one country, A-Z
NK;NK6607;Ancient
NK;NK6607.15;Egyptian
NK;NK6607.2;Etruscan
NK;NK6607.3;Classical
NK;NK6607.4;Early Christian
NK;NK6608;Medieval
NK;NK6608.7;Buddhist
NK;NK6608.8;Byzantine
NK;NK6608.9;Islamic
NK;NK6608.92;Romanesque
NK;NK6608.923;Gothic
NK;NK6609;Modern
NK;NK6609.2.A-Z;Special styles, A-Z
NK;NK6609.3;Renaissance
NK;NK6609.6;Baroque
NK;NK6609.65;18th century
NK;NK6609.7;Rococo
NK;NK6609.8;19th century
NK;NK6609.85.A-Z;Special styles, A-Z
NK;NK6610;20th century
NK;NK6610.3.A-Z;Special styles, A-Z
NK;NK6611;North America
NK;NK6612;United States
NK;NK6612.5;Latin America
NK;NK6697;Collective biography
NK;NK6698.A-Z;Special artists, A-Z
NK;NK6699;Dealers' catalogs
NK;NK6700;Periodicals and societies
NK;NK6700.5;Congresses
NK;NK6700.6;Dictionaries
NK;NK6700.7;Directories
NK;NK6701.A-Z;United States. By city and museum or other place of exhibition, A-Z
NK;NK6701.5.A-Z;Other countries. By country and city, A-Z
NK;NK6701.8;Collective
NK;NK6702.A-Z;United States. By city and museum, A-Z
NK;NK6702.5.A-Z;Other countries. By country and city, A-Z
NK;NK6703.A-Z;Private collections. By collection, A-Z
NK;NK6704;General. Collectors' manuals
NK;NK6704.5;Conservation and restoration
NK;NK6705;Collected designs
NK;NK6705.5;Auction catalogs
NK;NK6706;General works
NK;NK6706.4.A-Z;Ethnic groups not limited to one country, A-Z
NK;NK6707;Ancient
NK;NK6707.15;Egyptian
NK;NK6707.2;Etruscan
NK;NK6707.3;Classical
NK;NK6707.4;Early Christian
NK;NK6708;Medieval
NK;NK6708.7;Buddhist
NK;NK6708.8;Byzantine
NK;NK6708.9;Islamic
NK;NK6708.92;Romanesque
NK;NK6708.923;Gothic
NK;NK6709;Modern
NK;NK6709.2.A-Z;Special styles, A-Z
NK;NK6709.3;Renaissance
NK;NK6709.6;Baroque
NK;NK6709.65;18th century
NK;NK6709.7;Rococo
NK;NK6709.8;19th century
NK;NK6709.85.A-Z;Special styles, A-Z
NK;NK6710;20th century
NK;NK6710.3.A-Z;Special styles, A-Z
NK;NK6711;North America
NK;NK6712;United States
NK;NK6712.5;Latin America
NK;NK6713-6796.3;Other regions or countries (Table N1)
NK;NK6797;Collective biography
NK;NK6798.A-Z;Special artists, A-Z
NK;NK6799;Dealers' catalogs
NK;NK6805;Daggers
NK;NK6808;Shields
NK;NK6809;Helmets
NK;NK6900;Periodicals and societies
NK;NK6900.5;Congresses
NK;NK6900.6;Dictionaries
NK;NK6900.7;Directories
NK;NK6901.A-Z;United States. By city and museum or other place of exhibition, A-Z
NK;NK6901.5.A-Z;Other countries. By country and city, A-Z
NK;NK6901.8;Collective
NK;NK6902.A-Z;United States. By city and museum, A-Z
NK;NK6902.5.A-Z;Other countries. By country and city, A-Z
NK;NK6903.A-Z;Private collections. By collection, A-Z
NK;NK6904;General. Collectors' manuals
NK;NK6904.5;Conservation and restoration
NK;NK6905;Collected designs
NK;NK6905.5;Auction catalogs
NK;NK6906;General works
NK;NK6906.4.A-Z;Ethnic groups not limited to one country, A-Z
NK;NK6907;Ancient
NK;NK6908;Medieval
NK;NK6909;Modern
NK;NK6909.2.A-Z;Special styles, A-Z
NK;NK6909.3;Renaissance
NK;NK6909.6;Baroque
NK;NK6909.65;18th century
NK;NK6909.7;Rococo
NK;NK6909.8;19th century
NK;NK6909.85.A-Z;Special styles, A-Z
NK;NK6910;20th century
NK;NK6910.3.A-Z;Special styles, A-Z
NK;NK6911;North America
NK;NK6912;United States
NK;NK6912.5;Latin America
NK;NK6913-6996.3;Other regions or countries (Table N1)
NK;NK6997;Collective biography
NK;NK6998.A-Z;Special artists, A-Z
NK;NK6999;Dealers' catalogs
NK;NK7100;Periodicals and societies
NK;NK7100.5;Congresses
NK;NK7100.6;Dictionaries
NK;NK7100.7;Directories
NK;NK7101.A-Z;United States. By city and museum or other place of exhibition, A-Z
NK;NK7101.5.A-Z;Other countries. By country and city, A-Z
NK;NK7101.8;Collective
NK;NK7102.A-Z;United States. By city and museum, A-Z
NK;NK7102.5.A-Z;Other countries. By country and city, A-Z
NK;NK7103.A-Z;Private collections, A-Z
NK;NK7104;General. Collectors' manuals
NK;NK7104.5;Conservation and restoration
NK;NK7105;Collected designs
NK;NK7105.5;Auction catalogs
NK;NK7106;General works
NK;NK7106.4.A-Z;Ethnic or religious groups not limited to one country, A-Z
NK;NK7107;Ancient
NK;NK7107.15;Egyptian
NK;NK7107.2;Etruscan
NK;NK7107.3;Classical
NK;NK7107.4;Early Christian
NK;NK7108;Medieval
NK;NK7108.7;Buddhist
NK;NK7108.8;Byzantine
NK;NK7108.9;Islamic
NK;NK7108.92;Romanesque
NK;NK7108.923;Gothic
NK;NK7109;Modern
NK;NK7109.2.A-Z;Special styles, A-Z
NK;NK7109.3;Renaissance
NK;NK7109.6;Baroque
NK;NK7109.65;18th century
NK;NK7109.7;Rococo
NK;NK7109.8;19th century
NK;NK7109.85.A-Z;Special styles, A-Z
NK;NK7110;20th century
NK;NK7110.3.A-Z;Special styles, A-Z
NK;NK7111;North America
NK;NK7112;United States
NK;NK7112.5;Latin America
NK;NK7113-7196.3;Other regions or countries (Table N1 modified)
NK;NK7197;Collective biography
NK;NK7198.A-Z;Special artists, A-Z
NK;NK7199;Dealers' catalogs
NK;NK7210;Hallmarks and other marks
NK;NK7215;Ecclesiastical plate (Chalices, patens, etc.)
NK;NK7218;Miscellaneous plate
NK;NK7220;General works
NK;NK7225;Special (not A-Z)
NK;NK7230;General works
NK;NK7233;Special pieces (not A-Z)
NK;NK7234;General works
NK;NK7234.3;Forks
NK;NK7234.5;Servers
NK;NK7235;Spoons
NK;NK7236.A-Z;Other special topics, A-Z
NK;NK7240;General works
NK;NK7240.5;United States
NK;NK7241.A-Z;Other regions or countries, A-Z
NK;NK7241.5.A-Z;Special artists, families, firms, A-Z
NK;NK7242.A-Z;Special topics, A-Z
NK;NK7250;Sheffield plate
NK;NK7300;Periodicals and societies
NK;NK7300.5;Congresses
NK;NK7300.6;Dictionaries
NK;NK7300.7;Directories
NK;NK7301.A-Z;United States. By city and museum or other place of exhibition, A-Z
NK;NK7301.5.A-Z;Other countries. By country and city, A-Z
NK;NK7301.8;Collective
NK;NK7302.A-Z;United States. By city and museum, A-Z
NK;NK7302.5.A-Z;Other countries. By country and city, A-Z
NK;NK7303.A-Z;Private collections. By collection, A-Z
NK;NK7304;General. Collectors' manuals
NK;NK7304.5;Conservation and restoration
NK;NK7305;Collected designs
NK;NK7305.5;Auction catalogs
NK;NK7306;General works
NK;NK7306.4.A-Z;Ethnic groups not limited to one country, A-Z
NK;NK7307;General works
NK;NK7307.15;Egyptian
NK;NK7307.2;Etruscan
NK;NK7307.3;Classical
NK;NK7307.4;Early Christian
NK;NK7308;General works
NK;NK7308.7;Buddhist
NK;NK7308.8;Byzantine
NK;NK7308.9;Islamic
NK;NK7308.92;Romanesque
NK;NK7308.923;Gothic
NK;NK7309;General works
NK;NK7309.2.A-Z;Special styles, A-Z
NK;NK7309.3;Renaissance
NK;NK7309.6;Baroque
NK;NK7309.65;18th century
NK;NK7309.7;Rococo
NK;NK7309.8;19th century
NK;NK7309.85.A-Z;Special styles, A-Z
NK;NK7310;20th century
NK;NK7310.3.A-Z;Special styles, A-Z
NK;NK7310.5;General works
NK;NK7310.55.A-Z;Special styles, A-Z
NK;NK7311;North America
NK;NK7312;United States
NK;NK7312.5;Latin America
NK;NK7313-7396.3;Other regions or countries (Table N1)
NK;NK7397;Collective biography
NK;NK7398.A-Z;Special artists, A-Z
NK;NK7399;Dealers' catalogs
NK;NK7400;Periodicals
NK;NK7401.A-Z;United States. By city and museum or other place of exhibition, A-Z
NK;NK7401.5.A-Z;Other countries. By country and city, A-Z
NK;NK7402.A-Z;United States. By city and museum, A-Z
NK;NK7402.5.A-Z;Other countries. By country and city, A-Z
NK;NK7403.A-Z;Collections. By collection, A-Z
NK;NK7404;General works
NK;NK7405;Collected designs
NK;NK7406;General works
NK;NK7407;Ancient
NK;NK7408;Medieval
NK;NK7409;Modern
NK;NK7411;North America
NK;NK7412;United States
NK;NK7415.A-Z;Other regions or countries, A-Z
NK;NK7417.A-Z;Special artists, A-Z
NK;NK7419;Trade catalogs, etc.
NK;NK7422;Chains
NK;NK7422.2;Crosses
NK;NK7422.3;Bracelets
NK;NK7422.4;Bridal crowns
NK;NK7423;Tiaras
NK;NK7423.3;Necklaces
NK;NK7423.5;Earrings
NK;NK7425;Maces (Ceremonial)
NK;NK7440;Periodicals
NK;NK7441.A-Z;United States. By city and museum or other place of exhibition, A-Z
NK;NK7441.5.A-Z;Other countries. By country and city, A-Z
NK;NK7442.A-Z;United States. By city and museum, A-Z
NK;NK7442.5.A-Z;Other countries. By country and city, A-Z
NK;NK7443.A-Z;Collections. By collection, A-Z
NK;NK7444;General works
NK;NK7445;Collected designs
NK;NK7446;General works
NK;NK7447;Ancient
NK;NK7448;Medieval
NK;NK7449;Modern
NK;NK7451;North America
NK;NK7452;United States
NK;NK7455.A-Z;Other regions or countries, A-Z
NK;NK7457.A-Z;Special artists, A-Z
NK;NK7459;Trade catalogs, etc.
NK;NK7480;Periodicals
NK;NK7481.A-Z;United States. By city and museum or other place of exhibition, A-Z
NK;NK7481.5.A-Z;Other countries. By country and city, A-Z
NK;NK7482.A-Z;United States. By city and museum, A-Z
NK;NK7482.5.A-Z;Other countries. By country and city, A-Z
NK;NK7483.A-Z;Collections. By collection, A-Z
NK;NK7484;General works
NK;NK7485;Collected designs
NK;NK7486;General works
NK;NK7487;Ancient
NK;NK7488;Medieval
NK;NK7489;Modern
NK;NK7491;North America
NK;NK7492;United States
NK;NK7495.A-Z;Other regions or countries, A-Z
NK;NK7497.A-Z;Special artists, A-Z
NK;NK7499;Trade catalogs, etc.
NK;NK7500.A-Z;Special kinds of clocks and watches, A-Z
NK;NK7502;Balance clocks
NK;NK7502.5;Watch fobs
NK;NK7503;Watch keys
NK;NK7504;Watch holders
NK;NK7650;General works
NK;NK7658;Collections
NK;NK7660;General works
NK;NK7663;Special (not A-Z)
NK;NK7680;Pearls
NK;NK7690.A-Z;Others, A-Z
NK;NK7695;Other (not A-Z)
NK;NK7700;Aluminum work
NK;NK7800;Periodicals and societies
NK;NK7800.5;Congresses
NK;NK7800.6;Dictionaries
NK;NK7800.7;Directories
NK;NK7801.A-Z;United States. By city and museum or other place of exhibition, A-Z
NK;NK7801.5.A-Z;Other countries. By country and city, A-Z
NK;NK7801.8;Collective
NK;NK7802.A-Z;United States. By city and museum, A-Z
NK;NK7802.5.A-Z;Other countries. By country and city, A-Z
NK;NK7803.A-Z;Private collections. By collection, A-Z
NK;NK7804;General. Collectors' manuals
NK;NK7804.5;Conservation and restoration
NK;NK7805;Collected designs
NK;NK7805.5;Auction catalogs
NK;NK7806;General works
NK;NK7806.4.A-Z;Ethnic groups not limited to one country, A-Z
NK;NK7807;Ancient
NK;NK7807.15;Egyptian
NK;NK7807.2;Etruscan
NK;NK7807.3;Classical
NK;NK7807.4;Early Christian
NK;NK7808;Medieval
NK;NK7808.7;Buddhist
NK;NK7808.8;Byzantine
NK;NK7808.9;Islamic
NK;NK7808.92;Romanesque
NK;NK7808.923;Gothic
NK;NK7809;Modern
NK;NK7809.2.A-Z;Special styles, A-Z
NK;NK7809.3;Renaissance
NK;NK7809.6;Baroque
NK;NK7809.65;18th century
NK;NK7809.7;Rococo
NK;NK7809.8;19th century
NK;NK7809.85.A-Z;Special styles, A-Z
NK;NK7810;20th century
NK;NK7810.3.A-Z;Special styles, A-Z
NK;NK7811;North America
NK;NK7812;United States
NK;NK7812.5;Latin America
NK;NK7813-7896.3;Other regions or countries (Table N1)
NK;NK7897;Collective biography
NK;NK7898.A-Z;Special artists, A-Z
NK;NK7899;Dealers' catalogs
NK;NK7900;Periodicals and societies
NK;NK7900.5;Congresses
NK;NK7900.6;Dictionaries
NK;NK7900.7;Directories
NK;NK7901.A-Z;United States. By city and museum or other place of exhibition, A-Z
NK;NK7901.5.A-Z;Other countries. By country and city, A-Z
NK;NK7901.8;Collective
NK;NK7902.A-Z;United States. By city and museum, A-Z
NK;NK7902.5.A-Z;Other countries. By country and city, A-Z
NK;NK7903.A-Z;Private collections. By collection, A-Z
NK;NK7904;General. Collectors' manuals
NK;NK7904.5;Conservation and restoration
NK;NK7905;Collected designs
NK;NK7905.5;Auction catalogs
NK;NK7906;General works
NK;NK7906.4.A-Z;Ethnic groups not limited to one country, A-Z
NK;NK7907;Ancient
NK;NK7907.15;Egyptian
NK;NK7907.2;Etruscan
NK;NK7907.3;Classical
NK;NK7907.4;Early Christian
NK;NK7908;Medieval
NK;NK7908.7;Buddhist
NK;NK7908.8;Byzantine
NK;NK7908.9;Islamic
NK;NK7908.92;Romanesque
NK;NK7908.923;Gothic
NK;NK7909;Modern
NK;NK7909.2.A-Z;Special styles, A-Z
NK;NK7909.3;Renaissance
NK;NK7909.6;Baroque
NK;NK7909.65;18th century
NK;NK7909.7;Rococo
NK;NK7909.8;19th century
NK;NK7909.85.A-Z;Special styles, A-Z
NK;NK7910;20th century
NK;NK7910.3.A-Z;Special styles, A-Z
NK;NK7911;North America
NK;NK7912;United States
NK;NK7912.5;Latin America
NK;NK7913-7996.3;Other regions or countries (Table N1 modified)
NK;NK7997;Collective biography
NK;NK7998.A-Z;Special artists, A-Z
NK;NK7999;Dealers' catalogs
NK;NK8000;Special pieces (not A-Z)
NK;NK8030;General works
NK;NK8032;United States
NK;NK8033.A-Z;Other regions or countries, A-Z
NK;NK8035.A-Z;Special artists, A-Z
NK;NK8100;Periodicals and societies
NK;NK8100.5;Congresses
NK;NK8100.6;Dictionaries
NK;NK8100.7;Directories
NK;NK8101.A-Z;United States. By city and museum or other place of exhibition, A-Z
NK;NK8101.5.A-Z;Other countries. By country and city, A-Z
NK;NK8101.8;Collective
NK;NK8102.A-Z;United States. By city and museum, A-Z
NK;NK8102.5.A-Z;Other countries. By country and city, A-Z
NK;NK8103.A-Z;Private collections. By collection, A-Z
NK;NK8104;General. Collectors' manuals
NK;NK8104.5;Conservation and restoration
NK;NK8105;Collected designs
NK;NK8105.5;Auction catalogs
NK;NK8106;General works
NK;NK8106.4.A-Z;Ethnic groups not limited to one country, A-Z
NK;NK8107;Ancient
NK;NK8107.15;Egyptian
NK;NK8107.2;Etruscan
NK;NK8107.3;Classical
NK;NK8107.4;Early Christian
NK;NK8108;Medieval
NK;NK8108.7;Buddhist
NK;NK8108.8;Byzantine
NK;NK8108.9;Islamic
NK;NK8108.92;Romanesque
NK;NK8108.923;Gothic
NK;NK8109;Modern
NK;NK8109.2.A-Z;Special styles, A-Z
NK;NK8109.3;Renaissance
NK;NK8109.6;Baroque
NK;NK8109.65;18th century
NK;NK8109.7;Rococo
NK;NK8109.8;19th century
NK;NK8109.85.A-Z;Special styles, A-Z
NK;NK8110;20th century
NK;NK8110.3.A-Z;Special styles, A-Z
NK;NK8111;North America
NK;NK8112;United States
NK;NK8112.5;Latin America
NK;NK8113-8196.3;Other regions or countries (Table N1)
NK;NK8197;Collective biography
NK;NK8198.A-Z;Special artists, A-Z
NK;NK8199;Dealers' catalogs
NK;NK8200;Periodicals and societies
NK;NK8200.5;Congresses
NK;NK8200.6;Dictionaries
NK;NK8200.7;Directories
NK;NK8201.A-Z;United States. By city and museum or other place of exhibition, A-Z
NK;NK8201.5.A-Z;Other countries. By country and city, A-Z
NK;NK8201.8;Collective
NK;NK8202.A-Z;United States. By city and museum, A-Z
NK;NK8202.5.A-Z;Other countries. By country and city, A-Z
NK;NK8203.A-Z;Private collections. By collection, A-Z
NK;NK8204;General. Collectors' manuals
NK;NK8204.5;Conservation and restoration
NK;NK8205;Collected designs
NK;NK8205.5;Auction catalogs
NK;NK8206;General works
NK;NK8206.4.A-Z;Ethnic groups not limited to one country, A-Z
NK;NK8207;Ancient
NK;NK8207.15;Egyptian
NK;NK8207.2;Etruscan
NK;NK8207.3;Classical
NK;NK8207.4;Early Christian
NK;NK8208;Medieval
NK;NK8208.7;Buddhist
NK;NK8208.8;Byzantine
NK;NK8208.9;Islamic
NK;NK8208.92;Romanesque
NK;NK8208.923;Gothic
NK;NK8209;Modern
NK;NK8209.2.A-Z;Special styles, A-Z
NK;NK8209.3;Renaissance
NK;NK8209.6;Baroque
NK;NK8209.65;18th century
NK;NK8209.7;Rococo
NK;NK8209.8;19th century
NK;NK8209.85.A-Z;Special styles, A-Z
NK;NK8210;20th century
NK;NK8210.3.A-Z;Special styles, A-Z
NK;NK8211;North America
NK;NK8212;United States
NK;NK8212.5;Latin America
NK;NK8213-8296.3;Other regions or countries (Table N1)
NK;NK8297;Collective biography
NK;NK8298.A-Z;Special artists, A-Z
NK;NK8299;Dealers' catalogs
NK;NK8300.A-Z;Special articles of iron and cast iron, A-Z
NK;NK8350;General works
NK;NK8352;United States
NK;NK8353.A-Z;Other regions or countries, A-Z
NK;NK8355.A-Z;Special artists, A-Z
NK;NK8380;Nickel silver
NK;NK8390;Paktong
NK;NK8400;Periodicals
NK;NK8401.A-Z;United States. By city and museum or other place of exhibition, A-Z
NK;NK8401.5.A-Z;Other countries. By country and city, A-Z
NK;NK8402.A-Z;United States. By city and museum, A-Z
NK;NK8402.5.A-Z;Other countries. By country and city, A-Z
NK;NK8403.A-Z;Collections. By collection, A-Z
NK;NK8404;General works
NK;NK8405;Collected designs
NK;NK8406;General works
NK;NK8407;Ancient
NK;NK8408;Medieval
NK;NK8409;Modern
NK;NK8411;North America
NK;NK8412;United States
NK;NK8415.A-Z;Other regions or countries, A-Z
NK;NK8417.A-Z;Special artists, A-Z
NK;NK8419;Trade catalogs, etc.
NK;NK8420;Pewter marks
NK;NK8425;Tinwork
NK;NK8427;Aquamaniles
NK;NK8428;Crosses
NK;NK8430;Cutlery
NK;NK8436;Icons
NK;NK8438;Lanterns. Light fixtures. Candlesticks
NK;NK8440;General works
NK;NK8440.2.A-Z;By region or country, A-Z
NK;NK8450;Flatware
NK;NK8454;General works
NK;NK8454.2.A-Z;By region or country, A-Z
NK;NK8459.A-Z;Other, A-Z
NK;NK8465;Mice collectibles
NK;NK8470;General works
NK;NK8473.A-Z;By region or country, A-Z
NK;NK8473.5.A-Z;Special artists, A-Z
NK;NK8475.A-Z;Special, A-Z
NK;NK8490;For foods
NK;NK8491;Other molds (not A-Z)
NK;NK8500;Mosaic ornaments and jewelry
NK;NK8550;Musical instruments (Art collections)
NK;NK8551;Needlework boxes
NK;NK8551.2;General works
NK;NK8551.25.A-Z;Special, A-Z
NK;NK8551.3;Nutcrackers
NK;NK8552;Ocean liner collectibles
NK;NK8552.3;Paint collectibles
NK;NK8552.5.A-Z;Exhibitions. Collections. Museums. By country and collector or place of exhibition, A-Z
NK;NK8553;General works
NK;NK8553.2.A-Z;By region or country, A-Z
NK;NK8553.5.A-Z;Special artists, A-Z
NK;NK8554;Watermarks
NK;NK8554.5;Paperweights
NK;NK8555;General works
NK;NK8555.5.A-Z;Special regions and countries, A-Z
NK;NK8560;Pattern printing (Handicraft)
NK;NK8580;Permodello modeling
NK;NK8590;Piqué-work
NK;NK8592;Pitchers
NK;NK8593;Plaques
NK;NK8595;General works
NK;NK8595.2.A-Z;Special articles of plastic, A-Z
NK;NK8596;Plates
NK;NK8597;Poodle collectibles
NK;NK8598;Powder flasks
NK;NK8600;Periodicals
NK;NK8605;General works
NK;NK8605.5.A-Z;Special regions or countries, A-Z
NK;NK8608;Rabbit collectibles
NK;NK8610;Rattles. Teethers
NK;NK8620;Razor blade banks
NK;NK8636;Ru yi (Scepters)
NK;NK8640;Salt dishes. Salt shakers. Salt and pepper shakers
NK;NK8641;General works
NK;NK8641.5.A-Z;By region or country, A-Z
NK;NK8642;Sea resort collectibles
NK;NK8643;Shellcraft
NK;NK8643.3;Shopping bags
NK;NK8643.45;Signs and signboards
NK;NK8643.47;Soft drink collectibles
NK;NK8644;Spoons
NK;NK8645;Staffs (Sticks, canes, etc.)
NK;NK8647;Steins
NK;NK8650;Periodicals
NK;NK8651.A-Z;United States. By city and museum or other place of exhibition, A-Z
NK;NK8651.5.A-Z;Other countries. By country and city, A-Z
NK;NK8652.A-Z;United States. By city and museum, A-Z
NK;NK8652.5.A-Z;Other countries. By country and city, A-Z
NK;NK8653.A-Z;Collections. By collection, A-Z
NK;NK8654;General works
NK;NK8655;Collected designs
NK;NK8656;General works
NK;NK8657;Ancient
NK;NK8658;Medieval
NK;NK8659;Modern
NK;NK8661;North America
NK;NK8662;United States
NK;NK8665.A-Z;Other regions or countries, A-Z
NK;NK8667.A-Z;Special artists, A-Z
NK;NK8669;Trade catalogs, etc.
NK;NK8700;General works
NK;NK8700.5.A-Z;Special regions and countries, A-Z
NK;NK8705;General works
NK;NK8705.5.A-Z;Special artists, A-Z
NK;NK8713;Stone lanterns. Stone lamps
NK;NK8713.5;Stone plant containers
NK;NK8713.65;General works
NK;NK8713.7.A-Z;Special, A-Z
NK;NK8714;Straw work
NK;NK8714.2;Strawberry Shortcake collectibles
NK;NK8714.5;Stringholders
NK;NK8715;Suiseki. Ornamental rocks
NK;NK8717;Swine collectibles
NK;NK8724;Tabletop fountains
NK;NK8725;General works
NK;NK8725.5.A-Z;Special artists, A-Z
NK;NK8730;General works
NK;NK8730.2.A-Z;Special kinds of teapots, A-Z
NK;NK8740;General works
NK;NK8740.2.A-Z;Special kinds of bears, A-Z
NK;NK8740.5.A-Z;Special artists, A-Z
NK;NK8745;Tennis collectibles
NK;NK8800;Periodicals and societies
NK;NK8800.5;Congresses
NK;NK8800.6;Dictionaries
NK;NK8800.7;Directories
NK;NK8801.A-Z;United States. By city and museum or other place of exhibition, A-Z
NK;NK8801.5.A-Z;Other countries. By country and city, A-Z
NK;NK8801.8;Collective
NK;NK8802.A-Z;United States. By city and museum, A-Z
NK;NK8802.5.A-Z;Other countries. By country and city, A-Z
NK;NK8803.A-Z;Private collections. By collection, A-Z
NK;NK8804;General. Collectors' manuals
NK;NK8804.2;Juvenile works
NK;NK8804.5;Conservation and restoration
NK;NK8805;Collected designs
NK;NK8805.5;Auction catalogs
NK;NK8806;General works
NK;NK8806.4.A-Z;Ethnic groups not limited to one country, A-Z
NK;NK8807;Ancient
NK;NK8807.15;Egyptian
NK;NK8807.2;Etruscan
NK;NK8807.3;Classical
NK;NK8807.4;Early Christian
NK;NK8808;Medieval
NK;NK8808.7;Buddhist
NK;NK8808.8;Byzantine
NK;NK8808.9;Islamic
NK;NK8808.92;Romanesque
NK;NK8808.923;Gothic
NK;NK8809;Modern
NK;NK8809.2.A-Z;Special styles, A-Z
NK;NK8809.3;Renaissance
NK;NK8809.6;Baroque
NK;NK8809.65;18th century
NK;NK8809.7;Rococo
NK;NK8809.8;19th century
NK;NK8809.85.A-Z;Special styles, A-Z
NK;NK8810;20th century
NK;NK8810.3.A-Z;Special styles, A-Z
NK;NK8811;North America
NK;NK8812;United States
NK;NK8812.5;Latin America
NK;NK8813-8896.3;Other regions or countries (Table N1)
NK;NK8897;Collective biography
NK;NK8898.A-Z;Special artists, A-Z
NK;NK8899;Dealers' catalogs
NK;NK8899.3;Tablecloths
NK;NK8899.5.A-Z;By material, A-Z
NK;NK8900;Periodicals and societies
NK;NK8900.5;Congresses
NK;NK8900.6;Dictionaries
NK;NK8900.7;Directories
NK;NK8901.A-Z;United States. By city and museum or other place of exhibition, A-Z
NK;NK8901.5.A-Z;Other countries. By country and city, A-Z
NK;NK8901.8;Collective
NK;NK8902.A-Z;United States. By city and museum, A-Z
NK;NK8902.5.A-Z;Other countries. By country and city, A-Z
NK;NK8903.A-Z;Private collections. By collection, A-Z
NK;NK8904;General. Collectors' manuals
NK;NK8904.5;Conservation and restoration
NK;NK8905;Collected designs
NK;NK8905.5;Auction catalogs
NK;NK8906;General works
NK;NK8906.4.A-Z;Ethnic groups not limited to one country, A-Z
NK;NK8907;Ancient
NK;NK8907.15;Egyptian
NK;NK8907.2;Etruscan
NK;NK8907.3;Classical
NK;NK8907.4;Early Christian
NK;NK8908;Medieval
NK;NK8908.7;Buddhist
NK;NK8908.8;Byzantine
NK;NK8908.9;Islamic
NK;NK8908.92;Romanesque
NK;NK8908.923;Gothic
NK;NK8909;Modern
NK;NK8909.2.A-Z;Special styles, A-Z
NK;NK8909.3;Renaissance
NK;NK8909.6;Baroque
NK;NK8909.65;18th century
NK;NK8909.7;Rococo
NK;NK8909.8;19th century
NK;NK8909.85.A-Z;Special styles, A-Z
NK;NK8910;20th century
NK;NK8910.3.A-Z;Special styles, A-Z
NK;NK8911;North America
NK;NK8912;United States
NK;NK8912.5;Latin America
NK;NK8913-8996.3;Other regions or countries (Table N1)
NK;NK8997;Collective biography
NK;NK8998.A-Z;Special artists, A-Z
NK;NK8999;Dealers' catalogs
NK;NK9002;Silk pictures
NK;NK9010;Calamanco
NK;NK9015;Chenille
NK;NK9020;Damask weaving
NK;NK9022;Foulards
NK;NK9025;Tartans
NK;NK9100;Periodicals and societies
NK;NK9100.5;Congresses
NK;NK9100.6;Dictionaries
NK;NK9100.7;Directories
NK;NK9101.A-Z;United States. By city and museum or other place of exhibition, A-Z
NK;NK9101.5.A-Z;Other countries. By country and city, A-Z
NK;NK9101.8;Collective
NK;NK9102.A-Z;United States. By city and museum, A-Z
NK;NK9102.5.A-Z;Other countries. By country and city, A-Z
NK;NK9103.A-Z;Private collections. By collection, A-Z
NK;NK9104;General. Collectors' manuals
NK;NK9104.5;Conservation and restoration
NK;NK9105;Collected designs
NK;NK9105.5;Auction catalogs
NK;NK9106;General works
NK;NK9106.4.A-Z;Ethnic groups not limited to one country, A-Z
NK;NK9107;General works
NK;NK9107.15;Egyptian
NK;NK9107.2;Etruscan
NK;NK9107.3;Classical
NK;NK9107.4;Early Christian
NK;NK9108;General works
NK;NK9108.7;Buddhist
NK;NK9108.8;Byzantine
NK;NK9108.9;Islamic
NK;NK9108.92;Romanesque
NK;NK9108.923;Gothic
NK;NK9109;General works
NK;NK9109.2.A-Z;Special styles, A-Z
NK;NK9109.3;Renaissance
NK;NK9109.6;Baroque
NK;NK9109.65;18th century
NK;NK9109.7;Rococo
NK;NK9109.8;19th century
NK;NK9109.85.A-Z;Special styles, A-Z
NK;NK9110;20th century
NK;NK9110.3.A-Z;Special styles, A-Z
NK;NK9110.5;21st century
NK;NK9111;North America
NK;NK9112;United States
NK;NK9112.5;Latin America
NK;NK9113-9196.3;Other regions or countries (Table N1)
NK;NK9197;Collective biography
NK;NK9198.A-Z;Special artists, A-Z
NK;NK9199;Dealers' catalogs
NK;NK9199.5;Potholders
NK;NK9200;Periodicals and societies
NK;NK9200.5;Congresses
NK;NK9200.6;Dictionaries
NK;NK9200.7;Directories
NK;NK9201.A-Z;United States. By city and museum or other place of exhibition, A-Z
NK;NK9201.5.A-Z;Other countries. By country and city, A-Z
NK;NK9201.8;Collective
NK;NK9202.A-Z;United States. By city and museum, A-Z
NK;NK9202.5.A-Z;Other countries. By country and city, A-Z
NK;NK9203.A-Z;Private collections. By collection, A-Z
NK;NK9204;General. Collectors' manuals
NK;NK9204.5;Conservation and restoration
NK;NK9205;Collected designs
NK;NK9205.5;Auction catalogs
NK;NK9206;General works
NK;NK9206.4.A-Z;Ethnic groups not limited to one country, A-Z
NK;NK9207;Ancient
NK;NK9207.15;Egyptian
NK;NK9207.2;Etruscan
NK;NK9207.3;Classical
NK;NK9207.4;Early Christian
NK;NK9208;Medieval
NK;NK9208.7;Buddhist
NK;NK9208.8;Byzantine
NK;NK9208.9;Islamic
NK;NK9208.92;Romanesque
NK;NK9208.923;Gothic
NK;NK9209;Modern
NK;NK9209.2.A-Z;Special styles, A-Z
NK;NK9209.3;Renaissance
NK;NK9209.6;Baroque
NK;NK9209.65;18th century
NK;NK9209.7;Rococo
NK;NK9209.8;19th century
NK;NK9209.85.A-Z;Special styles, A-Z
NK;NK9210;20th century
NK;NK9210.3.A-Z;Special styles, A-Z
NK;NK9211;North America
NK;NK9212;United States
NK;NK9212.5;Latin America
NK;NK9213-9296.3;Other regions or countries (Table N1)
NK;NK9297;Collective biography
NK;NK9298.A-Z;Special artists, A-Z
NK;NK9299;Dealers' catalogs
NK;NK9302;Bead embroidery
NK;NK9310;General works
NK;NK9310.5.A-Z;Special artists, A-Z
NK;NK9315;Fabric pictures
NK;NK9400;Periodicals and societies
NK;NK9400.5;Congresses
NK;NK9400.6;Dictionaries
NK;NK9400.7;Directories
NK;NK9401.A-Z;United States. By city and museum or other place of exhibition, A-Z
NK;NK9401.5.A-Z;Other countries. By country and city, A-Z
NK;NK9401.8;Collective
NK;NK9402.A-Z;United States. By city and museum, A-Z
NK;NK9402.5.A-Z;Other countries. By country and city, A-Z
NK;NK9403.A-Z;Private collections. By collection, A-Z
NK;NK9404;General. Collectors' manuals
NK;NK9404.5;Conservation and restoration
NK;NK9405;Collected designs
NK;NK9405.5;Auction catalogs
NK;NK9406;General works
NK;NK9406.4.A-Z;Ethnic groups not limited to one country, A-Z
NK;NK9407;Ancient
NK;NK9407.15;Egyptian
NK;NK9407.2;Etruscan
NK;NK9407.3;Classical
NK;NK9407.4;Early Christian
NK;NK9408;Medieval
NK;NK9408.7;Buddhist
NK;NK9408.8;Byzantine
NK;NK9408.9;Islamic
NK;NK9408.92;Romanesque
NK;NK9408.923;Gothic
NK;NK9409;General works
NK;NK9409.2.A-Z;Special styles, A-Z
NK;NK9409.3;Renaissance
NK;NK9409.6;Baroque
NK;NK9409.65;18th century
NK;NK9409.7;Rococo
NK;NK9409.8;19th century
NK;NK9409.85.A-Z;Special styles, A-Z
NK;NK9410;20th century
NK;NK9410.3.A-Z;Special styles, A-Z
NK;NK9410.4;21st century
NK;NK9411;North America
NK;NK9412;United States
NK;NK9412.5;Latin America
NK;NK9413-9496.3;Other regions or countries (Table N1)
NK;NK9497;Collective biography
NK;NK9498.A-Z;Special artists, A-Z
NK;NK9499;Dealers' catalogs
NK;NK9499.2;Shuttles
NK;NK9499.5;Macramé
NK;NK9500;General works
NK;NK9502;Collective biography
NK;NK9502.5.A-Z;Special artists, A-Z
NK;NK9503;General works
NK;NK9503.2.A-Z;Special regions or countries, A-Z
NK;NK9504;Block printing
NK;NK9504.7;Resist-dyed textiles
NK;NK9505;General works
NK;NK9505.2.A-Z;Special regions or countries, A-Z
NK;NK9505.5;Tie-dyeing
NK;NK9505.57;Thanksgiving collectibles
NK;NK9505.6;Thermometers
NK;NK9505.7;Thimbles
NK;NK9505.75;Thread winders
NK;NK9507;Tobacco jars, boxes, etc.
NK;NK9508;Toothpick holders
NK;NK9509;General works
NK;NK9509.15;Directories
NK;NK9509.2.A-Z;United States. By city and museum or other place of exhibition, A-Z
NK;NK9509.3.A-Z;Other countries. By country and city, A-Z
NK;NK9509.4.A-Z;United States. By city and museum, A-Z
NK;NK9509.5.A-Z;Other countries. By country and city, A-Z
NK;NK9509.6.A-Z;Private collections. By collector, A-Z
NK;NK9509.65.A-Z;Special regions or countries, A-Z
NK;NK9509.7;Boys' toys
NK;NK9509.8;Girls' toys
NK;NK9509.95.A-Z;Special types of toys, A-Z
NK;NK9510;Transfer pictures (Decalcomania)
NK;NK9520;Travel paraphernalia
NK;NK9530;Trays
NK;NK9540;Trivets
NK;NK9550;Trunks
NK;NK9555;Turtle collectibles
NK;NK9558;Vases
NK;NK9560;Visiting card cases
NK;NK9580;General works
NK;NK9581;Religious articles
NK;NK9581.5.A-Z;By region or country, A-Z
NK;NK9582.A-Z;Special artists, A-Z
NK;NK9585;Weather vanes
NK;NK9587;Wickerwork
NK;NK9600;Periodicals and societies
NK;NK9600.5;Congresses
NK;NK9600.6;Dictionaries
NK;NK9600.7;Directories
NK;NK9601.A-Z;United States. By city and museum or other place of exhibition, A-Z
NK;NK9601.5.A-Z;Other countries. By country and city, A-Z
NK;NK9601.8;Collective
NK;NK9602.A-Z;United States. By city and museum, A-Z
NK;NK9602.5.A-Z;Other countries. By country and city, A-Z
NK;NK9603.A-Z;Private collections. By collection, A-Z
NK;NK9604;General. Collectors' manuals
NK;NK9604.2;Juvenile works
NK;NK9604.5;Conservation and restoration
NK;NK9605;Collected designs
NK;NK9605.5;Auction catalogs
NK;NK9606;General works
NK;NK9606.4.A-Z;Ethnic groups not limited to one country, A-Z
NK;NK9607;Ancient
NK;NK9607.15;Egyptian
NK;NK9607.2;Etruscan
NK;NK9607.3;Classical
NK;NK9607.4;Early Christian
NK;NK9608;Medieval
NK;NK9608.7;Buddhist
NK;NK9608.8;Byzantine
NK;NK9608.9;Islamic
NK;NK9608.92;Romanesque
NK;NK9608.923;Gothic
NK;NK9609;Modern
NK;NK9609.2.A-Z;Special styles, A-Z
NK;NK9609.3;Renaissance
NK;NK9609.6;Baroque
NK;NK9609.65;18th century
NK;NK9609.7;Rococo
NK;NK9609.8;19th century
NK;NK9609.85.A-Z;Special styles, A-Z
NK;NK9610;20th century
NK;NK9610.3.A-Z;Special styles, A-Z
NK;NK9610.6;21st century
NK;NK9611;North America
NK;NK9612;United States
NK;NK9612.5;Latin America
NK;NK9613-9696.3;Other regions or countries (Table N1)
NK;NK9697;Collective biography
NK;NK9698.A-Z;Special artists, A-Z
NK;NK9699;Dealers' catalogs
NK;NK9700;Periodicals and societies
NK;NK9700.5;Congresses
NK;NK9700.6;Dictionaries
NK;NK9700.7;Directories
NK;NK9701.A-Z;United States. By city and museum or other place of exhibition, A-Z
NK;NK9701.5.A-Z;Other countries. By country and city, A-Z
NK;NK9701.8;Collective
NK;NK9702.A-Z;United States. By city and museum, A-Z
NK;NK9702.5.A-Z;Other countries. By country and city, A-Z
NK;NK9703.A-Z;Private collections. By collection, A-Z
NK;NK9704;General. Collectors' manuals
NK;NK9704.5;Conservation and restoration
NK;NK9705;Collected designs
NK;NK9705.5;Auction catalogs
NK;NK9706;General works
NK;NK9706.4.A-Z;Ethnic groups not limited to one country, A-Z
NK;NK9707;Ancient
NK;NK9707.15;Egyptian
NK;NK9707.2;Etruscan
NK;NK9707.3;Classical
NK;NK9707.4;Early Christian
NK;NK9708;Medieval
NK;NK9708.7;Buddhist
NK;NK9708.8;Byzantine
NK;NK9708.9;Islamic
NK;NK9708.92;Romanesque
NK;NK9708.923;Gothic
NK;NK9709;Modern
NK;NK9709.2.A-Z;Special styles, A-Z
NK;NK9709.3;Renaissance
NK;NK9709.6;Baroque
NK;NK9709.65;18th century
NK;NK9709.7;Rococo
NK;NK9709.8;19th century
NK;NK9709.85.A-Z;Special styles, A-Z
NK;NK9710;20th century
NK;NK9710.3.A-Z;Special styles, A-Z
NK;NK9711;North America
NK;NK9712;United States
NK;NK9712.5;Latin America
NK;NK9713-9796.3;Other regions or countries (Table N1)
NK;NK9797;Collective biography
NK;NK9798.A-Z;Special artists, A-Z
NK;NK9799;Dealers' catalogs
NK;NK9900;General works
NK;NK9900.5.A-Z;Exhibitions. Collections. Museums. By country and collector or place of exhibition, A-Z
NK;NK9900.7.A-Z;Special regions or countries, A-Z
NK;NK9920;General works
NK;NK9924.A-Z;By region or country, A-Z
NK;NK9925.A-Z;Special artists, A-Z
NK;NK9930;Fretwork
NK;NK9950;Other (not A-Z)
NK;NK9955.A-Z;Miscellaneous articles of wood, A-Z
NX;NX2;French
NX;NX3;German
NX;NX4;Italian
NX;NX5;Dutch and Flemish
NX;NX6;Russian. Slavic
NX;NX6.5;Scandinavian
NX;NX7;Spanish and Portuguese
NX;NX8.A-Z;Other (including Oriental), A-Z
NX;NX20;General
NX;NX21;General
NX;NX21.2.A-Z;Special, A-Z
NX;NX22;General
NX;NX26.A-Z;By city or other local organization, A-Z
NX;NX28.A-Z;Other regions or countries, A-Z
NX;NX50;Congresses
NX;NX60;Several authors
NX;NX65;Individual authors
NX;NX67;Anecdotes, facetiae, curiosities of the arts and artists
NX;NX70;Encyclopedias
NX;NX80;Dictionaries of terms
NX;NX90;Collective
NX;NX93.A-Z;Individual, A-Z
NX;NX100;General
NX;NX110;United States
NX;NX120.A-Z;Other regions or countries, A-Z
NX;NX160;Creation in the arts
NX;NX161;Adaptation in the arts
NX;NX163;General works
NX;NX164.A-Z;Special classes of artists, A-Z
NX;NX165;Psychology of the arts and the artist
NX;NX170;General works
NX;NX175;General special
NX;NX180.A-Z;The arts in relation to other subjects, A-Z
NX;NX190;General works
NX;NX192;Information services
NX;NX195;Authorship
NX;NX197;Appropriation
NX;NX200;Styles in the arts
NX;NX205;Attribution
NX;NX207;Periodization
NX;NX210;Taste
NX;NX212;Performance in the arts
NX;NX220;Arts audiences
NX;NX230;Citizen participation
NX;NX260;Computer applications. Data processing
NX;NX280;General works
NX;NX282;General special
NX;NX284;General works
NX;NX284.3;General works
NX;NX284.4.A-Z;By region or state, A-Z
NX;NX284.5.A-Z;Other regions or countries, A-Z
NX;NX285;General works
NX;NX286;Select lists
NX;NX287.A-Z;Dealers' catalogs. By dealer, A-Z
NX;NX290;General works
NX;NX292;Before 1900
NX;NX294;Since 1900
NX;NX301-396.3;Special regions or countries (Table N1)
NX;NX396.5;Artists as teachers
NX;NX396.6;Directories
NX;NX397;General works
NX;NX398;United States
NX;NX399.A-Z;Other countries, A-Z
NX;NX400;General
NX;NX405.A-Z;United States. By city and school, A-Z
NX;NX407.A-Z;Other American. By country and school, A-Z
NX;NX409.A-Z;Europe. By country and school, A-Z
NX;NX410.A-Z;Other countries. By country and school, A-Z
NX;NX411;General and international
NX;NX412;United States
NX;NX413.A-Z;Other American. By country, A-Z
NX;NX414.A-Z;Europe. By country, A-Z
NX;NX415.A-Z;Other countries. By country, A-Z
NX;NX420;General works
NX;NX425;General works
NX;NX427.A-Z;Local, A-Z
NX;NX430.A-Z;Other regions or countries, A-Z
NX;NX440;General works
NX;NX445;General special
NX;NX447;Outlines. Syllabi
NX;NX447.5;Chronological lists
NX;NX448;Ancient
NX;NX448.5;Classical
NX;NX449;Medieval
NX;NX449.5;General works
NX;NX449.7.A-Z;Special aspects or movements, A-Z
NX;NX450;16th-17th centuries
NX;NX450.5;General works
NX;NX450.6.A-Z;Special aspects or movements, A-Z
NX;NX451;General works
NX;NX451.5.A-Z;Special aspects or movements, A-Z
NX;NX452;General works
NX;NX452.5.A-Z;Special aspects or movements, A-Z
NX;NX454;General works
NX;NX454.5.A-Z;Special aspects or movements, A-Z
NX;NX456;General works
NX;NX456.5.A-Z;Special aspects or movements, A-Z
NX;NX457;1900-1950
NX;NX458;1950-2000
NX;NX460;General works
NX;NX460.5.A-Z;Special aspects or movements, A-Z
NX;NX501-596.3;Special regions or countries (Table N1 modified)
NX;NX552;Italy
NX;NX619;Early works through 1800
NX;NX620;1801-
NX;NX627;General works
NX;NX628;Influences of Oriental arts on Western arts, and vice versa
NX;NX629;Arts of minority groups (General)
NX;NX632;Primitive arts
NX;NX633;Juvenile works
NX;NX634;Economics of the arts
NX;NX635;Reproduction of works of art
NX;NX636;Forgery of works of art
NX;NX640;General works
NX;NX640.2;Collective
NX;NX640.5.A-Z;Individual, A-Z
NX;NX643;Appreciation of the arts
NX;NX645;Book reviews
NX;NX650.A-Z;Special subjects or topics, A-Z
NX;NX651.8;General works
NX;NX652.A-Z;By name of character, person, class of persons, or ethnic group, A-Z
NX;NX653.A-Z;Special geographic areas and places as subjects, A-Z
NX;NX653.5;Periodicals and societies
NX;NX654;General works
NX;NX655;Periodicals and societies
NX;NX656;Collections. Congresses
NX;NX658.A-Z;United States. By city and gallery or other place of exhibition, A-Z
NX;NX659.A-Z;Other countries. By country and city, A-Z
NX;NX660;General works
NX;NX661;General special
NX;NX662;General works
NX;NX663.A-Z;By region or country, A-Z
NX;NX670;General works
NX;NX673;General special
NX;NX676;General works
NX;NX676.2;Gautama Buddha
NX;NX676.3.A-Z;Other, A-Z
NX;NX680;Hindu (Table N11)
NX;NX680.3.A-Z;Special subjects or topics, A-Z
NX;NX684;Jewish (Table N11)
NX;NX688;Islamic (Table N11)
NX;NX692.A-Z;Other religious arts, A-Z
NX;NX694.A-Z;Special topics, A-Z
NX;NX700;General works
NX;NX701;Collective
NX;NX701.2.A-Z;Individual, A-Z
NX;NX705;General special
NX;NX705.5.A-Z;Special regions or countries, A-Z
NX;NX710;General works
NX;NX711.A-Z;By region or country, A-Z
NX;NX712.A-Z;By patron, A-Z
NX;NX720;General works
NX;NX730;General works
NX;NX735;Federal
NX;NX740;State (General)
NX;NX742.A-Z;By state, A-W
NX;NX745;Local (General)
NX;NX750.A-Z;Other regions or countries, A-Z
NX;NX760;General works
NX;NX765;General works
NX;NX767.A-Z;Local, A-Z
NX;NX768.A-Z;Special administrators, A-Z
NX;NX770.A-Z;Other regions or countries, A-Z
NX;NX775;Voluntarism in the arts
NX;NX776;United States
NX;NX776.5.A-Z;Local, A-Z
NX;NX777.A-Z;Other regions or countries, A-Z
NX;NX798;General works
NX;NX800;General works
NX;NX805.A-Z;Local, A-Z
NX;NX820.A-Z;Other regions or countries, A-Z
NX;NX1;General
NX;NX1.5;General
NX;NX3.5;"Colonial period; 18th (and early 19th) century"
NX;NX3.7;19th century
NX;NX4.2;21st century
NX;NX4.5;Northeastern States
NX;NX4.7;Atlantic States
NX;NX5.5;Middle Atlantic States
NX;NX8;West
NX;NX8.5;Northwestern States
NX;NX8.6;Southwestern States
NX;NX9;Pacific States
NX;NX11.A-Z;Cities, A-Z
NX;NX11.5;Collective biography
NX;NX12.A-Z;Special artists, A-Z
NX;NX12.2;General
NX;NX12.3.A-Z;Special, A-Z
NX;NX13;General
NX;NX13.2;General
NX;NX13.3.A-Z;Special, A-Z
NX;NX14;Mexico
NX;NX15;General
NX;NX16;Belize. British Honduras
NX;NX17;Costa Rica
NX;NX18;Guatemala
NX;NX19;Honduras
NX;NX23;General
NX;NX24;Bahamas
NX;NX25;Cuba
NX;NX26;Haiti
NX;NX27;Jamaica
NX;NX28;Puerto Rico
NX;NX29.A-Z;Other, A-Z
NX;NX30;General
NX;NX31;Argentina
NX;NX32;Bolivia
NX;NX33;Brazil
NX;NX34;Chile
NX;NX35;Colombia
NX;NX36;Ecuador
NX;NX37;Guyana (British Guiana)
NX;NX37.2;Suriname (Dutch Guiana)
NX;NX37.4;French Guiana
NX;NX38;Paraguay
NX;NX39;Peru
NX;NX40;Uruguay
NX;NX41;Venezuela
NX;NX42;General
NX;NX43;General
NX;NX44.A-Z;England. Local, A-Z
NX;NX47.6.A-Z;Special artists, A-Z
NX;NX48;Austria
NX;NX49;France
NX;NX49.6;German, Austrian, and Swiss (Collectively)
NX;NX50.6;Former East Germany
NX;NX51;Greece
NX;NX52;Italy
NX;NX52.57;Vatican City
NX;NX52.6;Dutch, Flemish, and German (Collectively)
NX;NX53;General
NX;NX54;Holland (Netherlands)
NX;NX55;Belgium
NX;NX55.6;Luxembourg
NX;NX56;Russia. Soviet Union. Russia (Federation)
NX;NX57;General
NX;NX58;Denmark
NX;NX59;Iceland
NX;NX61;Sweden
NX;NX62;Spain
NX;NX63;Portugal
NX;NX64;Switzerland
NX;NX66;General
NX;NX69;Romania
NX;NX71.A-Z;Other regions or countries, A-Z
NX;NX71.5;Mediterranean Region
NX;NX72;General
NX;NX73;General
NX;NX73.6.A-Z;By region or country, A-Z
NX;NX73.7;Israel. Palestine
NX;NX74;Iran. Persia
NX;NX75;General
NX;NX75.6;Afghanistan
NX;NX75.67.A-Z;Former Soviet Central Asian republics, A-Z
NX;NX75.69;General
NX;NX75.7.A-Z;Individual republics, A-Z
NX;NX75.8;General
NX;NX76;India
NX;NX76.6;Sri Lanka. Ceylon
NX;NX76.7;Pakistan
NX;NX76.8.A-Z;Other countries, A-Z
NX;NX77;General
NX;NX77.6;Burma. Myanmar
NX;NX78;General
NX;NX78.6.A-Z;By country, A-Z
NX;NX78.7;Thailand. Siam
NX;NX79;Malaysia
NX;NX81;Philippines
NX;NX81.7.A-Z;Other regions or countries, A-Z
NX;NX82;General
NX;NX83;China
NX;NX84;Japan
NX;NX84.6;Korea
NX;NX84.7;Korea (Democratic People's Republic)
NX;NX86.A-Z;Other countries, A-Z
NX;NX87;General
NX;NX87.6;General
NX;NX87.65;Algeria
NX;NX87.7;Libya
NX;NX87.75;Morocco
NX;NX87.8;Sudan
NX;NX87.85;Tunisia
NX;NX88;General
NX;NX88.3;Coptic
NX;NX88.6.A-Z;Other North Africa, A-Z
NX;NX88.7;Ethiopia
NX;NX88.75;Sub-Saharan Africa
NX;NX88.8;General
NX;NX88.9.A-Z;By country, A-Z
NX;NX89;General
NX;NX89.3;French-speaking West Africa
NX;NX89.6.A-Z;By country, A-Z
NX;NX89.7;General
NX;NX89.8.A-Z;By country, A-Z
NX;NX89.83;General
NX;NX89.84.A-Z;Individual islands and island groups, A-Z
NX;NX89.9;General
NX;NX93;New Zealand
NX;NX95;General
NX;NX96.A-Z;Special, A-Z
NX;NX96.3;Developing countries
NX;NX8.2;21st century
NX;NX8.7;Atlantic States
NX;NX10;New England
NX;NX10.5;Middle Atlantic States
NX;NX11;South
NX;NX18.6;Southwestern States
NX;NX27.A-Z;Cities, A-Z
NX;NX27.5;Collective biography
NX;NX28.2;General works
NX;NX28.3.A-Z;Special, A-Z
NX;NX29-30.3;Canada
NX;NX29;General
NX;NX30.A-Z;Local, A-Z
NX;NX30.2;General works
NX;NX30.3.A-Z;Special, A-Z
NX;NX32.A-Z;Local, A-Z
NX;NX36.A-Z;Local, A-Z
NX;NX38.A-Z;Local, A-Z
NX;NX42.A-Z;Local, A-Z
NX;NX47;General
NX;NX50.A-Z;Local, A-Z
NX;NX52.A-Z;Local, A-Z
NX;NX54.A-Z;Local, A-Z
NX;NX56.A-Z;Local, A-Z
NX;NX58.A-Z;Other, A-Z
NX;NX62.A-Z;Local, A-Z
NX;NX64.A-Z;Local, A-Z
NX;NX66.A-Z;Local, A-Z
NX;NX68.A-Z;Local, A-Z
NX;NX70.A-Z;Local, A-Z
NX;NX71;General
NX;NX72.A-Z;Local, A-Z
NX;NX76.A-Z;Local, A-Z
NX;NX78.A-Z;Local, A-Z
NX;NX80.A-Z;Local, A-Z
NX;NX82.A-Z;Local, A-Z
NX;NX85;General
NX;NX87.A-Z;England. Local, A-Z
NX;NX90.A-Z;Local, A-Z
NX;NX91;General
NX;NX92.A-Z;Local, A-Z
NX;NX94.A-Z;Local, A-Z
NX;NX97;General
NX;NX98.A-Z;Local, A-Z
NX;NX98.6;German, Austrian, and Swiss (Collectively)
NX;NX99;General
NX;NX100.A-Z;Local, A-Z
NX;NX100.6;Former East Germany
NX;NX101;General
NX;NX102.A-Z;Local, A-Z
NX;NX103;General
NX;NX104.A-Z;Local, A-Z
NX;NX104.57;Vatican City
NX;NX104.6;Dutch, Flemish, and German (Collectively)
NX;NX105;General
NX;NX107;General
NX;NX108.A-Z;Local, A-Z
NX;NX109;General
NX;NX110.A-Z;Local, A-Z
NX;NX111;General
NX;NX112.A-Z;Local, A-Z
NX;NX113;General
NX;NX115;General
NX;NX116.A-Z;Local, A-Z
NX;NX117;General
NX;NX118.A-Z;Local, A-Z
NX;NX119;General
NX;NX121;General
NX;NX122.A-Z;Local, A-Z
NX;NX123;General
NX;NX124.A-Z;Local, A-Z
NX;NX125;General
NX;NX126.A-Z;Local, A-Z
NX;NX127;General
NX;NX128.A-Z;Local, A-Z
NX;NX129;General
NX;NX130.A-Z;Local, A-Z
NX;NX131;General
NX;NX133;General
NX;NX134.A-Z;Local, A-Z
NX;NX137;General
NX;NX138.A-Z;Local, A-Z
NX;NX141.A-Z;Other regions or countries, A-Z
NX;NX142;Mediterranean Region
NX;NX143;General
NX;NX145;General
NX;NX146.A-Z;By region or country, A-Z
NX;NX147;General
NX;NX148.A-Z;Local, A-Z
NX;NX149;General
NX;NX149.7.A-Z;Former Soviet Central Asian republics, A-Z
NX;NX149.9;General
NX;NX150.A-Z;Individual republics, A-Z
NX;NX150.6;General
NX;NX151;General
NX;NX152.A-Z;Local, A-Z
NX;NX153.6.A-Z;Other countries, A-Z
NX;NX154;General
NX;NX155;General
NX;NX156.A-Z;By country, A-Z
NX;NX157;General
NX;NX158.A-Z;Local, A-Z
NX;NX159;General
NX;NX160.A-Z;Local, A-Z
NX;NX162.A-Z;Local, A-Z
NX;NX162.7.A-Z;Other regions or countries, A-Z
NX;NX166.A-Z;Local, A-Z
NX;NX167;General
NX;NX168.A-Z;Local, A-Z
NX;NX172.A-Z;Other countries, A-Z
NX;NX173;General
NX;NX174;General
NX;NX175.3;Coptic
NX;NX176.6.A-Z;Other North Africa, A-Z
NX;NX176.75;Sub-Saharan Africa
NX;NX176.8;General
NX;NX176.9.A-Z;By country, A-Z
NX;NX177;General
NX;NX177.3;French-speaking West Africa
NX;NX177.6.A-Z;By country, A-Z
NX;NX178;General
NX;NX178.6.A-Z;By country, A-Z
NX;NX178.83;General
NX;NX178.84.A-Z;Individual islands and island groups, A-Z
NX;NX178.9;General
NX;NX179;General
NX;NX181;General
NX;NX182.A-Z;Local, A-Z
NX;NX183;General
NX;NX184.A-Z;Special, A-Z
NX;NX185;Developing countries
NX;NX24.6;Southwestern States
NX;NX38.5;Collective biography
NX;NX39.A-Z;Special artists, A-Z
NX;NX39.2;General
NX;NX39.3.A-Z;Special, A-Z
NX;NX41-43;Canada
NX;NX43.2;General
NX;NX43.3.A-Z;Special, A-Z
NX;NX44-46;Mexico
NX;NX50-52;Belize. British Honduras
NX;NX53-55;Costa Rica
NX;NX56-58;Guatamala
NX;NX59-61;Honduras
NX;NX62-64;Nicaragua
NX;NX68;General
NX;NX71-73;Bahamas
NX;NX74-76;Cuba
NX;NX77-79;Haiti
NX;NX80-82;Jamaica
NX;NX83-85;Puerto Rico
NX;NX92-94;Argentina
NX;NX95-97;Bolivia
NX;NX98-100;Brazil
NX;NX101-103;Chile
NX;NX104-106;Colombia
NX;NX107-109;Ecuador
NX;NX110.2;Suriname (Dutch Guiana)
NX;NX110.4;French Guiana
NX;NX113-115;Paraguay
NX;NX116-118;Peru
NX;NX119-121;Uruguay
NX;NX122-124;Venezuela
NX;NX128;General
NX;NX131.A-Z;England. Local, A-Z
NX;NX134;General
NX;NX135.A-Z;Special regions, districts, etc., A-Z
NX;NX136.A-Z;Special cities, A-Z
NX;NX139.A-Z;Special cities, A-Z
NX;NX142.A-Z;Special artists, A-Z
NX;NX143-145;Austria
NX;NX146-148;France
NX;NX148.6;German, Austrian, and Swiss (Collectively)
NX;NX149-151;Germany
NX;NX151.6;Former East Germany
NX;NX152-154;Greece
NX;NX155-157;Italy
NX;NX157.57;Vatican City
NX;NX157.6;Dutch, Flemish, and German (Collectively)
NX;NX158;General
NX;NX161-163;Holland (Netherlands)
NX;NX164-166;Belgium
NX;NX166.4;Luxembourg
NX;NX167-169;Russia. Soviet Union. Russia (Federation)
NX;NX173-175;Denmark
NX;NX176-178;Iceland
NX;NX179-181;Norway
NX;NX182-184;Sweden
NX;NX185-187;Spain
NX;NX188-190;Portugal
NX;NX191-193;Switzerland
NX;NX194-196;Turkey
NX;NX200-202;Bulgaria
NX;NX206-208;Romania
NX;NX212.A-Z;Other regions or countries, A-Z
NX;NX214;Mediterranean Region
NX;NX215;General
NX;NX218;General
NX;NX219.A-Z;By region or country, A-Z
NX;NX221-223;Iran. Persia
NX;NX224;General
NX;NX224.6;Afghanistan
NX;NX224.7.A-Z;Former Soviet Central Asian republics, A-Z
NX;NX224.9;General
NX;NX225.A-Z;Individual republics, A-Z
NX;NX226;General
NX;NX227-229;India
NX;NX231;Pakistan
NX;NX231.6.A-Z;Other countries, A-Z
NX;NX232;General
NX;NX232.6;Burma. Myanmar
NX;NX233;General
NX;NX234.A-Z;By country, A-Z
NX;NX235;Thailand. Siam
NX;NX236-238;Malaysia
NX;NX239-241;Indonesia. Dutch East Indies
NX;NX242-244;Philippines
NX;NX244.7.A-Z;Other regions or countries, A-Z
NX;NX245;General
NX;NX248-250;China
NX;NX251-253;Japan
NX;NX253.6;Korea
NX;NX253.7;Korea (Democratic People's Republic)
NX;NX259.A-Z;Other countries, A-Z
NX;NX261;General
NX;NX261.6;Algeria
NX;NX261.65;Libya
NX;NX261.7;Morocco
NX;NX261.75;Sudan
NX;NX261.8;Tunisia
NX;NX263-265;Egypt
NX;NX265.6.A-Z;Other North Africa, A-Z
NX;NX265.7;Ethiopia
NX;NX265.75;Sub-Saharan Africa
NX;NX266;General
NX;NX266.6.A-Z;By country, A-Z
NX;NX267;General
NX;NX267.3;French-speaking West Africa
NX;NX267.6.A-Z;By country, A-Z
NX;NX268;General
NX;NX268.6.A-Z;By country, A-Z
NX;NX268.83;General
NX;NX268.84.A-Z;Individual islands and island groups, A-Z
NX;NX268.9;General
NX;NX269-271;Australia
NX;NX272-274;New Zealand
NX;NX275;General
NX;NX276.A-Z;Special, A-Z
NX;NX277;Developing countries
NX;NX41-43.3;Canada
NX;NX65-66;Panama
NX;NX134-136;Scotland
NX;NX137-139;Ireland
NX;NX140-141;Wales
NX;NX143-146;Austria
NX;NX147-150;France
NX;NX151-154;Germany
NX;NX154.6;Former East Germany
NX;NX155-158;Greece
NX;NX159-162;Italy
NX;NX162.57;Vatican City
NX;NX162.6;Dutch, Flemish, and German (Collectively)
NX;NX167-170;Holland (Netherlands)
NX;NX171-174;Belgium
NX;NX174.6;Luxembourg
NX;NX175-178;Russia. Soviet Union. Russia (Federation)
NX;NX183-186;Denmark
NX;NX187-190;Iceland
NX;NX191-194;Norway
NX;NX195-198;Sweden
NX;NX199-202;Spain
NX;NX199;General
NX;NX203-206;Portugal
NX;NX207-210;Switzerland
NX;NX211-214;Turkey
NX;NX219-222;Bulgaria
NX;NX227-230;Romania
NX;NX235.A-Z;Other regions or countries, A-Z
NX;NX236;Mediterranean Region
NX;NX236.5;Eurasia
NX;NX237;General
NX;NX238;General
NX;NX239.A-Z;By region or country, A-Z
NX;NX240;Israel. Palestine
NX;NX241-243;Iran. Persia
NX;NX244;General
NX;NX244.6;Afghanistan
NX;NX244.9;General
NX;NX245.A-Z;Individual republics, A-Z
NX;NX246;General
NX;NX247-249;India
NX;NX250;Sri Lanka. Ceylon
NX;NX251;Pakistan
NX;NX251.6.A-Z;Other countries, A-Z
NX;NX252;General
NX;NX252.6;Burma. Myanmar
NX;NX253;General
NX;NX254.A-Z;By country, A-Z
NX;NX255;Thailand. Siam
NX;NX256-258;Malaysia
NX;NX259-261;Indonesia. Dutch East Indies
NX;NX262-264;Philippines
NX;NX264.7.A-Z;Other regions or countries, A-Z
NX;NX265;General
NX;NX268-270;China
NX;NX271-273;Japan
NX;NX273.6;Korea
NX;NX273.7;Korea (Democratic People's Republic)
NX;NX279.A-Z;Other countries, A-Z
NX;NX281;General
NX;NX281.6;Algeria
NX;NX281.65;Libya
NX;NX281.7;Morocco
NX;NX281.75;Sudan
NX;NX281.8;Tunisia
NX;NX283-284;Egypt
NX;NX283.3;Coptic
NX;NX285.6.A-Z;Other North Africa, A-Z
NX;NX285.7;Ethiopia
NX;NX285.75;Sub-Saharan Africa
NX;NX286.6.A-Z;By country, A-Z
NX;NX287;General
NX;NX287.3;French-speaking West Africa
NX;NX287.6.A-Z;By country, A-Z
NX;NX288;General
NX;NX288.6.A-Z;By country, A-Z
NX;NX288.83;General
NX;NX288.84.A-Z;Individual islands and island groups, A-Z
NX;NX288.9;General
NX;NX289-291;Australia
NX;NX293;General
NX;NX294.A-Z;Special, A-Z
NX;NX294.5;Developing countries
NX;NX2.2;General works
NX;NX2.3.A-Z;Special aspects or movements, A-Z
NX;NX2.4;General works
NX;NX2.45.A-Z;Special aspects or movements, A-Z
NX;NX2.5;General works
NX;NX2.57.A-Z;Special aspects or movements, A-Z
NX;NX2.6;General works
NX;NX2.65.A-Z;Special aspects or movements, A-Z
NX;NX3-49.5;North America
NX;NX5.5.A-Z;Special aspects or movements, A-Z
NX;NX7.5.A-Z;Special aspects or movements, A-Z
NX;NX10.5.A-Z;Special aspects or movements, A-Z
NX;NX12;General works
NX;NX12.5.A-Z;Special aspects or movements, A-Z
NX;NX12.7;General works
NX;NX12.75.A-Z;Special aspects or movements, A-Z
NX;NX35.A-Z;Cities, A-Z
NX;NX37.A-Z;Special artists, A-Z
NX;NX37.5;Ethnic groups (Collectively)
NX;NX40.5.A-Z;Special aspects or movements, A-Z
NX;NX44;General works
NX;NX44.5.A-Z;Special aspects or movements, A-Z
NX;NX45;General works
NX;NX45.5.A-Z;Special aspects or movements, A-Z
NX;NX45.6;General works
NX;NX45.65.A-Z;Special aspects or movements, A-Z
NX;NX46.A-Z;Special divisions, A-Z
NX;NX47.A-Z;Special cities, A-Z
NX;NX49.A-Z;Special artists, A-Z
NX;NX49.3;Ethnic groups (Collectively)
NX;NX49.5.A-Z;Individual races and ethnic groups, A-Z
NX;NX54.5.A-Z;Special aspects or movements, A-Z
NX;NX55.5.A-Z;Special aspects or movements, A-Z
NX;NX55.65.A-Z;Special aspects or movements, A-Z
NX;NX57.A-Z;Special cities, A-Z
NX;NX59.A-Z;Special artists, A-Z
NX;NX74.A-Z;Local, A-Z
NX;NX75.A-Z;Special artists, A-Z
NX;NX77.A-Z;Local, A-Z
NX;NX81.A-Z;Special artists, A-Z
NX;NX83.A-Z;Local, A-Z
NX;NX84.A-Z;Special artists, A-Z
NX;NX89.A-Z;Local, A-Z
NX;NX101.A-Z;Local, A-Z
NX;NX105.A-Z;Special artists, A-Z
NX;NX106;General
NX;NX107.A-Z;Local, A-Z
NX;NX111.A-Z;Special artists, A-Z
NX;NX112;General
NX;NX113.A-Z;Local, A-Z
NX;NX114.A-Z;Special artists, A-Z
NX;NX115.A-Z;Other regions or countries, A-Z
NX;NX120;General
NX;NX130;General
NX;NX134.5.A-Z;Special aspects or movements, A-Z
NX;NX135;General works
NX;NX135.5.A-Z;Special aspects or movements, A-Z
NX;NX135.6;General works
NX;NX135.65.A-Z;Special aspects or movements, A-Z
NX;NX137.A-Z;Special cities, A-Z
NX;NX138;Collective biography
NX;NX140;General
NX;NX144;General works
NX;NX144.5.A-Z;Special aspects or movements, A-Z
NX;NX145.5.A-Z;Special aspects or movements, A-Z
NX;NX145.6;General works
NX;NX145.65.A-Z;Special aspects or movements, A-Z
NX;NX147.A-Z;Special cities, A-Z
NX;NX148;Collective biography
NX;NX149.A-Z;Special artists, A-Z
NX;NX150;General
NX;NX153;Before 1800
NX;NX154.5.A-Z;Special aspects or movements, A-Z
NX;NX155.5.A-Z;Special aspects or movements, A-Z
NX;NX155.6;General works
NX;NX155.65.A-Z;Special aspects or movements, A-Z
NX;NX157.A-Z;Special cities, A-Z
NX;NX159.A-Z;Special artists, A-Z
NX;NX164;General works
NX;NX164.5.A-Z;Special aspects or movements, A-Z
NX;NX165.5.A-Z;Special aspects or movements, A-Z
NX;NX165.6;General works
NX;NX165.65.A-Z;Special aspects or movements, A-Z
NX;NX167.A-Z;Special cities, A-Z
NX;NX168;Collective biography
NX;NX169.A-Z;Special artists, A-Z
NX;NX174.5.A-Z;Special aspects or movements, A-Z
NX;NX175.5.A-Z;Special aspects or movements, A-Z
NX;NX175.6;General works
NX;NX175.65.A-Z;Special aspects or movements, A-Z
NX;NX176.A-Z;Special divisions, A-Z
NX;NX177.A-Z;Special cities, A-Z
NX;NX179.A-Z;Special artists, A-Z
NX;NX180;General
NX;NX184;General works
NX;NX184.5.A-Z;Special aspects or movements, A-Z
NX;NX185.5.A-Z;Special aspects or movements, A-Z
NX;NX185.6;General works
NX;NX185.65.A-Z;Special aspects or movements, A-Z
NX;NX186.A-Z;Special divisions, A-Z
NX;NX187.A-Z;Special cities, A-Z
NX;NX188;Collective biography
NX;NX189.A-Z;Special artists, A-Z
NX;NX196;Suriname (Dutch Guiana)
NX;NX198.A-Z;Special cities, towns, etc., A-Z
NX;NX199.A-Z;Special artists, A-Z
NX;NX203;Before 1800
NX;NX204;General works
NX;NX204.5.A-Z;Special aspects or movements, A-Z
NX;NX205.5.A-Z;Special aspects or movements, A-Z
NX;NX205.6;General works
NX;NX205.65.A-Z;Special aspects or movements, A-Z
NX;NX206.A-Z;Special divisions, A-Z
NX;NX207.A-Z;Special cities, A-Z
NX;NX208;Collective biography
NX;NX209.A-Z;Special artists, A-Z
NX;NX213;Before 1800
NX;NX214.5.A-Z;Special aspects or movements, A-Z
NX;NX215.5.A-Z;Special aspects or movements, A-Z
NX;NX215.6;General works
NX;NX215.65.A-Z;Special aspects or movements, A-Z
NX;NX216.A-Z;Special divisions, A-Z
NX;NX217.A-Z;Special cities, A-Z
NX;NX223;Before 1800
NX;NX224.5.A-Z;Special aspects or movements, A-Z
NX;NX225;General works
NX;NX225.5.A-Z;Special aspects or movements, A-Z
NX;NX225.6;General works
NX;NX225.65.A-Z;Special aspects or movements, A-Z
NX;NX226.A-Z;Special divisions, A-Z
NX;NX227.A-Z;Special cities, A-Z
NX;NX228;Collective biography
NX;NX229.A-Z;Special artists, A-Z
NX;NX230.5.A-Z;Special aspects or movements, A-Z
NX;NX234;General works
NX;NX234.5.A-Z;Special aspects or movements, A-Z
NX;NX235.5.A-Z;Special aspects or movements, A-Z
NX;NX235.6;General works
NX;NX235.65.A-Z;Special aspects or movements, A-Z
NX;NX236.A-Z;Special divisions, A-Z
NX;NX237.A-Z;Special cities, A-Z
NX;NX254;General works
NX;NX256;General works
NX;NX256.5.A-Z;Special aspects or movements, A-Z
NX;NX257;General works
NX;NX257.5.A-Z;Special aspects or movements, A-Z
NX;NX258;General works
NX;NX258.5.A-Z;Special aspects or movements, A-Z
NX;NX258.6;General works
NX;NX258.65.A-Z;Special aspects or movements, A-Z
NX;NX262;Ancient
NX;NX263;Anglo-Saxon. Gothic. Medieval
NX;NX264;General works
NX;NX265.5.A-Z;Special aspects or movements, A-Z
NX;NX266.5.A-Z;Special aspects or movements, A-Z
NX;NX267.5.A-Z;Special aspects or movements, A-Z
NX;NX268.5.A-Z;Special aspects or movements, A-Z
NX;NX268.6;General works
NX;NX268.65.A-Z;Special aspects or movements, A-Z
NX;NX269.A-Z;English counties, A-Z
NX;NX270;London
NX;NX271.A-Z;Other English cities, A-Z
NX;NX272;General
NX;NX273;Ancient
NX;NX274;Medieval
NX;NX276;General works
NX;NX276.5.A-Z;Special aspects or movements, A-Z
NX;NX277.5.A-Z;Special aspects or movements, A-Z
NX;NX278;General works
NX;NX278.5.A-Z;Special aspects or movements, A-Z
NX;NX279;General works
NX;NX279.5.A-Z;Special aspects or movements, A-Z
NX;NX279.6;General works
NX;NX279.65.A-Z;Special aspects or movements, A-Z
NX;NX280.A-Z;Special counties, A-Z
NX;NX281.A-Z;Special cities, A-Z
NX;NX283;Ancient
NX;NX286.5.A-Z;Special aspects or movements, A-Z
NX;NX287.5.A-Z;Special aspects or movements, A-Z
NX;NX288.5.A-Z;Special aspects or movements, A-Z
NX;NX289;General works
NX;NX289.5.A-Z;Special aspects or movements, A-Z
NX;NX289.6;General works
NX;NX289.65.A-Z;Special aspects or movements, A-Z
NX;NX290.A-Z;Special counties, A-Z
NX;NX291.A-Z;Special cities, A-Z
NX;NX292.6;General works
NX;NX292.65.A-Z;Special aspects or movements, A-Z
NX;NX292.7;General works
NX;NX292.75.A-Z;Special aspects or movements, A-Z
NX;NX292.8;General works
NX;NX292.85.A-Z;Special aspects or movements, A-Z
NX;NX293.A-Z;Special counties, A-Z
NX;NX295.A-Z;Other local, A-Z
NX;NX296;Collective biography. British artists
NX;NX297.A-Z;Special artists, A-Z
NX;NX298.A-Z;Special works, by name (artists unknown), A-Z
NX;NX301;General
NX;NX302;Ancient
NX;NX303;Medieval. Gothic. Romanesque
NX;NX304;General works
NX;NX305;General works
NX;NX305.5.A-Z;Special aspects or movements, A-Z
NX;NX306;General works
NX;NX306.5.A-Z;Special aspects or movements, A-Z
NX;NX307;General works
NX;NX307.5.A-Z;Special aspects or movements, A-Z
NX;NX308;General works
NX;NX308.5.A-Z;Special aspects or movements, A-Z
NX;NX308.6;General works
NX;NX308.65.A-Z;Special aspects or movements, A-Z
NX;NX309.A-Z;Special divisions of Austria, A-Z
NX;NX310.A-Z;Special cities of Austria, A-Z
NX;NX311;Collective biography
NX;NX311.5.A-Z;Special artists, A-Z
NX;NX311.6.A-Z;Special works, by name (artists unknown), A-Z
NX;NX312;General
NX;NX314;Ancient
NX;NX315;Medieval. Gothic. Romanesque
NX;NX316;General works
NX;NX317;General works
NX;NX317.5.A-Z;Special aspects or movements, A-Z
NX;NX318;General works
NX;NX318.5.A-Z;Special aspects or movements, A-Z
NX;NX319;General works
NX;NX319.5.A-Z;Special aspects or movements, A-Z
NX;NX320;General works
NX;NX320.5.A-Z;Special aspects or movements, A-Z
NX;NX320.6;General works
NX;NX320.65.A-Z;Special aspects or movements, A-Z
NX;NX321.A-Z;Special divisions, A-Z
NX;NX321.5.A-Z;Special cities of Hungary, A-Z
NX;NX322;Collective biography
NX;NX322.5.A-Z;Special artists, A-Z
NX;NX322.6.A-Z;Special works, by name (artists unknown), A-Z
NX;NX323;General
NX;NX325;Ancient
NX;NX326;Medieval. Gothic. Romanesque
NX;NX327;General works
NX;NX328;General works
NX;NX328.5.A-Z;Special aspects or movements, A-Z
NX;NX329;General works
NX;NX329.5.A-Z;Special aspects or movements, A-Z
NX;NX330;General works
NX;NX330.5.A-Z;Special aspects or movements, A-Z
NX;NX331;General works
NX;NX331.5.A-Z;Special aspects or movements, A-Z
NX;NX331.6;General works
NX;NX331.65.A-Z;Special aspects or movements, A-Z
NX;NX332.A-Z;Special divisions, A-Z
NX;NX333.A-Z;Special cities of the Czech Republic, A-Z
NX;NX334;Collective biography
NX;NX334.5.A-Z;Special artists, A-Z
NX;NX341;General
NX;NX342;Ancient
NX;NX343;Medieval. Gothic. Romanesque
NX;NX344;General works
NX;NX345;General works
NX;NX345.5.A-Z;Special aspects or movements, A-Z
NX;NX346;General works
NX;NX346.5.A-Z;Special aspects or movements, A-Z
NX;NX347;General works
NX;NX347.5.A-Z;Special aspects or movements, A-Z
NX;NX348;General works
NX;NX348.5.A-Z;Special aspects or movements, A-Z
NX;NX348.6;General works
NX;NX348.65.A-Z;Special aspects or movements, A-Z
NX;NX349.A-Z;Special divisions, A-Z
NX;NX350;Paris
NX;NX351.A-Z;Other special cities, A-Z
NX;NX352;Collective biography
NX;NX353.A-Z;Special artists, A-Z
NX;NX353.3.A-Z;Special works. By name (artists unknown), A-Z
NX;NX359;German, Austrian and Swiss (Collectively)
NX;NX361;General
NX;NX362;Ancient
NX;NX363;Medieval. Gothic. Romanesque
NX;NX364;General works
NX;NX365;General works
NX;NX365.5.A-Z;Special aspects or movements, A-Z
NX;NX366;General works
NX;NX366.5.A-Z;Special aspects or movements, A-Z
NX;NX367;General works
NX;NX367.5.A-Z;Special aspects or movements, A-Z
NX;NX368;General works
NX;NX368.5.A-Z;Special aspects or movements, A-Z
NX;NX368.6;General works
NX;NX368.65.A-Z;Special aspects or movements, A-Z
NX;NX369;A - Als
NX;NX371;Als - Bad
NX;NX372;Baden
NX;NX372.5;Baltic Sea Region
NX;NX373;Bavaria
NX;NX374;Bav - Hes
NX;NX375;Hesse
NX;NX376;Hes - Pr
NX;NX377;Prussia
NX;NX378;Pr - Rh
NX;NX379;Rhine provinces
NX;NX380;Rho - Sax
NX;NX381;Saxony
NX;NX382;Sax - Wu
NX;NX383;Württemburg
NX;NX384;Wu - Z
NX;NX385;Berlin
NX;NX386.A-Z;Other cities, A-Z
NX;NX387;Collective biography
NX;NX388.A-Z;Special artists, A-Z
NX;NX388.3.A-Z;Special works. By name (artists unknown), A-Z
NX;NX389;General
NX;NX391;General
NX;NX392;Ancient
NX;NX393;Medieval. Byzantine. Gothic. Romanesque
NX;NX394;General works
NX;NX395;General works
NX;NX395.5.A-Z;Special aspects or movements, A-Z
NX;NX396;General works
NX;NX396.5.A-Z;Special aspects or movements, A-Z
NX;NX397.5.A-Z;Special aspects or movements, A-Z
NX;NX398.5.A-Z;Special aspects or movements, A-Z
NX;NX398.6;General works
NX;NX398.65.A-Z;Special aspects or movements, A-Z
NX;NX401.A-Z;Other special cities, A-Z
NX;NX402;Collective biography
NX;NX403.A-Z;Special artists, A-Z
NX;NX403.3.A-Z;Special works. By name (artists unknown), A-Z
NX;NX413;Medieval. Gothic. Romanesque
NX;NX414;General works
NX;NX415;General works
NX;NX415.5.A-Z;Special aspects or movements, A-Z
NX;NX416;General works
NX;NX416.5.A-Z;Special aspects or movements, A-Z
NX;NX417;General works
NX;NX417.5.A-Z;Special aspects or movements, A-Z
NX;NX418;General works
NX;NX418.5.A-Z;Special aspects or movements, A-Z
NX;NX418.6;General works
NX;NX418.65.A-Z;Special aspects or movements, A-Z
NX;NX419.A-Z;Special divisions, A-Z
NX;NX421.A-Z;Other special cities, A-Z
NX;NX422;Collective biography
NX;NX423.A-Z;Special artists, A-Z
NX;NX423.3.A-Z;Special works. By name (artists unknown), A-Z
NX;NX424;Vatican City
NX;NX431;General
NX;NX432;Ancient
NX;NX433;Medieval. Gothic. Romanesque
NX;NX434;General works
NX;NX435;General works
NX;NX435.5.A-Z;Special aspects or movements, A-Z
NX;NX436;General works
NX;NX436.5.A-Z;Special aspects or movements, A-Z
NX;NX437;General works
NX;NX437.5.A-Z;Special aspects or movements, A-Z
NX;NX438;General works
NX;NX438.5.A-Z;Special apects or movements, A-Z
NX;NX438.6;General works
NX;NX438.65.A-Z;Special aspects or movements, A-Z
NX;NX441;General
NX;NX442;Ancient
NX;NX443;Medieval. Gothic. Romanesque
NX;NX444;General works
NX;NX445.5.A-Z;Special aspects or movements, A-Z
NX;NX446;General works
NX;NX446.5.A-Z;Special aspects or movements, A-Z
NX;NX447.5.A-Z;Special aspects or movements, A-Z
NX;NX448.5.A-Z;Special aspects or movements, A-Z
NX;NX448.6;General works
NX;NX448.65.A-Z;Special aspects or movements, A-Z
NX;NX449.A-Z;Special divisions, A-Z
NX;NX451.A-Z;Other special cities, A-Z
NX;NX453.A-Z;Special artists, A-Z
NX;NX453.3.A-Z;Special works. By name (artists unknown), A-Z
NX;NX461;General
NX;NX462;Ancient
NX;NX463;Medieval. Gothic. Romanesque
NX;NX464;General works
NX;NX465;General works
NX;NX465.5.A-Z;Special aspects or movements, A-Z
NX;NX466;General works
NX;NX466.5.A-Z;Special aspects or movements, A-Z
NX;NX467;General works
NX;NX467.5.A-Z;Special aspects or movements, A-Z
NX;NX468;General works
NX;NX468.5.A-Z;Special aspects or movements, A-Z
NX;NX468.6;General works
NX;NX468.65.A-Z;Special aspects or movements, A-Z
NX;NX469.A-Z;Special divisions, A-Z
NX;NX470;Brussels
NX;NX471.A-Z;Other special cities, A-Z
NX;NX472;Collective biography
NX;NX473.A-Z;Special artists, A-Z
NX;NX473.3.A-Z;Special works. By name (artists unknown), A-Z
NX;NX474;General
NX;NX474.2.A-Z;Local, A-Z
NX;NX474.3.A-Z;Special artists, A-Z
NX;NX476;Slavic art. General works
NX;NX481;General
NX;NX482;Ancient
NX;NX483;Medieval. Gothic. Romanesque
NX;NX484;General works
NX;NX485;General works
NX;NX485.5.A-Z;Special aspects or movements, A-Z
NX;NX486;General works
NX;NX486.5.A-Z;Special aspects or movements, A-Z
NX;NX487;General works
NX;NX487.5.A-Z;Special aspects or movments, A-Z
NX;NX488;General works
NX;NX488.5.A-Z;Special aspects or movements, A-Z
NX;NX489;General works
NX;NX489.5.A-Z;Special aspects or movements, A-Z
NX;NX495.A-Z;Other, A-Z
NX;NX496;Saint Petersburg. Leningrad
NX;NX497.A-Z;Other cities, A-Z
NX;NX498;Collective biography
NX;NX499.A-Z;Special artists, A-Z
NX;NX501;General
NX;NX502;Ancient
NX;NX503;Medieval. Gothic. Romanesque
NX;NX504;General works
NX;NX505;General works
NX;NX505.5.A-Z;Special aspects or movements, A-Z
NX;NX506;General works
NX;NX506.5.A-Z;Special aspects or movements, A-Z
NX;NX507;General works
NX;NX507.5.A-Z;Special aspects or movements, A-Z
NX;NX508;General works
NX;NX508.5.A-Z;Special aspects or movements, A-Z
NX;NX508.6;General works
NX;NX508.65.A-Z;Special aspects or movements, A-Z
NX;NX509;Collective biography
NX;NX511;General
NX;NX512;Ancient
NX;NX513;Medieval. Gothic. Romanesque
NX;NX514;General works
NX;NX515;General works
NX;NX515.5.A-Z;Special aspects or movements, A-Z
NX;NX516;General works
NX;NX516.5.A-Z;Special aspects or movements, A-Z
NX;NX517;General works
NX;NX517.5.A-Z;Special aspects or movements, A-Z
NX;NX518;General works
NX;NX518.5.A-Z;Special aspects or movements, A-Z
NX;NX518.6;General works
NX;NX518.65.A-Z;Special aspects or movements, A-Z
NX;NX519.A-Z;Special divisions, A-Z
NX;NX520;Copenhagen
NX;NX521.A-Z;Other special cities, A-Z
NX;NX522;Collective biography
NX;NX523.A-Z;Special artists, A-Z
NX;NX523.3.A-Z;Special works. By name (artists unknown), A-Z
NX;NX541;General
NX;NX542;Ancient
NX;NX543;Medieval. Gothic. Romanesque
NX;NX544;General works
NX;NX545;General works
NX;NX545.5.A-Z;Special aspects or movements, A-Z
NX;NX546;General works
NX;NX546.5.A-Z;Special aspects or movements, A-Z
NX;NX547;General works
NX;NX547.5.A-Z;Special aspects or movements, A-Z
NX;NX548;General works
NX;NX548.5.A-Z;Special aspects or movements, A-Z
NX;NX548.6;General works
NX;NX548.65.A-Z;Special aspects or movements, A-Z
NX;NX549.A-Z;Special divisions, A-Z
NX;NX550;Reykjavik
NX;NX551.A-Z;Other special cities, A-Z
NX;NX553.A-Z;Special artists, A-Z
NX;NX553.3.A-Z;Special works. By name (artists unknown), A-Z
NX;NX561;General
NX;NX562;Ancient
NX;NX563;Medieval. Gothic. Romanesque
NX;NX564;General works
NX;NX565;General works
NX;NX565.5.A-Z;Special aspects or movements, A-Z
NX;NX566;General works
NX;NX566.5.A-Z;Special aspects or movements, A-Z
NX;NX567;General works
NX;NX567.5.A-Z;Special aspects or movements, A-Z
NX;NX568;General works
NX;NX568.5.A-Z;Special aspects or movements, A-Z
NX;NX568.6;General works
NX;NX568.65.A-Z;Special aspects or movements, A-Z
NX;NX569.A-Z;Special divisions, A-Z
NX;NX570;Oslo
NX;NX571.A-Z;Other special cities, A-Z
NX;NX572;Collective biography
NX;NX573.A-Z;Special artists, A-Z
NX;NX573.3.A-Z;Special works. By name (artists unknown), A-Z
NX;NX581;General
NX;NX582;Ancient
NX;NX583;Medieval. Gothic. Romanesque
NX;NX584;General works
NX;NX585;General works
NX;NX585.5.A-Z;Special aspects or movements, A-Z
NX;NX586;General works
NX;NX586.5.A-Z;Special aspects or movements, A-Z
NX;NX587;General works
NX;NX587.5.A-Z;Special aspects or movements, A-Z
NX;NX588;General works
NX;NX588.5.A-Z;Special aspects or movements, A-Z
NX;NX588.6;General works
NX;NX588.65.A-Z;Special aspects or movements, A-Z
NX;NX589.A-Z;Special divisions, A-Z
NX;NX590;Stockholm
NX;NX591.A-Z;Other special cities, A-Z
NX;NX592;Collective biography
NX;NX593.A-Z;Special artists, A-Z
NX;NX593.3.A-Z;Special works. By name (artists unknown), A-Z
NX;NX601;General
NX;NX602;Ancient
NX;NX603;Medieval. Gothic. Romanesque
NX;NX604;General works
NX;NX605;General works
NX;NX605.5.A-Z;Special aspects or movements, A-Z
NX;NX606;General works
NX;NX606.5.A-Z;Special aspects or movements, A-Z
NX;NX607;General works
NX;NX607.5.A-Z;Special aspects or movements, A-Z
NX;NX608;General works
NX;NX608.5.A-Z;Special aspects or movements, A-Z
NX;NX608.6;General works
NX;NX608.65.A-Z;Special aspects or movements, A-Z
NX;NX609.A-Z;Special divisions, A-Z
NX;NX610;Madrid
NX;NX611.A-Z;Other special cities, A-Z
NX;NX612;Collective biography
NX;NX613.A-Z;Special artists, A-Z
NX;NX613.3.A-Z;Special works. By name (artists unknown), A-Z
NX;NX621;General
NX;NX622;Ancient
NX;NX623;Medieval. Gothic. Romanesque
NX;NX624;General works
NX;NX625;General works
NX;NX625.5.A-Z;Special aspects or movements, A-Z
NX;NX626;General works
NX;NX626.5.A-Z;Special aspects or movements, A-Z
NX;NX627.5.A-Z;Special aspects or movements, A-Z
NX;NX628.5.A-Z;Special aspects or movements, A-Z
NX;NX628.6;General works
NX;NX628.65.A-Z;Special aspects or movements, A-Z
NX;NX629.A-Z;Special divisions, A-Z
NX;NX630;Lisbon
NX;NX631.A-Z;Other special cities, A-Z
NX;NX633.A-Z;Special artists, A-Z
NX;NX633.3.A-Z;Special works. By name (artists unknown), A-Z
NX;NX641;General
NX;NX642;Ancient
NX;NX644;General works
NX;NX645.5.A-Z;Special aspects or movements, A-Z
NX;NX646;General works
NX;NX646.5.A-Z;Special aspects or movements, A-Z
NX;NX647;General works
NX;NX647.5.A-Z;Special aspects or movements, A-Z
NX;NX648;General works
NX;NX648.5.A-Z;Special aspects or movements, A-Z
NX;NX648.6;General works
NX;NX648.65.A-Z;Special aspects or movements, A-Z
NX;NX649.A-Z;Special divisions, A-Z
NX;NX650;Bern
NX;NX651.A-Z;Other special cities, A-Z
NX;NX652;Collective biography
NX;NX653.3.A-Z;Special works. By name (artists unknown), A-Z
NX;NX663;Medieval. Gothic. Romanesque
NX;NX664;General works
NX;NX665;General works
NX;NX665.5.A-Z;Special aspects or movements, A-Z
NX;NX666;General works
NX;NX666.5.A-Z;Special aspects or movements, A-Z
NX;NX667;General works
NX;NX667.5.A-Z;Special aspects or movements, A-Z
NX;NX668;General works
NX;NX668.5.A-Z;Special aspects or movements, A-Z
NX;NX668.6;General works
NX;NX668.65.A-Z;Special aspects or movements, A-Z
NX;NX669.A-Z;Special divisions, A-Z
NX;NX671.A-Z;Other special cities, A-Z
NX;NX672;Collective biography
NX;NX673.A-Z;Special artists, A-Z
NX;NX673.3.A-Z;Special works. By name (artists unknown), A-Z
NX;NX675;General
NX;NX681;General
NX;NX682;Ancient
NX;NX683;Medieval. Gothic. Romanesque
NX;NX685;General works
NX;NX685.5.A-Z;Special aspects or movements, A-Z
NX;NX686;General works
NX;NX686.5.A-Z;Special aspects or movements, A-Z
NX;NX687;General works
NX;NX687.5.A-Z;Special aspects or movements, A-Z
NX;NX688.5.A-Z;Special aspects or movements, A-Z
NX;NX688.6;General works
NX;NX688.65.A-Z;Special aspects or movements, A-Z
NX;NX689.A-Z;Special divisions, A-Z
NX;NX690;Sofia
NX;NX691.A-Z;Other special cities, A-Z
NX;NX692;Collective biography
NX;NX693.A-Z;Special artists, A-Z
NX;NX693.3.A-Z;Special works. By name (artists unknown), A-Z
NX;NX721;General
NX;NX722;Ancient
NX;NX723;Medieval. Gothic. Romanesque
NX;NX724;General works
NX;NX725;General works
NX;NX725.5.A-Z;Special aspects or movements, A-Z
NX;NX726;General works
NX;NX726.5.A-Z;Special aspects or movements, A-Z
NX;NX727;General works
NX;NX727.5.A-Z;Special aspects or movements, A-Z
NX;NX728;General works
NX;NX728.5.A-Z;Special aspects or movements, A-Z
NX;NX728.6;General works
NX;NX728.65.A-Z;Special aspects or movements, A-Z
NX;NX729.A-Z;Special divisions, A-Z
NX;NX731.A-Z;Other special cities, A-Z
NX;NX732;Collective biography
NX;NX733.A-Z;Special artists, A-Z
NX;NX733.3.A-Z;Special works. By name (artists unknown), A-Z
NX;NX741;General
NX;NX742;Ancient
NX;NX743;Medieval. Gothic. Romanesque
NX;NX744;General works
NX;NX745.5.A-Z;Special aspects or movements, A-Z
NX;NX746;General works
NX;NX746.5.A-Z;Special aspects or movements, A-Z
NX;NX747;General works
NX;NX747.5.A-Z;Special aspects or movements, A-Z
NX;NX748;General works
NX;NX748.5.A-Z;Special aspects or movements, A-Z
NX;NX748.6;General works
NX;NX748.65.A-Z;Special aspects or movements, A-Z
NX;NX749.A-Z;Special divisions, A-Z
NX;NX750;Belgrade
NX;NX751.A-Z;Other special cities, A-Z
NX;NX752;Collective biography
NX;NX753.A-Z;Special artists, A-Z
NX;NX753.3.A-Z;Special works. By name (artists unknown), A-Z
NX;NX755.A-Z;Other regions or countries, A-Z
NX;NX758;Mediterranean Region
NX;NX762;Collections. Catalogs. Exhibitions
NX;NX765.3;General
NX;NX765.5;Arabian peninsula
NX;NX767;General
NX;NX769.A-Z;Special artists, A-Z
NX;NX770;General
NX;NX771.A-Z;Local, A-Z
NX;NX772.A-Z;Special artists, A-Z
NX;NX772.2;General
NX;NX772.3.A-Z;Local, A-Z
NX;NX772.4.A-Z;Special artists, A-Z
NX;NX772.5;General
NX;NX772.6.A-Z;Local, A-Z
NX;NX772.7.A-Z;Special artists, A-Z
NX;NX773;General
NX;NX773.2.A-Z;Local, A-Z
NX;NX773.3.A-Z;Special artists, A-Z
NX;NX773.5;General
NX;NX773.6.A-Z;Local, A-Z
NX;NX773.7.A-Z;Special artists, A-Z
NX;NX773.82;General
NX;NX773.83.A-Z;Local, A-Z
NX;NX773.84.A-Z;Special artists, A-Z
NX;NX773.85;General
NX;NX773.86.A-Z;Local, A-Z
NX;NX773.87.A-Z;Special artists, A-Z
NX;NX1920;into other countries)
NX;NX774;General
NX;NX776.6;General
NX;NX776.7.A-Z;Local, A-Z
NX;NX776.8.A-Z;Special artists, A-Z
NX;NX777;General
NX;NX778.A-Z;Local, A-Z
NX;NX778.5;Collective biography
NX;NX779.A-Z;Special artists, A-Z
NX;NX779.6;General
NX;NX779.7.A-Z;Local, A-Z
NX;NX779.8.A-Z;Special artists, A-Z
NX;NX780;General
NX;NX783;Before 1800
NX;NX784;General works
NX;NX784.5.A-Z;Special aspects or movements, A-Z
NX;NX785;General works
NX;NX785.5.A-Z;Special aspects or movements, A-Z
NX;NX785.6;General works
NX;NX785.65.A-Z;Special aspects or movements, A-Z
NX;NX786.A-Z;Special divisions, A-Z
NX;NX787.A-Z;Special cities, A-Z
NX;NX788;Collective biography
NX;NX789.A-Z;Special artists, A-Z
NX;NX789.6;General
NX;NX789.7.A-Z;Local, A-Z
NX;NX789.8.A-Z;Special artists, A-Z
NX;NX790.A-Z;Other divisions, A-Z
NX;NX791;General
NX;NX792;General
NX;NX792.2.A-Z;Local, A-Z
NX;NX792.3.A-Z;Special artists, A-Z
NX;NX792.33;General
NX;NX792.332.A-Z;Local, A-Z
NX;NX792.333.A-Z;Special artists, A-Z
NX;NX792.34;General
NX;NX792.342.A-Z;Local, A-Z
NX;NX792.343.A-Z;Special artists, A-Z
NX;NX792.36;General
NX;NX792.362.A-Z;Local, A-Z
NX;NX792.363.A-Z;Special artists, A-Z
NX;NX792.37;General
NX;NX792.372.A-Z;Local, A-Z
NX;NX792.373.A-Z;Special artists, A-Z
NX;NX792.38;General
NX;NX792.382.A-Z;Local, A-Z
NX;NX792.383.A-Z;Special artists, A-Z
NX;NX792.4;General
NX;NX792.6;General
NX;NX792.62.A-Z;Local, A-Z
NX;NX792.63.A-Z;Special artists, A-Z
NX;NX792.7;General
NX;NX792.72.A-Z;Local, A-Z
NX;NX792.73.A-Z;Special, A-Z
NX;NX792.9;General
NX;NX792.92.A-Z;Local, A-Z
NX;NX792.93.A-Z;Special artists, A-Z
NX;NX801;General
NX;NX802;Before 1800
NX;NX803;General works
NX;NX803.5.A-Z;Special aspects, A-Z
NX;NX804;General works
NX;NX804.5.A-Z;Special aspects or movements, A-Z
NX;NX805;General works
NX;NX805.5.A-Z;Special aspects or movements, A-Z
NX;NX807.A-Z;Special regions, A-Z
NX;NX808.A-Z;Special cities, A-Z
NX;NX809;Collective biography
NX;NX810.A-Z;Special artists, A-Z
NX;NX810.3.A-Z;Special works. By name (artists unknown), A-Z
NX;NX810.6;General
NX;NX810.62.A-Z;Local, A-Z
NX;NX810.63.A-Z;Special artists, A-Z
NX;NX810.7;General
NX;NX810.72.A-Z;Local, A-Z
NX;NX810.73.A-Z;Special artists, A-Z
NX;NX810.8.A-Z;Other regions or countries, A-Z
NX;NX811;General
NX;NX812;General
NX;NX812.2.A-Z;Local, A-Z
NX;NX812.3.A-Z;Special artists, A-Z
NX;NX813;General
NX;NX814;General
NX;NX814.2.A-Z;Local, A-Z
NX;NX814.3.A-Z;Special artists, A-Z
NX;NX815;General
NX;NX815.2.A-Z;Local, A-Z
NX;NX815.3.A-Z;Special artists, A-Z
NX;NX816;General
NX;NX816.2.A-Z;Local, A-Z
NX;NX816.3.A-Z;Special artists, A-Z
NX;NX821;General
NX;NX822.A-Z;Local, A-Z
NX;NX823.A-Z;Special artists, A-Z
NX;NX825;General
NX;NX825.6.A-Z;Local, A-Z
NX;NX825.7;Collective biography
NX;NX825.8.A-Z;Special artists, A-Z
NX;NX826;General
NX;NX826.6.A-Z;Local, A-Z
NX;NX826.7;Collective biography
NX;NX826.8.A-Z;Special artists, A-Z
NX;NX827;General
NX;NX828.A-Z;Local, A-Z
NX;NX829.A-Z;Special artists, A-Z
NX;NX830.A-Z;Other divisions, A-Z
NX;NX836;Collections. Catalogs. Exhibitions (not A-Z)
NX;NX837;General
NX;NX840;General
NX;NX842;Collections. Catalogs. Exhibitions (not A-Z)
NX;NX843;General works
NX;NX843.2;General works
NX;NX843.22;Early through Zhou dynasty (To 221 B.C.)
NX;NX843.23;Qin-Han dynasties (221 B.C.-220 A.D.)
NX;NX843.24;General works
NX;NX843.245.A-Z;Special aspects or movements, A-Z
NX;NX843.3;Tang-Five dynasties (618-960)
NX;NX843.4;General works
NX;NX843.43.A-Z;Special aspects or movements, A-Z
NX;NX843.5;Ming-Qing dynasties (1368-1912)
NX;NX844;General works
NX;NX844.5.A-Z;Special aspects or movements, A-Z
NX;NX845;General works
NX;NX845.5.A-Z;Special aspects or movements, A-Z
NX;NX845.6;General works
NX;NX845.65.A-Z;Special aspects or movements, A-Z
NX;NX846.A-Z;Special divisions, A-Z
NX;NX847.A-Z;Special cities, A-Z
NX;NX848;Collective biography
NX;NX849.A-Z;Special artists, A-Z
NX;NX849.6.A-Z;Special works. By name (artists unknown), A-Z
NX;NX849.7;Outer Mongolia. Mongolian People's Republic
NX;NX849.8;General
NX;NX849.82.A-Z;Local, A-Z
NX;NX849.825;Collective biography
NX;NX849.83.A-Z;Special artists, A-Z
NX;NX850;General
NX;NX852;Collections. Catalogs. Exhibitions (not A-Z)
NX;NX853;General works
NX;NX853.12;General works
NX;NX853.2;Early through 794
NX;NX853.3;General works
NX;NX853.35.A-Z;Special aspects or movements, A-Z
NX;NX853.4;General works
NX;NX853.44.A-Z;Special aspects or movements, A-Z
NX;NX853.5;General works
NX;NX853.6.A-Z;Special aspects or movements, A-Z
NX;NX854;General works
NX;NX854.5;General works
NX;NX854.6.A-Z;Special aspects or movements, A-Z
NX;NX855;General works
NX;NX855.3;Taishō period (1912-1926)
NX;NX855.4;Shōwa period (1926-1989)
NX;NX855.45;Heisei period (1989- )
NX;NX855.5.A-Z;Special aspects or movements, A-Z
NX;NX855.6;General works
NX;NX855.65.A-Z;Special aspects or movements, A-Z
NX;NX856.A-Z;Special divisions, A-Z
NX;NX857.A-Z;Special cities, A-Z
NX;NX858;Collective biography
NX;NX859.A-Z;Special artists, A-Z
NX;NX859.6.A-Z;Special works. By name (artists unknown), A-Z
NX;NX860;General
NX;NX862;Collections. Catalogs. Exhibitions (not A-Z)
NX;NX863;General works
NX;NX863.2;Earliest to 935
NX;NX863.3;Koryŏ (Koryu) period, 935-1392
NX;NX863.4;General works
NX;NX863.8;General works
NX;NX863.85.A-Z;Special aspects or movements, A-Z
NX;NX864;General works
NX;NX864.5.A-Z;Special aspects or movements, A-Z
NX;NX865;General works
NX;NX865.5.A-Z;Special aspects or movements, A-Z
NX;NX865.6;General works
NX;NX865.65.A-Z;Special aspects or movements, A-Z
NX;NX866.A-Z;Special divisions, A-Z
NX;NX867.A-Z;Special cities, A-Z
NX;NX868;Collective biography
NX;NX869.A-Z;Special artists, A-Z
NX;NX869.6.A-Z;Special works. By name (artists unknown), A-Z
NX;NX870;General
NX;NX870.2.A-Z;Local, A-Z
NX;NX870.3.A-Z;Special artists, A-Z
NX;NX875;Islamic countries
NX;NX880;General
NX;NX880.5;Collections. Catalogs. Exhibitions. By author or title
NX;NX881;General
NX;NX881.6;General works
NX;NX881.65.A-Z;Special aspects or movments, A-Z
NX;NX881.7;General works
NX;NX881.75.A-Z;Special aspects or movements, A-Z
NX;NX881.8;General works
NX;NX881.85.A-Z;Special aspects or movements, A-Z
NX;NX882;Coptic art
NX;NX883;Cairo
NX;NX884.A-Z;Other local, A-Z
NX;NX885.A-Z;Special artists, A-Z
NX;NX885.3.A-Z;Special peoples, A-Z
NX;NX886;General
NX;NX886.2.A-Z;Local, A-Z
NX;NX886.3.A-Z;Special artists, A-Z
NX;NX887;General
NX;NX888;General
NX;NX888.2.A-Z;Local, A-Z
NX;NX888.3.A-Z;Special artists, A-Z
NX;NX889;General
NX;NX889.2.A-Z;Local, A-Z
NX;NX889.3.A-Z;Special artists, A-Z
NX;NX890;General
NX;NX890.2.A-Z;Local, A-Z
NX;NX890.3.A-Z;Special artists, A-Z
NX;NX891;General
NX;NX891.2.A-Z;Local, A-Z
NX;NX891.3.A-Z;Special artists, A-Z
NX;NX891.6.A-Z;Other, A-Z
NX;NX891.65;Sub-Saharan Africa. Central Africa
NX;NX891.7;General
NX;NX892;General
NX;NX892.2;General works
NX;NX892.5.A-Z;Special aspects or movements, A-Z
NX;NX893;General works
NX;NX893.5.A-Z;Special aspects or movements, A-Z
NX;NX894.A-Z;Special divisions, A-Z
NX;NX895.A-Z;Special cities, A-Z
NX;NX895.6;Collective biography
NX;NX896.A-Z;Special artists, A-Z
NX;NX896.6.A-Z;Other countries, A-Z
NX;NX897;General
NX;NX897.6.A-Z;By country, A-Z
NX;NX898;General
NX;NX899.A-Z;By country, A-Z
NX;NX899.4;General
NX;NX899.5.A-Z;Individual islands, A-Z
NX;NX899.6;Southern Hemisphere
NX;NX899.7;General
NX;NX900;General
NX;NX900.14;Colonial
NX;NX900.15;General works
NX;NX900.17.A-Z;Special aspects or movements, A-Z
NX;NX900.2;General works
NX;NX900.5.A-Z;Special aspects or movements, A-Z
NX;NX900.6;General works
NX;NX900.65.A-Z;Special aspects or movements, A-Z
NX;NX901;Native art
NX;NX902.A-Z;Special divisions, A-Z
NX;NX903.A-Z;Special cities, A-Z
NX;NX904;Collective biography
NX;NX905.A-Z;Special artists, A-Z
NX;NX905.3;Ethnic groups (Collectively)
NX;NX906;General
NX;NX906.3;General works
NX;NX906.4.A-Z;Special aspects or movements, A-Z
NX;NX906.5;General works
NX;NX906.6.A-Z;Special aspects or movements, A-Z
NX;NX906.7;General works
NX;NX906.75.A-Z;Special aspects or movements, A-Z
NX;NX907.A-Z;Local, A-Z
NX;NX907.5;Collective biography
NX;NX908.A-Z;Special artists, A-Z
NX;NX910;General
NX;NX911.A-Z;Special, A-Z
NX;NX912.A-Z;Special cities, A-Z
NX;NX913.A-Z;Special artists, A-Z
NX;NX914;Developing countries
NX;NX0;General works
NX;NX0.2;16th century
NX;NX0.3;17th century
NX;NX0.4;18th century
NX;NX0.5;19th century
NX;NX0.6;20th century
NX;NX0.7;21st century
NX;NX2919;(Illuminated work): ND3385.B537 Bieler Künstlergruppe Alibi: N7148.5.B53
AM;AM1;Periodicals. Societies. Collections, etc.
AM;AM2;Congresses
AM;AM3;Dictionaries. Encyclopedias
AM;AM3.5;Collective
AM;AM3.6.A-Z;Individual, A-Z
AM;AM4;Early works through 1800
AM;AM5;1801-
AM;AM6;Textbooks
AM;AM7;General special
AM;AM8;Children's museums
AM;AM9;Minor. Pamphlets, etc.
AM;AM10;General works
AM;AM11-13;United States (Table A14)
AM;AM21-22;British America. Canada (Table A15)
AM;AM23-24;Mexico (Table A15)
AM;AM25;General works
AM;AM26.A-Z;By region or country, A-Z
AM;AM29;General works
AM;AM30.A-Z;By region or country, A-Z
AM;AM33;General works
AM;AM34.A-Z;By region or country, A-Z
AM;AM40;General works
AM;AM41;General works
AM;AM42.A-Z;Constituent countries, counties, etc., A-Z
AM;AM43.A-Z;Cities, towns, etc., A-Z
AM;AM44-45;Austria (Table A15)
AM;AM45.2;Czechoslovakia. Czech Republic (Table A16)
AM;AM45.3;Slovakia (Table A16)
AM;AM45.5;Hungary (Table A16)
AM;AM46-48;France (Table A14)
AM;AM49-51;Germany (Table A14)
AM;AM51.5;East Germany (Table A16)
AM;AM52-53;Greece (Table A15)
AM;AM54-55;Italy (Table A15)
AM;AM56;Belgium (Table A16)
AM;AM57-59;Holland (Table A14)
AM;AM61.A-Z;Cities, towns, etc., A-Z
AM;AM61.5;General works
AM;AM62;Denmark (Table A16)
AM;AM62.5;Iceland (Table A16)
AM;AM63;Norway (Table A16)
AM;AM64;Sweden (Table A16)
AM;AM65;Spain (Table A16)
AM;AM66;Portugal (Table A16)
AM;AM67-68;Switzerland (Table A15)
AM;AM70.A-Z;Other European states, A-Z
AM;AM71;General works
AM;AM72;China (Table A16)
AM;AM73;India (Table A16)
AM;AM75-76;Indonesia (Table A15)
AM;AM77-78;Japan (Table A15)
AM;AM79.A-Z;Other Asian countries, A-Z
AM;AM79.4;General works
AM;AM79.5.A-Z;Individual Arab countries, A-Z
AM;AM80;General works
AM;AM87-88;Egypt (Table A15)
AM;AM89-90;South Africa (Table A15)
AM;AM91.A-Z;Other African countries, A-Z
AM;AM93-95;Australia (Table A14)
AM;AM96-98;New Zealand (Table A14)
AM;AM99-100;Pacific islands (Table A15)
AM;AM101.A-Z;Individual museums. By place, A-Z
AM;AM111;General works
AM;AM121;Organization. Management
AM;AM122;Finance
AM;AM124;General works
AM;AM124.33;Activity programs
AM;AM124.37;Makerspaces in museums
AM;AM125;Communication of museum information
AM;AM127;General works
AM;AM129;Furniture
AM;AM130;Cleaning
AM;AM133;General works
AM;AM135;Collecting
AM;AM139;Registration. Accessioning
AM;AM141;General works
AM;AM145;Special methods (not A-Z)
AM;AM145.2;Special subjects
AM;AM148;Security measures
AM;AM151;General works
AM;AM153;Classification. Arrangement
AM;AM157;Labels. Marketing
AM;AM158;Archives
AM;AM160;People with disabilities
AM;AM200;International
AM;AM201;English
AM;AM203;French
AM;AM205;German
AM;AM207.A-Z;Other, A-Z
AM;AM211;Dictionaries
AM;AM213;Directories
AM;AM215;Computer network resources
AM;AM221;History of collecting
AM;AM223;Biography of collectors (Collective)
AM;AM231;General works
AM;AM235;Addresses, essays, lectures
AM;AM236;Catalogs of collectibles
AM;AM237;Collectibles as an investment
AM;AM301;America
AM;AM302;North America
AM;AM303;General works
AM;AM303.5;Catalogs of collectibles
AM;AM304;Colonial period
AM;AM305;19th-20th centuries
AM;AM306;New England
AM;AM307;South
AM;AM308;West
AM;AM311.A-Z;Cities, A-Z
AM;AM313;Canada
AM;AM314;Mexico
AM;AM315;General works
AM;AM316;Belize
AM;AM317;Costa Rica
AM;AM318;Guatemala
AM;AM319;Honduras
AM;AM320;Nicaragua
AM;AM321;El Salvador
AM;AM322;Panama
AM;AM323;General works
AM;AM324;Bahamas
AM;AM325;Cuba
AM;AM326;Haiti
AM;AM327;Jamaica
AM;AM328;Puerto Rico
AM;AM329.A-Z;Other, A-Z
AM;AM330;General works
AM;AM331;Argentina
AM;AM332;Bolivia
AM;AM333;Brazil
AM;AM334;Chile
AM;AM335;Colombia
AM;AM336;Ecuador
AM;AM337;Guiana
AM;AM338;Paraguay
AM;AM339;Peru
AM;AM340;Uruguay
AM;AM341;Venezuela
AM;AM342;General works
AM;AM343;General works
AM;AM344;England -- Local
AM;AM345;Scotland
AM;AM346;Ireland
AM;AM347;Wales
AM;AM348;Austria
AM;AM348.2;Czechoslovakia. Czech Republic
AM;AM348.3;Slovakia
AM;AM348.5;Finland
AM;AM349;France
AM;AM350;Germany
AM;AM351;Greece
AM;AM351.5;Hungary
AM;AM352;Italy
AM;AM353;General works
AM;AM354;Belgium
AM;AM355;Holland
AM;AM355.5;Poland
AM;AM356;Russia
AM;AM357;General works
AM;AM358;Denmark
AM;AM359;Iceland
AM;AM360;Norway
AM;AM361;Sweden
AM;AM362;Spain
AM;AM363;Portugal
AM;AM364;Switzerland
AM;AM365;General works
AM;AM366;Turkey
AM;AM367;Bulgaria
AM;AM368;Albania
AM;AM369;Romania
AM;AM370;Yugoslavia
AM;AM371.A-Z;Other, A-Z
AM;AM372;General works
AM;AM373;General. Levant. Turkey in Asia
AM;AM374;Iran
AM;AM374.5;Iraq
AM;AM375;Israel
AM;AM376;General. India. Pakistan. Ceylon
AM;AM377;Vietnam
AM;AM378;Thailand
AM;AM379;Malaysia
AM;AM380;Indonesia
AM;AM381;Philippines
AM;AM382;General works
AM;AM383;China
AM;AM384;Japan
AM;AM384.5;Korea
AM;AM385;Russia in Asia. Siberia
AM;AM387;General works
AM;AM388;Egypt
AM;AM389.A-Z;Other divisions, A-Z
AM;AM390;General works
AM;AM391.A-Z;By state, A-Z
AM;AM393;New Zealand
AM;AM395;General works
AM;AM396.A-Z;Individual islands or groups of islands, A-Z
AM;AM401.A-Z;Individual heterogeneous collections, A-Z
AM;AM501.A-Z;Collections of special classes of objects, A-Z
BH;BH1-8;Periodicals. Serials (Table B-BJ6a)
BH;BH11-18;Societies (Table B-BJ6a)
BH;BH19;Congresses
BH;BH21-28;Collected works (nonserial) (Table B-BJ6a)
BH;BH39;General works
BH;BH41;Special methods
BH;BH56;Dictionaries. Encyclopedias
BH;BH61;Study and teaching. Research
BH;BH62.A-Z;By region or country, A-Z
BH;BH81;History
BH;BH83;Origins
BH;BH85;Comparative aesthetics
BH;BH90;Collected works (nonserial)
BH;BH91;General works
BH;BH95;General special
BH;BH101;General
BH;BH102;Special
BH;BH105;General
BH;BH106;Special
BH;BH108;General
BH;BH109;Special
BH;BH115;General
BH;BH116;Special
BH;BH131;Medieval
BH;BH136;General special
BH;BH137;Byzantine
BH;BH151;Modern
BH;BH161-168;16th century (Table B-BJ6a)
BH;BH171-178;17th century (Table B-BJ6a)
BH;BH181-188;18th century (Table B-BJ6a)
BH;BH191-198;19th century (Table B-BJ6a)
BH;BH201-208;20th century (Table B-BJ6a)
BH;BH211-218;21st century (Table B-BJ6a)
BH;BH220;Juvenile literature
BH;BH221.A-Z;By region or country, A-Z
BH;BH221.F8-.F84;France
BH;BH221.G3-.G34;Germany
BH;BH221.G7-.G74;Great Britain
BH;BH221.I8-.I84;Italy
BH;BH221.U5-.U54;United States
BH;BH301.A-Z;Special topics, A-Z
BH;BH301.A55;Animism
BH;BH301.A7;Art for art's sake
BH;BH301.A77;Attitude
BH;BH301.A94;Avant-garde
BH;BH301.B53;Black
BH;BH301.C36;Camp (Style)
BH;BH301.C4;Charm
BH;BH301.C6;Color
BH;BH301.C7;The comic
BH;BH301.C75;Consumption (Economics)
BH;BH301.C84;Creation
BH;BH301.C88;Cruelty
BH;BH301.C92;Culture
BH;BH301.D5;Dilettantism
BH;BH301.E45;Emotivism
BH;BH301.E58;Environment
BH;BH301.E77;Espionage
BH;BH301.E8;Experience
BH;BH301.E9;Expressionism
BH;BH301.F3;Fantastic
BH;BH301.F46;Feminist aesthetics
BH;BH301.F6;Form
BH;BH301.G53;Glamour
BH;BH301.G7;Grace
BH;BH301.G73;Grief
BH;BH301.G74;Grotesque
BH;BH301.H3;Harmony
BH;BH301.H36;Head
BH;BH301.H4;The heroic
BH;BH301.I3;Ideals
BH;BH301.I52;Image
BH;BH301.I53;Imagination
BH;BH301.I55;Imitation
BH;BH301.I65;Influence
BH;BH301.I7;Irony
BH;BH301.J8;Judgment
BH;BH301.K5;Kitsch
BH;BH301.L3;Landscape
BH;BH301.L65;Love. Eros
BH;BH301.M25;Machinery
BH;BH301.M3;Man
BH;BH301.M35;Mathematics
BH;BH301.M4;Metaphor
BH;BH301.M47;Mimesis
BH;BH301.M54;Modernism
BH;BH301.M6;Movement
BH;BH301.M9;Myth
BH;BH301.N3;Nature
BH;BH301.N48;New and old
BH;BH301.N67;Nostalgia
BH;BH301.O24;Object, Aesthetic
BH;BH301.O35;Odors
BH;BH301.O75;Originality
BH;BH301.P3;Particularity
BH;BH301.P45;Physiological aspects of aesthetics
BH;BH301.P53;The picturesque
BH;BH301.P54;Plainness
BH;BH301.P64;Politics
BH;BH301.P67;Positivism
BH;BH301.P69;Postmodernism
BH;BH301.P78;Psychological aspects of aesthetics
BH;BH301.Q34;Quality
BH;BH301.R42;Realism
BH;BH301.R43;Relativity
BH;BH301.R46;Repetition
BH;BH301.R47;Representation
BH;BH301.R5;Rhythm
BH;BH301.R85;Ruins, Modern
BH;BH301.S4;Sea. Ocean
BH;BH301.S43;Seduction
BH;BH301.S46;Senses and sensation
BH;BH301.S5;Situation
BH;BH301.S65;Space
BH;BH301.S66;Sprezzatura
BH;BH301.S68;Structuralism
BH;BH301.S69;Subjectivity
BH;BH301.S7;The sublime
BH;BH301.S75;Surrealism
BH;BH301.S8;Symbolism
BH;BH301.S9;Symmetry
BH;BH301.T7;The tragic
BH;BH301.T77;Truth
BH;BH301.U5;Ugliness
BH;BH301.V57;Virtual reality
BH;BH301.V85;Vulgarity
BH;BH301.W37;War
BH;BH301.W43;Wealth
BH;BH301.W56;Wine
BH;BH301.W65;Wonder
C;C1;Periodicals. Serials
C;C2;Societies
C;C3;Congresses
C;C5;Several authors
C;C7;Individual authors
C;C8;Dictionaries. Encyclopedias
C;C20;Study and teaching
C;C40;General works
C;C45;General special
C;C50;Addresses, essays, lectures
C;C51.A-Z;By region or country, A-Z
CC;CC1.A1-.A5;Polyglot
CC;CC1.A6-Z;American. English
CC;CC3;French
CC;CC5;German
CC;CC9;Italian
CC;CC13.A-Z;Other. By language, A-Z
CC;CC20;International
CC;CC21;American (United States)
CC;CC22;Dutch
CC;CC23;English
CC;CC25;French and Belgian
CC;CC27;German, Austrian, and Swiss
CC;CC29;Greek
CC;CC31;Italian
CC;CC33;Scandinavian
CC;CC35;Slavic
CC;CC37;Spanish and Portuguese
CC;CC39.A-Z;Other. By language, A-Z
CC;CC51;Congresses
CC;CC55;Museums and collections
CC;CC65;Several authors
CC;CC67;Individual authors
CC;CC70;Dictionaries. Encyclopedias
CC;CC72;General works
CC;CC72.4;Social archaeology
CC;CC72.7;Classification
CC;CC73;Through 1800
CC;CC75;1801-
CC;CC75.5;Amateurs' manuals
CC;CC75.7;General special
CC;CC76;General works
CC;CC76.3;General works
CC;CC76.4;Aerial photography. Remote sensing
CC;CC77.A-Z;Special types of archaeology and archaeological sites, A-Z
CC;CC77.B8;Burial. Archaeothanatology
CC;CC77.C3;Cave
CC;CC77.C66;Community archaeology
CC;CC77.F67;Forest
CC;CC77.H5;Historical. Historical archaeology
CC;CC77.H68;Household archaeology
CC;CC77.I84;Islands
CC;CC77.J8;Jungle
CC;CC77.L35;Landscape archaeology
CC;CC77.M55;Military archaeology
CC;CC77.N36;Natural disasters
CC;CC77.S36;Salvage archaeology
CC;CC77.S5;Shell mounds
CC;CC77.U5;Underwater archaeology. Marine archaeology. Coastal archaeology
CC;CC77.U72;Urban archaeology
CC;CC77.W48;Wetlands
CC;CC77.5;Stratification. Archaeological geology
CC;CC78;General works
CC;CC78.3;Dendrochronology
CC;CC78.6;Carbon-14 method
CC;CC78.7;Hydration rind dating. Obsidian dating
CC;CC78.8;Thermoluminescence
CC;CC79.A-Z;Special methods borrowed from other disciplines, A-Z
CC;CC79.B56;Biochemistry. Biomolecular archaeology
CC;CC79.C5;Chemistry
CC;CC79.D46;Demography
CC;CC79.E37;Earth resistance
CC;CC79.E85;Ethnology. Ethnoarchaeology
CC;CC79.F67;Forensic archaeology
CC;CC79.G44;Geographic information systems
CC;CC79.G46;Geophysics
CC;CC79.I44;Imaging systems
CC;CC79.M33;Magnetometry
CC;CC79.M47;Metallurgy
CC;CC79.M55;Mineralogy
CC;CC79.P36;Parasitology. Paleoparasitology
CC;CC79.P4;Petrology
CC;CC79.P46;Photography. Photogrammetry
CC;CC79.P5;Physics
CC;CC79.R3;Radiography
CC;CC79.S33;Scanning electron microscopy
CC;CC79.S46;Semiotics
CC;CC79.S6;Soil analysis
CC;CC79.S63;Spatial analysis
CC;CC79.S65;Spectrum analysis
CC;CC79.S95;System analysis. Network science
CC;CC79.X73;X-ray spectroscopy
CC;CC79.3;Processing of the excavated remains
CC;CC79.5.A-Z;Remains of special materials, A-Z
CC;CC79.5.A5;Animal
CC;CC79.5.B37;Basketwork
CC;CC79.5.B57;Bird remains
CC;CC79.5.B64;Bone implements
CC;CC79.5.F53;Fibulas (Jewelry)
CC;CC79.5.H85;Human remains
CC;CC79.5.I94;Ivories
CC;CC79.5.J48;Jewelry
CC;CC79.5.M35;Marine mammals
CC;CC79.5.M65;Mollusks. Shells
CC;CC79.5.N6;Nonartifactual
CC;CC79.5.P5;Plant
CC;CC79.5.P58;Pollen
CC;CC79.5.P6;Pottery
CC;CC79.5.S76;Stone implements
CC;CC79.5.T48;Textile fabrics
CC;CC80;General works
CC;CC80.4;Data processing
CC;CC80.6;Quantitative methods. Statistical methods
CC;CC81;Environmental archaeology
CC;CC81.5;Experimental archaeology
CC;CC82;General works
CC;CC82.3;Drawings
CC;CC82.6;Report writing
CC;CC82.8;Information services
CC;CC82.9;Computer network resources
CC;CC83;General works
CC;CC85;General works
CC;CC85.Z9;Catalogs
CC;CC90;General works
CC;CC90.Z9;Catalogs
CC;CC95;United States
CC;CC97.A-Z;Other regions or countries, A-Z
CC;CC100;General works
CC;CC101.A-Z;By region or country, A-Z
CC;CC107;Archaeology as a profession
CC;CC110;Collective
CC;CC115.A-Z;Individual, A-Z
CC;CC120;General
CC;CC123;United States
CC;CC125.A-Z;Other regions or countries, A-Z
CC;CC135;General works
CC;CC136;Government encouragement and support
CC;CC137.A-Z;Special materials, A-Z
CC;CC137.C5;Clay tablets
CC;CC137.M48;Metal
CC;CC137.T4;Textile fibers
CC;CC137.W6;Wood
CC;CC138;Museum technique
CC;CC140;Forgeries of antiquities
CC;CC145;General works
CC;CC145.3.A-Z;By region or country, A-Z
CC;CC150;Dealers' catalogs
CC;CC160;Through 1800
CC;CC165;1801-
CC;CC168;Pictorial works
CC;CC171;Juvenile works
CC;CC173;Addresses, essays, lectures
CC;CC175;General special
CC;CC176;Extinct cities
CC;CC200;Through 1800
CC;CC205;1801-
CC;CC206.A-Z;Biography, A-Z
CC;CC207;Juvenile works
CC;CC208;General works
CC;CC209.A-Z;By region or state, A-Z
CC;CC210;General works
CC;CC212.A-Z;English counties, A-Z
CC;CC213.A-Z;English cities towns, etc., A-Z
CC;CC214;General works
CC;CC215.A-Z;Local, A-Z
CC;CC216;General works
CC;CC217.A-Z;Local, A-Z
CC;CC218;General works
CC;CC219.A-Z;Local, A-Z
CC;CC219.4;General works
CC;CC219.6.A-Z;Local, A-Z
CC;CC220;General works
CC;CC221.A-Z;Departments, regions, etc., A-Z
CC;CC222.A-Z;Cities, towns, etc., A-Z
CC;CC230;General works
CC;CC231.A-Z;States, A-Z
CC;CC232.A-Z;Cities, towns, etc., A-Z
CC;CC250.A-Z;Other regions or countries, A-Z
CC;CC253;Installation. Maintenance
CC;CC260;Cowbells
CC;CC300;Through 1800
CC;CC305;1801-
CC;CC310;General works
CC;CC312.A-Z;English counties, A-Z
CC;CC312.G5;Gloucestershire
CC;CC312.S3;Salop. Shropshire
CC;CC312.S5;Somerset
CC;CC313.A-Z;English cities, towns, etc., A-Z
CC;CC314;General works
CC;CC314.5.A-Z;Local, A-Z
CC;CC315;General works
CC;CC315.5.A-Z;Local, A-Z
CC;CC316;General works
CC;CC316.5.A-Z;Local, A-Z
CC;CC317;General works
CC;CC318.A-Z;Local, A-Z
CC;CC320;General works
CC;CC321.A-Z;Departments, regions, etc., A-Z
CC;CC322.A-Z;Cities, towns, etc., A-Z
CC;CC330;General works
CC;CC331.A-Z;States, A-Z
CC;CC332.A-Z;Cities, towns, etc., A-Z
CC;CC350.A-Z;Other regions or countries, A-Z
CC;CC600;General works
CC;CC605.A-Z;By region or country, A-Z
CC;CC700;General works
CC;CC705.A-Z;By region or country, A-Z
CC;CC710;Hill figures
CC;CC960;Lanterns of the dead
D;D1;Periodicals. Societies. Serials
D;D2;Registers
D;D2.5;General
D;D2.514.A-Z;Individual. By place, A-Z
D;D3.A15-.A19;Serials
D;D3.A2;Reports. By date
D;D3.A22;Works about the I.C.H.S.
D;D3.A3A-.A3Z;Other international, A-Z
D;D3.A4-Z;By region or country, A-Z
D;D5;General works
D;D5.5;Minor. Source books
D;D6;Several authors
D;D7;Individual authors
D;D8;Pamphlets, etc.
D;D9;Dictionaries
D;D10;Minor reference books (Anecdotes, curiosa, allusions, etc.)
D;D11;General works
D;D11.5;Special
D;D12;Pictorial atlases
D;D13;General works
D;D13.2;Criticism and reviews
D;D13.5.A-Z;By region or country, A-Z
D;D14;Collective
D;D15.A-Z;Individual, A-Z
D;D15.A25;Acton, John Emerich E.D.A., Baron
D;D15.B8;Burckhardt, Jakob Christoph
D;D15.R3;Ranke, Leopold von
D;D15.R6;Roscoe, William
D;D15.R7;Rotteck, Karl Wenzeslaus R., von
D;D16;General works
D;D16.115;Abstracting and indexing
D;D16.116;Aural history
D;D16.117;Computer network resources
D;D16.118;Counterfactuals. Imaginary histories
D;D16.12;Data processing
D;D16.127;Historical commissions
D;D16.13;Historiometry. Mathematical models
D;D16.135;Language
D;D16.138;Microhistory
D;D16.14;Oral history
D;D16.15;Periodization
D;D16.155;Photography
D;D16.16;Psychohistory
D;D16.163;Public history
D;D16.166;Social sciences and history
D;D16.168;Spatial history
D;D16.17;Statistical methods
D;D16.18;Television
D;D16.19;History as a profession
D;D16.2;General works
D;D16.25;General special
D;D16.255.A-Z;Special topics, A-Z
D;D16.255.A8;Audiovisual aids
D;D16.255.C65;Computer-assisted instruction
D;D16.255.S5;Simulation methods
D;D16.3;United States
D;D16.4.A-Z;Other regions or countries, A-Z
D;D16.5.A-Z;Schools. By name or place, A-Z
D;D16.7;Through 1800
D;D16.8;1801-
D;D16.9;Special topics
D;D17;Chronicles and works written before 1525
D;D18;Chronicles and works written from 1525-1800
D;D20;General works, 1801-
D;D21;Compends. Textbooks. Outlines. Syllabi. Questions
D;D21.1;Pictorial works
D;D21.3;General special
D;D21.5;Historical geography
D;D22;History of several countries treated together
D;D23;General popular works
D;D23.5;Comic and satirical works
D;D24;Historical events not restricted to one country or period
D;D24.5;Other
D;D25.A2;Dictionaries. Chronological tables, etc.
D;D25.A3-Z;General works
D;D25.5;General special
D;D25.9;Pamphlets, etc.
D;D27;Naval history
D;D31;General works
D;D32;General special
D;D33;Pamphlets, etc.
D;D34.A-Z;Relations between Europe and individual countries, A-Z
D;D51;Periodicals. Societies. Serials
D;D52;Sources and documents
D;D53.A2;Several authors
D;D53.A3-Z;Individual authors
D;D54;Dictionaries
D;D54.5;Chronological tables, etc.
D;D55;Biography (Collective)
D;D56;General works
D;D56.5;Collective
D;D56.52.A-Z;Individual, A-Z
D;D56.52.H45;Herodotus
D;D57;1525-
D;D58;Works by classical historians
D;D59;Compends. Textbooks. Outlines. Syllabi. Questions
D;D60;Addresses, essays, lectures
D;D62;General special
D;D65;General works
D;D70;Celts. Celtic antiquities
D;D78;Early works through 1700
D;D80;1701-
D;D85.A-Z;Special topics, A-Z
D;D85.B7;Bow and arrow
D;D85.F5;Fibulas (Jewelry)
D;D90.A-Z;Ancient peoples not limited to one country, A-Z
D;D95;Naval history
D;D101;Sources and documents
D;D101.2;Minor collections
D;D101.5;Dictionaries. Albums
D;D101.7;Chronological tables, etc.
D;D102;General works
D;D103;Compends. Textbooks. Outlines. Syllabi. Questions
D;D104;General special
D;D104.5;Military history
D;D105;Political and diplomatic history
D;D106;Collective
D;D107;Rulers, kings, etc.
D;D107.3;Queens. Women rulers. Women heads of state
D;D107.5;Princes and princesses
D;D107.6;Claimants to royalty. Pretenders
D;D107.7;Favorites
D;D107.9;Houses, noble families, etc.
D;D108;Public men
D;D109;Women
D;D110;Other special classes
D;D110.5;Other
D;D111;Periodicals. Societies. Serials
D;D113;General works
D;D113.5;Minor collections
D;D114;Dictionaries
D;D115;Biography (Collective)
D;D116;General works
D;D116.5;Collective
D;D116.7.A-Z;Individual, A-Z
D;D117.A2;Early
D;D117.A3-Z;General works
D;D118;Compends. Textbooks. Outlines. Syllabi. Questions
D;D119;Addresses, essays, lectures
D;D121;General works
D;D123;9th-10th centuries
D;D125;Antiquities
D;D128;Military and naval history
D;D131;General works
D;D134;The medieval city
D;D135;General works
D;D137;Goths (General). Visigoths
D;D138;Ostrogoths
D;D139;Vandals
D;D141;General works
D;D143;Battle of Chalons, 451
D;D145;Lombards
D;D147;Slavs
D;D148;Normans
D;D149;Other special
D;D151;Collections of chronicles, etc.
D;D152;Individual chronicles
D;D153;Statutes, registers, etc.
D;D155;Dictionaries
D;D156;Collective
D;D156.5;Peter, the Hermit
D;D156.58;Historiography
D;D157;General works
D;D158;Compends. Textbooks. Outlines. Syllabi. Questions
D;D159;Addresses, essays, lectures
D;D160;Other
D;D161;Sources
D;D161.1;Memoirs and contemporary accounts
D;D161.2;General works
D;D161.3;Pamphlets, etc.
D;D161.5.A-Z;Part taken by individual countries, A-Z
D;D162;Sources
D;D162.1;Memoirs and contemporary accounts
D;D162.2;General works
D;D162.3;Pamphlets, etc.
D;D162.5.A-Z;Part taken by individual countries, A-Z
D;D163.A2;Sources
D;D163.A3;Memoirs and contemporary accounts
D;D163.A4-Z;General works
D;D163.3;Pamphlets, etc.
D;D163.5.A-Z;Part taken by individual countries, A-Z
D;D164.A2;Sources
D;D164.A3;Memoirs and contemporary accounts
D;D164.A4-Z;General works
D;D164.3;Pamphlets, etc.
D;D164.5.A-Z;Part taken by individual countries, A-Z
D;D165;Fifth crusade, 1217-1221
D;D166;Sixth crusade, 1228-1229
D;D166.5;Crusade, 1239-1241. Baron's Crusade, 1239-1241
D;D167;Seventh crusade, 1248-1250
D;D168;Eighth crusade, 1270
D;D169;Children's crusade, 1212
D;D171;General works
D;D172;General special
D;D173;Crusades in the west
D;D175;Periodicals. Societies. Serials
D;D176;Sources and documents
D;D177;Chronicles
D;D178;Several authors
D;D179;Individual authors
D;D180;Collective
D;D181.A-Z;Individual, A-Z
D;D181.P5;Philippe, of Novara
D;D182.A2;Early through 1800
D;D182.A3-Z;1801-
D;D183;General special
D;D183.3;Godfrey of Bouillon, 1099
D;D183.5;Baldwin I, 1100-1118
D;D183.7;Baldwin II, 1118-1131
D;D183.9;Foulque, 1131-1143
D;D184;Baldwin III, 1143-1162
D;D184.3;Amalric I, 1162-1174
D;D184.4;Baldwin IV, 1174-1183
D;D184.5;Baldwin V, 1183-1192
D;D184.7;Guy of Lusignan, 1186-1192
D;D184.75;Sibyl, Queen of Jerusalem, 1186-1190
D;D184.8;Conquest of Jerusalem by Saladin, 1187
D;D184.9;Conrad of Montferrat, 1192
D;D185;Henry I (II of Champagne), 1192-1197
D;D185.3;Amalric II, 1197-1205
D;D185.5;Mary, 1205-1210
D;D185.7;John of Brienne, 1210-1225
D;D186;Frederick II, 1225-1250
D;D186.3;Conrad IV, 1250-1254
D;D186.5;Conradin, 1254-1268
D;D187;Hugh I (III of Cyprus), 1269-1284
D;D187.3;John, 1284-1285
D;D187.5;Henry II, 1285-1291
D;D190;Edessa
D;D192;Antioch
D;D194;Tripoli
D;D195.A-Z;Other, A-Z
D;D195.S9;Syria
D;D200;General works
D;D201;General works
D;D201.3;Sources and documents. Contemporary works
D;D201.4;General works
D;D201.7;Sources and documents. Contemporary works
D;D201.8;General works
D;D202;General works
D;D202.3;Sources and documents. Contemporary works
D;D202.4;General works
D;D202.7;Sources and documents. Contemporary works
D;D202.8;General works
D;D203;15th century
D;D205;Dictionaries
D;D206;Historiography
D;D208;General works
D;D209;Compends. Textbooks. Outlines
D;D210;General special. Addresses, essays, lectures
D;D212;General works
D;D212.2.A-Z;Individual elements in the population not limited to special territorial divisions, A-Z
D;D212.2.B53;Black people
D;D213;Pamphlets, etc.
D;D214;Military history
D;D215;Naval history
D;D217;Political and diplomatic history. European concert. Balance of power
D;D219;Periodicals. Serials
D;D220;General works
D;D221.A-Z;Reports and communications of ambassadors, etc.
D;D223;Several authors
D;D224;Individual authors
D;D226;General works
D;D226.3;Women
D;D226.6;Military and naval
D;D226.7;Rulers, kings, queens, etc.
D;D226.8.A-Z;Individual, A-Z
D;D226.8.C5;Christine, Consort of Francis I, Duke of Lorraine
D;D228;General works
D;D229;Pamphlets, etc.
D;D231;General special
D;D233;General works
D;D233.2.A-Z;Individual elements in the population not limited to special territorial divisions, A-Z
D;D233.2.B44;Black people
D;D233.2.I75;Irish
D;D233.2.M87;Muslims
D;D233.2.S74;Scots
D;D234;Political and diplomatic history
D;D242;Sources and documents
D;D244;General works
D;D244.3;Women
D;D244.5;Public men
D;D244.6;Military and naval
D;D244.7;Rulers, kings, queens, etc.
D;D244.8.A-Z;Individual, A-Z
D;D244.8.E4;Elizabeth of England, Consort of Frederick I, King of Bohemia
D;D244.8.F4;Feuquières family
D;D246;General works
D;D247;General special
D;D251;Sources and documents
D;D256.A-Z;Memoirs, A-Z
D;D258;General works
D;D259;Pamphlets, etc.
D;D260;Other
D;D261;Causes, etc.
D;D262;Bohemia, 1618-1623, and Palatinate
D;D263;Denmark, 1623-1629
D;D264;Sweden, 1630-1635
D;D265;1635-1648
D;D267.A-Z;Special events, battles, etc., A-Z
D;D267.B3;Bergen op Zoom, Siege of, 1622
D;D267.B8;Brünn, Siege of, 1645
D;D267.F85;Freiburg i. B., Battle of, 1644
D;D267.H2;Hameln, Siege of, 1633
D;D267.H3;Heilbronn, Union of, 1633
D;D267.J3;Jankau, Battle of, 1645
D;D267.L3;Leipzig (Breitenfeld), Battle of, 1631
D;D267.M2;Magdeburg, Siege and sack of, 1631
D;D267.N7;Nördlingen, Battle of, 1634
D;D267.N8;Nördlingen, Battle of, 1645
D;D267.O6;Oldendorf, Battle of, 1633
D;D267.R3;Ratisbon, Electoral Assembly of, 1630
D;D267.R6;Rocroi, Battle of, 1643
D;D267.S8;Stralsund, Siege of, 1628
D;D267.T74;Třebel, Battle of, Třebel, Czech Republic, 1647
D;D267.U6;Ulm, Truce of, 1647
D;D267.W4;White Mountain, Battle of, Czech Republic, 1620
D;D267.W6;Wittstock, Battle of, 1636
D;D269;Peace of Westphalia, 1648
D;D270.A2;Collective
D;D270.A3-Z;Individual, A-Z
D;D270.A7;Arnim, Hans Georg von
D;D270.M3;Mansfeld, Ernst, graf von
D;D270.T5;Tilly, Jean t'Serclaes, comte de
D;D270.T8;Torstenson, Lennart, greve af Ortala
D;D270.W19;Wallenstein, Albrecht Wenzel E. von
D;D271.A-Z;Relations of individual countries, A-Z
D;D1648-1715;-- Continued
D;D273.A2;Sources and documents
D;D273.A3-Z;General works
D;D273.5;General special
D;D273.6;Military history
D;D273.7;Diplomatic history
D;D274.A-Z;Individual, A-Z
D;D274.E8;Eugène, Prince of Savoie-Carignan
D;D274.5;General works
D;D274.6;Peace of Breda, 1667
D;D275;General works
D;D275.5;Pamphlets, etc.
D;D276.A-Z;Special events, battles, etc., A-Z
D;D276.A3;Aix-la-Chapelle, Peace of, 1668
D;D277;General works
D;D277.5;General special
D;D278.A-Z;Special events, battles, etc., A-Z
D;D278.C37;Cassell, Battle of, 1677
D;D278.E6;Enzheim, Battle of, 1674
D;D278.M3;Masstricht, Siege of, 1673
D;D278.S4;Seneffe, Battle of, 1674
D;D278.S7;Southwold Bay, Battle of, 1672
D;D278.T4;Texel, Battle of the, 1673
D;D278.T6;Tobago, Battle of, 1677
D;D278.5;Peace of Nijmegen, 1678-1679
D;D279;General works
D;D279.5;General special
D;D280.A-Z;Special events, battles, etc., A-Z
D;D280.A8;Ath, Siege of, 1697
D;D280.F6;Fleurus, Battle of, 1690
D;D280.H6;Hogue, La, Battle of, 1692
D;D280.N2;Namur, Siege of, 1692
D;D280.5;Peace of Ryswick, 1697
D;D281.A2;Sources and documents
D;D281.A3-Z;Memoirs and early works
D;D281.5;General works
D;D282;General special
D;D282.5;Pamphlets, etc.
D;D283.A-Z;Special events, battles, etc., A-Z
D;D283.B3;Barcelona, Siege of, 1713-1714
D;D283.B6;Blenheim, Battle of, 1704
D;D283.L5;Lille, Siege of, 1707
D;D283.T7;Toulon, Siege of, 1707
D;D283.T8;Turin, Siege of, 1706
D;D283.5;Congress of Utrecht, 1713
D;D284;Sources and documents
D;D284.5;Historiography
D;D285;General works
D;D285.1;Minor
D;D285.3;Women
D;D285.5;Public men
D;D285.7;Rulers, kings, queens, etc.
D;D285.8.A-Z;Individual, A-Z
D;D285.8.B6;Bonneval, Claude Alexandre, comte de, 1675-1747
D;D285.8.C4;Casanova, Giacomo, 1725-1798
D;D285.8.H7;Hordt, Johann Ludwig, graf von
D;D285.8.L5;Ligne, Charles Joseph, prince de
D;D285.8.P7;Pöllnitz, Karl Ludwig, freiherr von
D;D285.8.T65;Trenck, Franz
D;D285.8.T7;Trenck, Friedrich
D;D286;General works
D;D287;General works
D;D287.5;Quadruple Alliance, 1718
D;D287.7;Alliance of Hanover, 1725
D;D287.8;Negotiation of Seville, 1729
D;D288;Other special
D;D289;General works
D;D289.4;Family Pact, Fontainebleau, 1743
D;D289.5;Family Pact, Paris, 1761
D;D290;18th century minor works. Pamphlets, etc.
D;D291;Sources and documents
D;D292;General works
D;D292.8;Pamphlets, etc.
D;D293;Silesian campaigns. International relations
D;D293.2;General works
D;D293.3.A-Z;Special events, battles, etc., A-Z
D;D293.4;General works
D;D293.5.A-Z;Special events, battles, etc., A-Z
D;D293.5.A8;Assietta, Battle of, 1747
D;D293.5.V4;Velletri, Battle of, 1744
D;D293.55;Other
D;D293.6;General works
D;D293.7.A-Z;Special events, battles, etc., A-Z
D;D293.7.F6;Fontenoy, Battle of, 1745
D;D293.8;General works
D;D293.9.A-Z;Special events, battles, etc., A-Z
D;D294;Peace of Aix-la-Chapelle, 1748
D;D295;Political and military history
D;D297;General international aspects, results, etc. Peace of Paris, 1763
D;D299;General works
D;D301;Periodicals. Sources and documents. Collections
D;D304.A-Z;Biography and memoirs, A-Z
D;D304.J7;Jomini, Henri, baron
D;D304.M15;Maistre, Joseph Marie, comte de
D;D308;General works
D;D309;Other
D;D351;Sources and documents
D;D352;General works
D;D352.1;Rulers, kings, princes, etc.
D;D352.3;Queens, princesses
D;D352.5;Public men
D;D352.7;Women
D;D352.8.A-Z;Individual, A-Z
D;D352.8.L6-.L7;Lieven, Dorothea, Princess
D;D352.8.M4;Metternich-Sándor, Pauline, Fürstin
D;D352.8.P3;Pückler-Muskau, Hermann, fürst von
D;D352.8.S7;Stockmar, Ernst Alfred C., freiherr von
D;D352.9;Historiography
D;D353;Several authors
D;D354;Individual authors
D;D355;Addresses, essays, lectures
D;D356;Dictionaries, etc.
D;D358;General works
D;D358.5;Popular works
D;D359;Europe in the 19th century, 1801-1914
D;D359.2;Syllabi, outlines, tables, etc.
D;D359.7;General special
D;D361;Military history
D;D362;Naval history
D;D363;Political and diplomatic history
D;D371;General works
D;D372;General special
D;D373;Early history to 1800
D;D374;19th century
D;D375;General special
D;D375.3;Conference of Berlin, 1878
D;D376.A-Z;Relations of individual countries, A-Z
D;D377.A1;Periodicals. Societies. Serials
D;D377.A2-Z;General works
D;D377.3;General works, especially political
D;D377.5.A-Z;By region or country, A-Z
D;D378;General works
D;D378.5.A-Z;By region or country, A-Z
D;D383;1815-1830. Congress of Vienna, 1814-1815. Holy Alliance. Quadruple Alliance, 1815
D;D385;General works
D;D387;1848
D;D388;Sources and documents
D;D389;General works
D;D391;Sources and documents
D;D392;General works
D;D393;Pamphlets, etc.
D;D394;Sources and documents
D;D395;General works
D;D395.2;Syllabi, outlines, tables, questions, etc.
D;D396;Military history
D;D397;Political and diplomatic history
D;D398;Other
D;D399;General works
D;D399.5;Women
D;D399.6;Public men
D;D399.7;Rulers, kings, etc.
D;D399.8;Queens, princesses, etc.
D;D400.A-Z;Individual, A-Z
D;D400.B6;Blount, Sir Edward Charles
D;D400.B85;Bunsen, Marie von
D;D400.P3;Paget, Walpurga Ehrengarde H. (von Hohenthal), lady
D;D400.R33;Redesdale, Algernon Bertram Freeman-Mitford, Baron
D;D400.R5;Rennell, James Rennell Rodd, Baron
D;D400.R7;Rumbold, Sir Horace, bart.
D;D400.S2;Salm-Salm, Agnes (Joy), prinzessin zu
D;D400.Z3;Zaharoff, Sir Basil
D;D410;Periodicals. Societies. Serials
D;D410.5;Yearbooks of current events (nonserial)
D;D411;Sources and documents
D;D412;General works
D;D412.5;Women
D;D412.6;Public men
D;D412.7;Rulers, kings, etc.
D;D412.8;Queens, princesses, etc.
D;D413.A-Z;Individual, A-Z
D;D413.5;Historiography
D;D414;Several authors
D;D415;Individual authors
D;D416;Pamphlets, etc.
D;D419;Dictionaries
D;D421;General works
D;D422;Popular works
D;D424;General works
D;D424.5;Military history
D;D425;Popular works
D;D426;Pictorial history
D;D427;Syllabi, outlines, tables, etc.
D;D431;Military history
D;D436;Naval history
D;D437;Air warfare
D;D440;Annual registers
D;D441;Sources and documents
D;D442;Collected works
D;D443;General works
D;D445;General special
D;D446;Anglo-Saxon supremacy
D;D447;Pangermanism (International)
D;D448;Panlatinism
D;D448.5;Panceltism
D;D449;Panslavism
D;D450;Pamphlets, etc.
D;D451;Sources and documents
D;D453;General works
D;D455;General special
D;D457;Pamphlets, etc.
D;D460;Little Entente, 1920-1939
D;D461;Sources and documents
D;D462;Conferences, etc. By date
D;D463;General works
D;D465;General special
D;D468;Pamphlets, etc.
D;D469.A-Z;By region or country, A-Z
D;D1901-1914;see D378+
D;D471;1914-
D;D472.A-Z;By region or country, A-Z
D;D501;Periodicals. Serials
D;D502;Societies
D;D503;Museums. Exhibitions, etc.
D;D504;Congresses, conferences, etc.
D;D505;Sources and documents
D;D507;Collective
D;D509;Collected works
D;D510;Dictionaries
D;D511;General works. Triple Entente, 1907
D;D512;Austria
D;D513;Serbia
D;D514;Panslavism
D;D515;Germany
D;D516;France
D;D517;Great Britain
D;D518;Belgium
D;D519;Japan
D;D520.A-Z;Other regions or countries, A-Z
D;D520.A8;Arabia
D;D520.B6;Bohemia
D;D520.I65;Ireland
D;D520.I7;Italy
D;D520.O8;Orient. Far East
D;D520.S8;South America. Latin America
D;D520.T8;Turkey. Islam
D;D521;General works
D;D522;Pictorial works
D;D522.22;Films, slides, etc. Catalogs
D;D522.23;Motion pictures about the war
D;D522.25;Posters
D;D522.27;Collectibles
D;D522.4;Study and teaching
D;D522.42;Historiography
D;D522.5;Outlines, syllabi, tables, etc.
D;D522.6;Examinations, questions, etc.
D;D522.7;Juvenile works. Elementary textbooks
D;D523;General special
D;D524;Ethical and religious aspects. Prophecy
D;D524.5;Psychological aspects
D;D524.6;General works
D;D524.7.A-Z;By region or country, A-Z
D;D525;Pamphlets, addresses, sermons, etc.
D;D526;Satire, caricature, etc.
D;D526.2;English
D;D526.3;French
D;D526.5;German
D;D526.7.A-Z;Other languages, A-Z
D;D526.7.I8;Italian
D;D526.7.R8;Russian
D;D527.8;Commemorative ribbons, etc.
D;D528;Guides to the battlefields
D;D528.5;Beginnings of the war. Mobilization, etc.
D;D529;Collections of official reports
D;D529.3;Infantry
D;D529.4;Cavalry
D;D529.5;Artillery
D;D529.7;Engineers
D;D529.9.A-Z;Other special, A-Z
D;D530;General works
D;D531;General works
D;D532;General works
D;D532.1;Army
D;D532.2;Corps
D;D532.3;Infantry
D;D532.4;General works
D;D532.47;Uhlans
D;D532.5;Artillery
D;D532.6;Machine gun regiments
D;D532.7;Gas regiments
D;D532.8;Engineers
D;D532.9;Other
D;D533;General works
D;D533.1;Army
D;D533.2;Corps
D;D533.3;Infantry
D;D533.4;General works
D;D533.47;Uhlans
D;D533.5;Artillery
D;D533.6;Machine gun regiments
D;D533.7;Gas regiments
D;D533.8;Engineers
D;D533.9;Other
D;D534;General works
D;D534.1;Army
D;D534.2;Corps
D;D534.3;Infantry
D;D534.4;General works
D;D534.47;Uhlans
D;D534.5;Artillery
D;D534.6;Machine gun regiments
D;D534.7;Gas regiments
D;D534.8;Engineers
D;D534.9;Other
D;D535;General works
D;D535.1;Army
D;D535.2;Corps
D;D535.3;Infantry
D;D535.4;General works
D;D535.47;Uhlans
D;D535.5;Artillery
D;D535.6;Machine gun regiments
D;D535.7;Gas regiments
D;D535.8;Engineers
D;D535.9;Other
D;D536;General works
D;D536.1;Army
D;D536.2;Corps
D;D536.3;Infantry
D;D536.4;General works
D;D536.47;Uhlans
D;D536.5;Artillery
D;D536.6;Machine gun regiments
D;D536.7;Gas regiments
D;D536.8;Engineers
D;D536.9;Other
D;D537;General works
D;D537.1;Army
D;D537.2;Corps
D;D537.3;Infantry
D;D537.4;General works
D;D537.47;Uhlans
D;D537.5;Artillery
D;D537.6;Machine gun regiments
D;D537.7;Gas regiments
D;D537.8;Engineers
D;D537.9;Other
D;D538.A-Z;Other, A-Z
D;D538.5.A-Z;German local history, A-Z
D;D539;General works
D;D539.5.A-Z;Special, A-Z
D;D539.5.A78;Artillery
D;D539.5.A9;Austrian troops
D;D539.5.B68;Bosnian troops
D;D539.5.C8;Czechoslovak troops
D;D539.5.D7;Dragoons
D;D539.5.I8;Infantry
D;D539.5.M68;Mountain troops
D;D539.5.P6;Poland. Legiony Polskie
D;D539.5.U37;Ukrainian troops
D;D539.7.A-Z;Local history, A-Z
D;D540;General works
D;D540.5.A-Z;Special, A-Z
D;D541;General works
D;D542.A-Z;Individual campaigns, sieges, battles, etc., A-Z
D;D542.A6;Antwerp, Siege of, 1914
D;D542.A73;Ardennes, Battle of the, 1914
D;D542.B7;Bruges
D;D542.C4;Charleroi
D;D542.D4;Dinant
D;D542.D5;Dixmude
D;D542.D8;Duffel
D;D542.L5;Liège
D;D542.L7;Louvain
D;D542.L8;Lys, Battle of the, 1918
D;D542.M3;Malines (Mechlin)
D;D542.M4;Messines
D;D542.M7;Mons, 1st Battle of, 1914
D;D542.W47;West Flanders
D;D542.Y5;Ypres (General)
D;D542.Y6;Ypres, 1st battle of, 1914
D;D542.Y7;Ypres, 2d battle of, 1915
D;D542.Y72;Ypres, 3d battle of, 1917
D;D542.Y8;Yser, Battle of the, 1914
D;D544;General works
D;D545.A-Z;Individual campaigns, sieges, battles, etc., A-Z
D;D545.A5;Aisne
D;D545.A6;Argonne, Battle of the, 1915
D;D545.A63;Argonne, Battle of the, 1918
D;D545.A7;Arras
D;D545.B4;Belleau Wood
D;D545.C37;Champagne
D;D545.C4;Château-Thierry, Battle of, 1918
D;D545.C45;Chemin des dames
D;D545.C7;Compiègne
D;D545.L5;Lille
D;D545.L7;Lorraine, Battle of, 1914
D;D545.M3;Marne, 1st Battle of the, 1914
D;D545.M35;Marne, 2nd Battle of the, 1914
D;D545.N7;Noyon
D;D545.P5;Picardy
D;D545.R4;Reims
D;D545.S35;Seicheprey
D;D545.S4;Senlis
D;D545.S7;Somme, Battle of the, 1916
D;D545.S75;Somme, 2d battle of the, 1918
D;D545.V25;Verdun, Battle of, 1914
D;D545.V3;Verdun, Battle of, 1916
D;D546.A1-.A19;Societies
D;D546.A12;Comrades of the Great War
D;D546.A2-Z;General works
D;D546.3;Officers Training Corps
D;D546.5;Individual divisions, etc. By number
D;D546.52;Artillery
D;D546.53;Infantry
D;D546.54;Cavalry
D;D546.55;Engineers
D;D547.A-Z;Individual. By region or name, A-Z
D;D547.A1;Colonies (General)
D;D547.A4;Africa, South
D;D547.A5;Africa, West
D;D547.A8;Australia. The Anzacs
D;D547.B6;Black Watch
D;D547.B64;Black people
D;D547.C2;Canada
D;D547.C6;Coldstream Guards
D;D547.G5;Glasgow Highlanders
D;D547.G6;Gordon Highlanders
D;D547.G7;Grenadier Guards
D;D547.G8;Guards Division
D;D547.I5;India
D;D547.I6;Ireland
D;D547.J3;Jamaica
D;D547.K4;Kent
D;D547.K43;King's (Liverpool Regiment)
D;D547.K45;King's Overseas Dominions Regiment
D;D547.K47;King's Own Scottish Borderers
D;D547.K5;King's Own Rifle Corps
D;D547.L2;Labour Corps
D;D547.L6;London regiments
D;D547.M3;Manchester Regiment
D;D547.M8;Munster
D;D547.N5;New Zealand
D;D547.N55;Newfoundland
D;D547.N58;Niue
D;D547.N6;North Midland Division
D;D547.N7;Northumberland Fusiliers
D;D547.O7;Oxford University
D;D547.Q18;Queen's Own Oxfordshire Hussars
D;D547.Q2;Queen's Own Royal West Kent Regiment
D;D547.Q3;Queen's Westminster and Civil Service Rifles
D;D547.R4;Remount Service
D;D547.R5;Royal Artillery Regiment
D;D547.R6;Royal Fusiliers
D;D547.R63;Royal Highlanders of Canada
D;D547.R7;Royal Naval Division
D;D547.R8;Royal Scots
D;D547.S4;Scots Guard
D;D547.S5;Sherwood Foresters
D;D547.S6;South Staffordshire Regiment
D;D547.T3;Tasmania
D;D547.W4;Wales
D;D547.W5;West Riding Territorials
D;D547.8.A-Z;English local history, A-Z
D;D547.8.E3;East Anglia
D;D547.8.H6;Hornchurch
D;D547.8.L7;London
D;D547.8.P7;Preston
D;D548;General works
D;D548.03;General works
D;D548.033.A-Z;Special, A-Z
D;D548.1;Army corps
D;D548.2;Divisions
D;D548.3;General works
D;D548.35;Foreign Legion
D;D548.4;Cavalry
D;D548.5;"Chasseurs. ""Blue devils."" Chasseurs à pied. Chasseurs alpine"
D;D548.6;Artillery
D;D548.7;Machine gun regiments
D;D548.75;Gas regiments
D;D548.8;Engineers
D;D548.9.A-Z;Other, A-Z
D;D549.A-Z;Other special, A-Z
D;D549.C3;Canadian troops
D;D549.C4;Czechoslovak troops
D;D549.C5;Chinese troops
D;D549.C7;Colored troops
D;D549.P6;Polish troops
D;D549.5.A-Z;Other countries, A-Z
D;D549.5.P8;General works
D;D549.5.P82A-.P82Z;Local history, A-Z
D;D550;General works. Soviet Union (General)
D;D551;General works
D;D552.A-Z;Individual campaigns, sieges, battles, etc., A-Z
D;D552.L5;Lithuania
D;D552.T3;Tannenberg, Battle of, 1914
D;D556;General works
D;D557.A-Z;Individual campaigns, sieges, battles, etc., A-Z
D;D557.L4;Lemberg
D;D557.P7;Przemysl, Siege of, 1914
D;D557.W58;Włocławek, Battle of, Włocławek, Poland, 1914
D;D558;Siberia
D;D559;Archangel. Northern Russia
D;D560;General works
D;D561;General works
D;D562.A-Z;Individual campaigns, sieges, battles, etc., A-Z
D;D562.D63;Dobro Pole, Battle of, 1918
D;D563.A2;General works
D;D563.A3-Z;Individual campaigns, sieges, battles, etc., A-Z
D;D564.A2;General works
D;D564.A3-Z;Individual campaigns, sieges, battles, etc., A-Z
D;D565.A2;General works
D;D565.A3-Z;Individual campaigns, sieges, battles, etc., A-Z
D;D566;General works
D;D567.A2;General works
D;D567.A3-Z;Individual campaigns, sieges, battles, etc., A-Z
D;D568.A2;General works
D;D568.A3-Z;Individual campaigns, sieges, battles, etc., A-Z
D;D568.2;Egypt
D;D568.3;Dardanelles. Gallipoli
D;D568.4;Arabia
D;D568.5;Mesopotamia. Kut-el-Amara. Assyria
D;D568.6;Syria
D;D568.7;Palestine
D;D568.8;Persia. Iran
D;D568.9;West Turkestan and Khurasan
D;D569.A2;General works
D;D569.A25;Divisions, regiments, etc. By author, A-Z
D;D569.A3-Z;Individual campaigns, sieges, battles, etc., A-Z
D;D569.G7;Gorizia
D;D569.P4;Piave, 1st battle of the, 1917
D;D569.P5;Piave, 2nd battle of the, 1918
D;D569.V4;Venice (Italy), Defense of
D;D569.V5;Vittorio Veneto, Battle of, 1918
D;D569.2;General works
D;D569.3.A-Z;Individual campaigns, sieges, battles, etc., A-Z
D;D569.5;Albania
D;D570.A1;General works
D;D570.A12A-.A12W;By state, A-W
D;D570.A13A-.A13Z;By city, A-Z
D;D570.A135;American Legion, France
D;D570.A14A1-.A14A4;Official publications
D;D570.A14A5;Nonofficial publications
D;D570.A14A6-.A14W;By state, A-W
D;D570.A14Z9;Pamphlets, etc.
D;D570.A15A-.A15Z;Other societies, A-Z
D;D570.A15D5;Disabled American Veterans of the World War
D;D570.A15M5;Military Order of the World War
D;D570.A2;Collections. Serials. Official bulletins, etc.
D;D570.A35;Other special
D;D570.A4;Official
D;D570.A5-Z;Nonofficial
D;D570.1;General special
D;D570.15;Pamphlets, etc.
D;D570.2;General special
D;D570.25;Headquarters. General Staff
D;D570.27;Army corps
D;D570.3;Divisions
D;D570.309;General works
D;D570.31;Special units. By number and author
D;D570.315;Air Defense Artillery
D;D570.32;Field artillery
D;D570.325;Coast artillery
D;D570.327;Trench artillery
D;D570.33;Infantry
D;D570.34;Machine gun battalions
D;D570.345;Gas regiments
D;D570.346;Signal Corps
D;D570.348;Marine Corps (Land operations only)
D;D570.35;Military police
D;D570.352;Ammunition trains
D;D570.354;Field hospital companies
D;D570.355;Ambulance companies
D;D570.358;Other
D;D570.36;General works
D;D570.37.A-Z;In Europe. A-Z
D;D570.37.B7;Brest
D;D570.45;General special
D;D570.65;General special
D;D570.7;Individual squadrons
D;D570.72;General works
D;D570.73.A-Z;Special, A-Z
D;D570.73.H7;Hoboken
D;D570.73.L4;Le Mans
D;D570.75;Services of supply. Quartermaster Corps
D;D570.8.A-Z;Special topics, A-Z
D;D570.8.A6;Alien enemies
D;D570.8.C5;Commissions of foreign nations, A-Z
D;D570.8.C5F8;Haut Commissariat de la République Française
D;D570.8.C7;Council of National Defense
D;D570.8.C8A-.C8Z;Councils of defense, committees of public safety. By state, A-W
D;D570.8.E8;Executions
D;D570.8.I6;Indian soldiers
D;D570.8.M5;General works
D;D570.8.M6A-.M6Z;Individual missions, A-Z
D;D570.8.M6B3;Belgian
D;D570.8.M6B5;British
D;D570.8.M6F4;French
D;D570.8.M6G8;Guatemalan
D;D570.8.M6I8;Italian
D;D570.8.M6J4;Japanese
D;D570.8.M6R7;Russian
D;D570.8.M6S4;Serbian
D;D570.8.N3;National Research Council
D;D570.8.P7;Political prisoners
D;D570.8.R4;Registration
D;D570.8.S4;Seizure and disposition of German ships
D;D570.8.S5;Service flags
D;D570.85.A-Z;By region or state, A-Z
D;D570.85.A2;General works
D;D570.85.A21A-.A21Z;Local, A-Z
D;D570.85.A7;General works
D;D570.85.A71A-.A71Z;Local, A-Z
D;D570.85.A8;General works
D;D570.85.A81A-.A81Z;Local, A-Z
D;D570.85.C2;General works
D;D570.85.C21A-.C21Z;Local, A-Z
D;D570.85.C6;General works
D;D570.85.C61A-.C61Z;Local, A-Z
D;D570.85.C8;General works
D;D570.85.C81A-.C81Z;Local, A-Z
D;D570.85.D4;General works
D;D570.85.D41A-.D41Z;Local, A-Z
D;D570.85.D6;District of Columbia
D;D570.85.F5;General works
D;D570.85.F51A-.F51Z;Local, A-Z
D;D570.85.G4;General works
D;D570.85.G41A-.G41Z;Local, A-Z
D;D570.85.I2;General works
D;D570.85.I21A-.I21Z;Local, A-Z
D;D570.85.I3;General works
D;D570.85.I31A-.I31Z;Local, A-Z
D;D570.85.I6;General works
D;D570.85.I7A-.I7Z;Local, A-Z
D;D570.85.I8;General works
D;D570.85.I9A-.I9Z;Local, A-Z
D;D570.85.K2;General works
D;D570.85.K21A-.K21Z;Local, A-Z
D;D570.85.K4;General works
D;D570.85.K41A-.K41Z;Local, A-Z
D;D570.85.L6;General works
D;D570.85.L61A-.L61Z;Local, A-Z
D;D570.85.M2;General works
D;D570.85.M21A-.M21Z;Local, A-Z
D;D570.85.M3;General works
D;D570.85.M31A-.M31Z;Local, A-Z
D;D570.85.M4;General works
D;D570.85.M41A-.M41Z;Local, A-Z
D;D570.85.M5;General works
D;D570.85.M51A-.M51Z;Local, A-Z
D;D570.85.M6;General works
D;D570.85.M61A-.M61Z;Local, A-Z
D;D570.85.M7;General works
D;D570.85.M71A-.M71Z;Local, A-Z
D;D570.85.M8;General works
D;D570.85.M81A-.M81Z;Local, A-Z
D;D570.85.M9;General works
D;D570.85.M91A-.M91Z;Local, A-Z
D;D570.85.N19;General works
D;D570.85.N2A-.N2Z;Local, A-Z
D;D570.85.N22;General works
D;D570.85.N23A-.N23Z;Local, A-Z
D;D570.85.N24;New England
D;D570.85.N25;General works
D;D570.85.N26A-.N26Z;Local, A-Z
D;D570.85.N3;General works
D;D570.85.N31A-.N31Z;Local, A-Z
D;D570.85.N33;General works
D;D570.85.N34A-.N34Z;Local, A-Z
D;D570.85.N4;General works
D;D570.85.N5A-.N5Z;Local, A-Z
D;D570.85.N8;General works
D;D570.85.N81A-.N81Z;Local, A-Z
D;D570.85.N9;General works
D;D570.85.N91A-.N91Z;Local, A-Z
D;D570.85.O3;General works
D;D570.85.O31A-.O31Z;Local, A-Z
D;D570.85.O5;General works
D;D570.85.O51A-.O51Z;Local, A-Z
D;D570.85.O8;General works
D;D570.85.O81A-.O81Z;Local, A-Z
D;D570.85.P4;General works
D;D570.85.P41A-.P41Z;Local, A-Z
D;D570.85.R4;General works
D;D570.85.R41A-.R41Z;Local, A-Z
D;D570.85.S6;General works
D;D570.85.S61A-.S61Z;Local, A-Z
D;D570.85.S7;General works
D;D570.85.S71A-.S71Z;Local, A-Z
D;D570.85.T2;General works
D;D570.85.T21A-.T21Z;Local, A-Z
D;D570.85.T4;General works
D;D570.85.T41A-.T41Z;Local, A-Z
D;D570.85.U8;General works
D;D570.85.U81A-.U81Z;Local, A-Z
D;D570.85.V5;General works
D;D570.85.V51A-.V51Z;Local, A-Z
D;D570.85.V8;General works
D;D570.85.V81A-.V81Z;Local, A-Z
D;D570.85.W3;General works
D;D570.85.W31A-.W31Z;Local, A-Z
D;D570.85.W4;General works
D;D570.85.W41A-.W41Z;Local, A-Z
D;D570.85.W6;General works
D;D570.85.W61A-.W61Z;Local, A-Z
D;D570.85.W8;General works
D;D570.85.W81A-.W81Z;Local, A-Z
D;D570.87.A-Z;Outlying states, possessions, etc., A-Z
D;D570.87.H3;Hawaii
D;D570.87.P7;Puerto Rico
D;D570.88.A-Z;Individual nationalities, A-Z
D;D570.88.B6;Bohemians in United States Army
D;D570.9.A-Z;Personal narratives and other accounts of American expeditions after declaration of war
D;D571;General works
D;D572.A-Z;Individual campaigns, sieges, battles, etc., A-Z
D;D572.5;Thailand
D;D573;General works
D;D574;General works
D;D575;General works
D;D576.A-Z;Individual colonies, A-Z
D;D576.C3;Cameroons
D;D576.G3;German East Africa
D;D576.G5;German Southwest Africa
D;D576.G7;Gold Coast (Ghana)
D;D576.T7;Togoland
D;D577;General works
D;D578.A-Z;Individual colonies, A-Z
D;D578.N4;New Guinea
D;D578.S2;Samoa
D;D580;General works. Freedom of the seas
D;D581;General works. Blockade
D;D582.A-Z;By engagement, ship, etc., A-Z
D;D582.A8;Ayesha (Schooner)
D;D582.B3;Baralong (Cruiser)
D;D582.D8;Dresden (Cruiser)
D;D582.E6;Emden (Cruiser)
D;D582.F2;Falkland Islands, Battle of, 1914
D;D582.G7;Goeben and Breslau (Cruisers)
D;D582.J8;Jutland, Battle of, 1916
D;D582.K3;Karlsruhe (Cruiser)
D;D582.K6;Königsberg (Cruiser)
D;D582.K7;Kronprinz Wilhelm (Cruiser)
D;D582.M6;Möwe (Steamship)
D;D583;General works
D;D584.A-Z;By engagement, ship, etc., A-Z
D;D584.O8;Otranto Straits, Battle of the, 1917
D;D585;Russian
D;D586;Egyptian
D;D587;Turkish
D;D588;Italian
D;D589.A-Z;Other, A-Z
D;D589.U5;Documents
D;D589.U6;General works
D;D589.U7A-.U7Z;By engagement, ship, etc., A-Z
D;D589.U8;Awarding of medals
D;D590;General works
D;D591;General works
D;D592.A-Z;By engagement, ship, etc., A-Z
D;D592.D4;Deutschland (Submarine)
D;D592.L8;Lusitania (Steamship)
D;D592.S8;Sussex (Steamship)
D;D593;General works
D;D594.A-Z;By engagement, ship, etc., A-Z
D;D594.Z4;Zeebrugge-Ostend raids, 1918
D;D595.A-Z;Other, A-Z
D;D600;General works
D;D602;English
D;D603;French
D;D604;German
D;D605;Russian
D;D606;United States
D;D607.A-Z;Other, A-Z
D;D607.3;Engineering operations
D;D608;Tank operations
D;D608.5;General works
D;D608.6.A-Z;By region or country, A-Z
D;D609.A2;General
D;D609.A3-Z;By region or country, A-Z
D;D609.A6;General
D;D609.A7;Slavic
D;D609.A8;Hungarian
D;D609.F8;General works
D;D609.F82;French colonies
D;D609.U6;General
D;D609.U7;Special
D;D610;General works
D;D611;General special
D;D613;General works
D;D613.5;Ford Peace Expedition
D;D615;Belgian neutrality. Case of Belgium
D;D616;Greece and the war
D;D617;Italy and the war. Neutrality
D;D618;South America and the war
D;D619;General works
D;D619.3;German conspiracies. Propaganda. Espionage, etc.
D;D619.5.A-Z;Individual cases, A-Z
D;D619.5.A7;Archibald, James Francis J.
D;D619.5.G7;Goltz, Horst von der
D;D619.5.M3;Martens, Ludwig Christian A.K.
D;D619.5.O4;O'Leary, Jeremiah A.
D;D619.5.P2;Papen, Franz von
D;D620;German-Americans and the war
D;D621.A-Z;Other regions or countries, A-Z
D;D621.A8;Argentina
D;D621.F5;Finland
D;D621.S3;Scandinavia
D;D621.S4;Denmark
D;D621.S45;Norway
D;D621.S5;Sweden
D;D621.S63;Slovenia
D;D622;Catholic Church and the war
D;D623.A2;General works
D;D623.A3-Z;By region or country, A-Z
D;D623.B4;Belgium
D;D625;General works
D;D626.A-Z;By region or country committing atrocity, A-Z
D;D627.A1;Periodicals and societies
D;D627.A2;General works
D;D627.A3-Z;In individual countries, A-Z
D;D628;General works
D;D629.A-Z;By region or country, A-Z
D;D629.B4;Belgium
D;D629.G7;Great Britain
D;D629.U6;General works
D;D629.U62A-.U62W;By state, A-W
D;D629.U7A-.U7Z;In United States, by place, A-Z
D;D629.U8A-.U8Z;In other countries, A-Z
D;D630.A-Z;Biography, A-Z
D;D630.C3;Cavell, Edith
D;D631;General works
D;D632;The American press. Committee on public information
D;D632.5.A-Z;Other regions or countries, A-Z
D;D633;Other special
D;D635;Economic aspects. Commerce, finance, etc. (General)
D;D636.A2;General works
D;D636.A3-Z;By region or country, A-Z
D;D636.F8;France
D;D637;General works
D;D638.A-Z;By region or country, A-Z
D;D638.A7;Armenia
D;D638.E2;East, Near
D;D638.U5;United States
D;D639.A-Z;Other special topics, A-Z
D;D639.A64;Anarchism. Anarchists
D;D639.A65;Animals, War use of
D;D639.A7;Anthropology and ethnology. Race problems
D;D639.A73;Art and the war
D;D639.A75;Astrology
D;D639.A77;Athletes
D;D639.A8;Automobiles
D;D639.B53;Black people. African Americans
D;D639.B6;Boy Scouts
D;D639.C38;Chaplains
D;D639.C4;Children. Orphans
D;D639.C5;Christian Science
D;D639.C54;Church of England
D;D639.C75;Cryptography
D;D639.D4;Dead, Care of. Burial. Cemeteries
D;D639.D45;Democracy and the war
D;D639.D5;Deportation of Belgians, French, etc.
D;D639.D53;Desertions
D;D639.D6;Dogs
D;D639.D7;Dreams
D;D639.D74;Drinking of alcoholic beverages
D;D639.D87;Dutch
D;D639.E2;General works
D;D639.E3;General works. Student Army Training Corps
D;D639.E35;A.E.F. University
D;D639.E37;A.E.F. in Great Britain
D;D639.E4A-.E4Z;By college, school, etc., A-Z
D;D639.E4H3;Harvard University
D;D639.E4S3;St. Louis public schools
D;D639.E42A-.E42Z;By fraternity, A-Z
D;D639.E42S5;Sigma Alpha Epsilon
D;D639.E45;France
D;D639.E47;Germany
D;D639.E5;General works
D;D639.E52A-.E52Z;Colonies, A-Z
D;D639.E52C3;Canada
D;D639.E53A-.E53Z;By university, A-Z
D;D639.E6A-.E6Z;Other regions or countries, A-Z
D;D639.E8;Entertainment and recreation for soldiers
D;D639.E94;Executions
D;D639.F3;Fashion
D;D639.F8;Freemasons
D;D639.F9;Friends, Society of
D;D639.G39;Gays
D;D639.G73;Graffiti
D;D639.G8;Gynecology
D;D639.H5;Historic monuments
D;D639.I2;Idealism
D;D639.I5;Illegitimacy. War babies
D;D639.I56;Indians
D;D639.J4;Jews
D;D639.L2;Labor
D;D639.L4;Lawyers
D;D639.M37;Mennonites
D;D639.M4;General works
D;D639.M5A-.M5Z;By region or country, A-Z
D;D639.M56;Missing in action
D;D639.M8;General works
D;D639.M82A-.M82Z;By region or country, A-Z
D;D639.N2;General works
D;D639.N3A-.N3Z;By region or country, A-Z
D;D639.P38;Patriotism
D;D639.P39;Photography
D;D639.P45;Pigeons
D;D639.P5;Population and the war
D;D639.P6;General works
D;D639.P7A-.P7Z;By region or country, A-Z
D;D639.P7F7;France
D;D639.P7G3;Germany
D;D639.P75;Prophecies
D;D639.P77;Protest movements
D;D639.P78;Protestant churches
D;D639.P8;Psychic phenomena
D;D639.P87;General works
D;D639.P88A-.P88Z;By region or country, A-Z
D;D639.R4;Religious aspects
D;D639.S15;Salvation Army
D;D639.S2;Science and technology
D;D639.S3;Sex
D;D639.S35;Sikhs
D;D639.S4;Slavs
D;D639.S5;Snowshoes and snowshoeing
D;D639.S6;Socialism
D;D639.S7;General works
D;D639.S8A-.S8Z;Individual, A-Z
D;D639.S8Z4;Zelle (Mata Hari)
D;D639.S86;Supernatural
D;D639.S9;Supplies
D;D639.T35;Telegraph. Radio
D;D639.T4;Telephone
D;D639.T6;Toc H. Talbot House (Poperinghe, Belgium)
D;D639.T8;Transportation
D;D639.V47;General works
D;D639.V48A-.V48Z;By region or country, A-Z
D;D639.W7;Women
D;D639.Y7;Young Men's Christian Association. Young Women's Christian Association
D;D639.Y75;Youth
D;D640.A2;Collective
D;D640.A22-Z;Individual, A-Z
D;D641;Armistice of Compiègne, 1918
D;D642;Sources and documents
D;D1920;see KZ185+
D;D644;General works
D;D645;General special
D;D646;Pamphlets, etc.
D;D647.A2;General works
D;D647.A3-Z;Special. By region or country
D;D647.U6;United States
D;D648;General works
D;D649.A-Z;By region or country, A-Z
D;D649.G3A5-.G3A59;Works on the Dawes plan. Alphabetically by author
D;D649.G3A6-.G3A7;Young plan
D;D649.G3A6;Text. By date
D;D649.G3A65;Documents of the different countries. By date
D;D649.G3A7-.G3A79;Works on the Young plan. Alphabetically by author
D;D649.G3A8-.G3Z;General works
D;D650.A-Z;Other special, A-Z
D;D650.B7;Bridges of the Rhine
D;D650.D5;Disarmament (German)
D;D650.I6;Inter-allied Military Commission of Control in Germany
D;D650.J4;Jews
D;D650.M5;Military occupation of the Rhine
D;D650.R8;Ruhr River and Valley
D;D650.T4;Territorial questions
D;D651.A-Z;Individual regions or countries, A-Z
D;D651.A42;Africa, German Southwest
D;D651.A5;Albania and Epirus
D;D651.A7;Armenia
D;D651.A95;Austria
D;D651.A98;Azerbaijan
D;D651.B2;Baltic provinces
D;D651.B25;Banat
D;D651.B3;Belgium
D;D651.B4;Bessarabia
D;D651.B8;Bulgaria
D;D651.C3;Cameroons
D;D651.C4;General works
D;D651.C5;Relations of America to Shantung
D;D651.C6;Relations of Japan to Shantung
D;D651.C7A-.C7Z;Relations of other countries, A-Z
D;D651.C75;Circassia
D;D651.C78;Croatia
D;D651.C8;Cuba
D;D651.C9;Czechoslovakia
D;D651.D3;Dalmatia
D;D651.E3;Egypt
D;D651.E8;Estonia
D;D651.F5A1-.F5A29;Collections
D;D651.F5A4-.F5Z;Other
D;D651.F6A6-.F6Z;Nonofficial works
D;D651.F7;Relations of other countries to France
D;D651.G18;Galicia
D;D651.G2;Georgia (Transcaucasia)
D;D651.G3A2;Collections
D;D651.G4;Görz
D;D651.G5A1-.G5A29;Collections
D;D651.G5A4-.G5Z;Other
D;D651.G6A6-.G6Z;Nonofficial works
D;D651.G7;Relations of other countries to Great Britain
D;D651.G8;Greece. Unredeemed Greeks
D;D651.H7;Hungary
D;D651.I5;Istria
D;D651.I6A1-.I6A29;Collections
D;D651.I6A4-.I6Z;Other
D;D651.I7A6-.I7Z;Nonofficial works
D;D651.I8;Relations of other countries to Italy
D;D651.J3A1-.J3A29;Collections
D;D651.J3A4-.J3Z;Other
D;D651.J4A6-.J4Z;Nonofficial works
D;D651.J5;Relations of other countries to Japan
D;D651.K87;Kurdistan
D;D651.L4;Latvia. Letts
D;D651.L45;Lebanon
D;D651.L5;Lithuania
D;D651.L8;Luxemburg
D;D651.M3;Macedonia
D;D651.M4;Mesopotamia
D;D651.M7;Montenegro
D;D651.N3;Nauru
D;D651.N5;Nicaragua
D;D651.P2;Pacific Islands, German
D;D651.P3;Palestine
D;D651.P4;Persia
D;D651.P7;Poland
D;D651.P75;Portugal
D;D651.P8;Posen
D;D651.P89;Prussia, East
D;D651.P9;Prussia, West
D;D651.R6;Romania
D;D651.R8;Russia
D;D651.R9;Ruthenia
D;D651.S13;Saar Valley
D;D651.S3;Samoa
D;D651.S4;Schleswig
D;D651.S5;Silesia (Upper)
D;D651.S53;Slovenia
D;D651.S7;Styria
D;D651.S9;Syria
D;D651.T5;Thrace
D;D651.T7;Togoland
D;D651.T8;Transylvania
D;D651.T85;Trieste
D;D651.T9;Turkey
D;D651.T95;Tyrol
D;D651.U6;Ukraine
D;D651.Y8;General works
D;D651.Y9A-.Y9Z;Relations of other countries to Yugoslavia, A-Z
D;D652;Sources and documents
D;D653;General works
D;D655;Other
D;D657;General works
D;D658.A-.W;By state, A-W
D;D658.C2;California
D;D658.I6;Indiana
D;D658.M4;Massachusetts
D;D658.M5;Michigan
D;D658.N6;North Carolina
D;D659.A-Z;Other regions or countries, A-Z
D;D663;General works
D;D665;Other
D;D670;General works
D;D671;Veterans Day (Armistice Day) services and addresses
D;D673.A-.W;States, A-W
D;D675.A-Z;Cities, A-Z
D;D675.W2;Washington, D.C. Tomb of the Unknown Soldier
D;D680.A-Z;Other regions or countries, A-Z
D;D720;General works
D;D723;General special
D;D725;Essays, etc.
D;D726;General works
D;D726.5;Fascism
D;D726.7;General works
D;D726.72.A-Z;Individual elements in the population not limited to special territorial divisions, A-Z
D;D726.72.G47;Germans
D;D726.72.M87;Muslims
D;D726.72.R87;Russians
D;D726.72.Y46;Yeniche
D;D726.8;Military history
D;D727;Political and diplomatic history
D;D728;Rome-Berlin axis
D;D731;Periodicals. Serials. Collections
D;D732;Societies
D;D733.A1;General works
D;D733.A2-Z;By region or country, A-Z
D;D733.D39;General works
D;D733.D4C65;Copenhagen. Museet for Danmarks frihedskamp 1940-1945
D;D734.A1;General works
D;D734.A2-Z;Individual congresses, conferences, etc.
D;D735.A1;Collection and preservation of war records
D;D735.A7;Atlantic Declaration, August 14, 1941
D;D736;Collective
D;D739;Collected works
D;D740;Dictionaries
D;D741;General works
D;D742.A-Z;By region or country, A-Z
D;D743;General works
D;D743.2;Pictorial works
D;D743.22;Films, slides, etc. Catalogs
D;D743.23;Motion pictures about the war
D;D743.25;Posters
D;D743.27;Collectibles
D;D743.4;Study and teaching
D;D743.42;Historiography
D;D743.5;Outlines, syllabi, tables, etc.
D;D743.6;Examinations, questions, etc.
D;D743.7;Juvenile works. Elementary textbooks
D;D743.9;Pamphlets, addresses, sermons, etc.
D;D744;General special
D;D744.4;General works
D;D744.5.A-Z;By region or country, A-Z
D;D744.55;Psychological aspects
D;D744.6;General works
D;D744.7.A-Z;By region or country, A-Z
D;D745;General works
D;D745.2;English
D;D745.3;French
D;D745.5;German
D;D745.7.A-Z;Other languages, A-Z
D;D745.7.I8;Italian
D;D745.7.P6;Polish
D;D745.7.R9;Russian
D;D747;Guides to the battlefields
D;D748;General works
D;D749;General special. Neutrality
D;D749.5.A-Z;Separate treaties during the war, A-Z
D;D749.5.A5;Anglo-Soviet treaty, May 26, 1942
D;D749.5.A55;Anti-Comintern pact
D;D749.5.G7;Great Britain-Poland mutual assistance treaty, August 25, 1939
D;D749.5.R8;Russo-German treaty, August 23, 1939
D;D749.5.U6;United States-Iraq mutual aid treaty, July 31, 1945
D;D750;Great Britain
D;D751;Germany
D;D752;France
D;D752.8;The Americas. Neutrality
D;D753;General works
D;D753.2.A-Z;Mutual aid (Lend-lease) agreements. By region or country, A-Z
D;D753.3;Enemy conspiracies, propaganda, espionage, etc.
D;D753.7;Asian Americans and the war
D;D753.8;Japanese Americans and the war
D;D754.A-Z;Other regions, countries, or groups of countries, A-Z
D;D754.A34;Africa
D;D754.A46;Alps, Western
D;D754.B36;Balkan Peninsula
D;D754.I5;General works
D;D754.I6;Irish Free State
D;D754.I7;Northern Ireland
D;D754.N34;Near East
D;D754.S29;Scandinavia
D;D754.Y9;Yugoslavia
D;D755;General works
D;D755.1;September 1939-May 1940
D;D755.2;1940
D;D755.3;1941
D;D755.4;1942
D;D755.5;1943
D;D755.6;1944
D;D755.7;General works
D;D755.8;VE Day to VJ Day
D;D756;General works
D;D756.3;General special
D;D756.5.A-Z;Individual campaigns, battles, etc., A-Z
D;D756.5.A7;Ardennes, Battle of the, 1944-1945
D;D756.5.A78;Arras, Battle of, 1940
D;D756.5.C2;Calais, Battle of, 1940
D;D756.5.D5;Dieppe raid, 1942
D;D756.5.D8;Dunkirk, France, Battle of, 1940
D;D756.5.M4;Meuse, Battle of the, 1940-
D;D756.5.V3;Verdun, Battle of, 1940
D;D757;General works
D;D757.1;Armies
D;D757.2;Army Corps
D;D757.3;General works
D;D757.32.A-Z;Divisions, regiments, etc. By author, A-Z
D;D757.39;General works
D;D757.4.A-Z;Divisions, regiments, etc. By author, A-Z
D;D757.5;Artillery
D;D757.53;Anti-aircraft artillery
D;D757.54;General works
D;D757.55.A-Z;Divisions, regiments, etc. By name, A-Z
D;D757.55.R6;"""Die roten Teufel"""
D;D757.56;Individual divisions. By number
D;D757.565;Individual corps. By number
D;D757.57;Individual regiments. By number
D;D757.58;Individual battalions. By number
D;D757.6;Airborne troops
D;D757.63;Parachute troops
D;D757.64;Motorcycle troops
D;D757.65;Signal Corps (Nachrichten truppen)
D;D757.66;Reconnaissance troops
D;D757.8;Engineers
D;D757.83;Nebeltruppe
D;D757.85;Waffenschutzstaffel of the Nazi Party (Waffen SS)
D;D757.855;Technische Truppen
D;D757.9.A-Z;Local, A-Z
D;D757.9.H3;Hamburg
D;D759;General works
D;D759.5;Divisions, regiments, etc. By number
D;D759.52;Artillery
D;D759.523;Anti-Aircraft Command
D;D759.527;Light Anti-Aircraft Artillery regiments
D;D759.528;Armored divisions, regiments, etc.
D;D759.53;Infantry
D;D759.54;Cavalry
D;D759.55;Engineers
D;D759.6;General works
D;D759.63;Parachute troops
D;D760.A-Z;Special, by region or name, A-Z
D;D760.A1;Colonies (General)
D;D760.A8;Auxiliary territorial service
D;D760.D4;Devonshire Regiment
D;D760.I7;Irish Guards
D;D760.P5;Pioneer Corps
D;D760.R7;Royal Armoured Corps
D;D760.8.A-Z;Local history, A-Z
D;D760.8.B3;Bath
D;D760.8.B4;Belfast
D;D760.8.B7;Bristol
D;D760.8.C6;Coventry
D;D760.8.D6;Dover
D;D760.8.E3;East Downing
D;D760.8.E7;Essex
D;D760.8.E88;Exeter
D;D760.8.K4;Kent
D;D760.8.L6;Liverpool
D;D760.8.L7;London
D;D760.8.M3;Manchester
D;D760.8.S75;Stepney (Middlesex)
D;D761;General works
D;D761.1;Armies
D;D761.15;Army Corps
D;D761.2;Divisions
D;D761.3;General works
D;D761.38;Zouaves
D;D761.5;Chasseurs. Chasseurs alpins
D;D761.6;Artillery
D;D761.7;Parachute troops
D;D761.9.A-Z;Other, A-Z
D;D761.9.A1;Colonies (General)
D;D761.9.F7;France combattante. French volunteer force. Free French forces
D;D761.9.P6;Polish forces
D;D762.A-Z;Local history, A-Z
D;D762.P3;Paris
D;D763.A-Z;Other regions or countries, A-Z
D;D763.B4;General works
D;D763.B41;By number
D;D763.B415;By name
D;D763.B42A-.B42Z;Local history, A-Z
D;D763.D4;General works
D;D763.D413;Divisions, regiments, etc. (Not A-Z)
D;D763.D42A-.D42Z;Local history, A-Z
D;D763.I2;Iceland
D;D763.I8;General works
D;D763.I813A-.I813Z;Divisions, regiments, etc. By author, A-Z
D;D763.I815;General works
D;D763.I817A-.I817Z;Divisions, brigades, A-Z
D;D763.I82A-.I82Z;Local history, A-Z
D;D763.L9;Luxembourg
D;D763.M3;Malta
D;D763.N4;General works
D;D763.N41;Divisions, regiments, etc. (not A-Z)
D;D763.N42A-.N42Z;Local history, A-Z
D;D763.N6;General works
D;D763.N613A-.N613Z;Divisions, regiments, etc. By author, A-Z
D;D763.N62A-.N62Z;Local history, A-Z
D;D763.S5;Sicily
D;D763.5;Arctic regions
D;D764;General works. Soviet Union (General)
D;D764.3.A-Z;Individual campaigns, battles, etc., A-Z
D;D764.3.L4;Leningrad, Siege of, 1941-1944
D;D764.3.M6;Moscow, Battle of, 1941-1942
D;D764.3.S7;Stalingrad, Battle of, 1942-1943
D;D764.6;Divisions, regiments, etc. (not A-Z)
D;D764.7.A-Z;Local history, A-Z
D;D764.7.K5;Klintsy
D;D765;General works
D;D765.13;Divisions, regiments, etc. (not A-Z)
D;D765.2.A-Z;Local history, A-Z
D;D765.2.W3;Warsaw
D;D765.2.W7;Wrocław (Breslau)
D;D765.3;General works
D;D765.32;Divisions, regiments, etc. (not A-Z)
D;D765.35.A-Z;Local history, A-Z
D;D765.4;General works
D;D765.45.A-Z;Local history, A-Z
D;D765.45.V6;Vorarlberg
D;D765.5;General works
D;D765.53;Divisions, regiments, etc. (not A-Z)
D;D765.55.A-Z;Local history, A-Z
D;D765.55.P7;Prague
D;D765.56;General works
D;D765.562.A-Z;Local, A-Z
D;D765.562.B8;Budapest
D;D766;General works
D;D766.3;Greece
D;D766.32.A-Z;Local history, A-Z
D;D766.32.C4;Cephalonia
D;D766.4.A1-.A15;Societies
D;D766.4.A2;Collections
D;D766.4.A3-Z;General works
D;D766.413;Divisions, regiments, etc. (not A-Z)
D;D766.42.A-Z;Local history, A-Z
D;D766.6.A1-.A15;Societies
D;D766.6.A2;Collections
D;D766.6.A3-Z;General works
D;D766.613;Divisions, regiments, etc. (not A-Z)
D;D766.62.A-Z;Local history, A-Z
D;D766.62.Z3;Zagreb
D;D766.7.A-Z;Other regions or countries, A-Z
D;D766.7.A4;Albania
D;D766.7.C7;Crete
D;D766.7.S9;Syria
D;D766.8;General works
D;D766.82;North Africa
D;D766.83;Northeast Africa
D;D766.84;East Africa
D;D766.9;Egypt
D;D766.92;Ethiopia
D;D766.93;Libya
D;D766.95;Congo (Democratic Republic)
D;D766.96;French Equatorial Africa
D;D766.97;South Africa
D;D766.99.A-Z;Other regions or countries, A-Z
D;D766.99.A4;Algeria
D;D766.99.M3;Madagascar
D;D766.99.T8;Tunisia
D;D767;General works
D;D767.2;General works
D;D767.23;Divisions, regiments, etc. (not A-Z)
D;D767.25.A-Z;Local history, A-Z
D;D767.25.H6;Hiroshima
D;D767.25.N3;Nagasaki
D;D767.255;Korea
D;D767.3;China
D;D767.35;General works
D;D767.352.A-Z;Local history, A-Z
D;D767.352.S3;Saigon
D;D767.4;Philippines
D;D767.45;French Indochina
D;D767.47;Thailand
D;D767.5;Malay Peninsula
D;D767.55;Singapore
D;D767.6;General works
D;D767.63;Free India (Azad Hind), 1943-1945
D;D767.7;Indonesia
D;D767.8;General works
D;D767.813.A-Z;Divisions, regiments, etc. By author, A-Z
D;D767.82.A-Z;Local history, A-Z
D;D767.83.A-Z;Special topics, A-Z
D;D767.83.A26;Aboriginal Australians
D;D767.83.A98;Australians of Italian descent. Italian Australians. Italians
D;D767.85;General works
D;D767.851.A-Z;Divisions, regiments, etc. By author, A-Z
D;D767.852.A-Z;Local history, A-Z
D;D767.9;General works
D;D767.917;Gilbert Islands
D;D767.92;Hawaiian Islands
D;D767.94;Midway Islands
D;D767.95;New Guinea
D;D767.98;Solomon Islands
D;D767.99.A-Z;Other islands, A-Z
D;D767.99.G8;Guam
D;D767.99.I9;Iwo Jima
D;D767.99.M3;Marshall Islands
D;D767.99.N4;New Britain (Island)
D;D767.99.O45;Okinawa Island. Ryukyu Islands
D;D767.99.P4;Pelew Islands
D;D767.99.S3;Saipan
D;D768;General works
D;D768.15;General works
D;D768.153.A-Z;Divisions, regiments, etc. By author, A-Z
D;D768.154.A-Z;Local history, A-Z
D;D768.155.A-Z;Special topics, A-Z
D;D768.155.C34;Canadians of German descent. German Canadians. Germans
D;D768.155.C35;Canadians of Japanese descent. Japanese Canadians. Japanese
D;D768.18;General works
D;D768.2;Mexico
D;D768.3;Brazil
D;D768.7;Suriname
D;D768.9;Venezuela
D;D769.A1-.A15;Societies
D;D769.A2;Collections
D;D769.A5-Z;General works on participation in the war
D;D769.1;General special
D;D769.15;Pamphlets, etc.
D;D769.2;General special
D;D769.25;Headquarters, general staff, etc.
D;D769.255;Army Groups. By number
D;D769.26;Armies. By number
D;D769.27;Army Corps
D;D769.29;General works
D;D769.295.A-Z;By name, A-Z
D;D769.295.A5;Americal
D;D769.3;By number
D;D769.305;General works
D;D769.3053;By number
D;D769.3055;Armored regiments. By name
D;D769.3058;Reconnaissance battalions. By number
D;D769.306;Tank battalions. By number
D;D769.307;Tank destroyer battalions. By name
D;D769.308;First Cavalry Division
D;D769.309;Civil Affairs Division
D;D769.31;Regiments, combat teams, etc. By number
D;D769.32;General works
D;D769.325;Individual groups, squadrons, etc. By number
D;D769.33;General works
D;D769.335;By number
D;D769.337.A-Z;By name, A-Z
D;D769.339;General works
D;D769.34;Individual groups, battalions, etc. By number
D;D769.342;General works
D;D769.343;Individual battalions, etc. By number
D;D769.345;General works
D;D769.346;Individual battalions, etc. By number
D;D769.347;General works
D;D769.348;Individual battalions, etc. By number
D;D769.35;General works
D;D769.353;Individual battalions, companies, etc. By type
D;D769.36;General works
D;D769.363;Individual battalions, etc. By number
D;D769.369;General works
D;D769.37;Individual divisions. By number
D;D769.372;Individual regiments. By number
D;D769.375;Chaplain Corps
D;D769.39;Women's Army Corps
D;D769.4;Other
D;D769.45;General special
D;D769.5;Individual fleets. By number
D;D769.52.A-Z;Forces, divisions. By name, A-Z
D;D769.53;Task forces. By number
D;D769.535;General works
D;D769.537;Individual squadrons. By number
D;D769.54;General works
D;D769.542.A-Z;Individual bases. By place, A-Z
D;D769.542.G5;Guam
D;D769.55;General works
D;D769.552;Individual battalions. By number
D;D769.554;General works
D;D769.555;Individual units. By number
D;D769.585;Coast Guard Reserve (Temporary Reserve)
D;D769.59;Chaplain Corps
D;D769.597;Naval Reserve. Women's Reserve (WAVES)
D;D769.598;Coast Guard Reserve. Women's Reserve (SPARS)
D;D769.64;Sino-American Cooperative Organization
D;D769.73;General works
D;D769.733;Individual battalions, etc. By number
D;D769.74;General works
D;D769.743;Individual battalions, etc. By number
D;D769.75;General works
D;D769.753;Quartermaster base depots. By number
D;D769.76;Technical intelligence service
D;D769.77;General works
D;D769.775;Military Police
D;D769.8.A-Z;Special topics, A-Z
D;D769.8.A5;Alien enemies
D;D769.8.A6;Americans of Japanese descent. Japanese Americans. Japanese
D;D769.8.F6;General works
D;D769.8.F7A-.F7Z;Special nationalities, A-Z
D;D769.8.F7G4;German Americans
D;D769.8.F7I8;Italian Americans
D;D769.8.F7K67;Korean Americans
D;D769.8.F7M45;Mexican Americans
D;D769.8.F7Y84;Yugoslav Americans
D;D769.8.G68;Government-controlled communities
D;D769.8.H58;Hispanic Americans
D;D769.8.L6;Local government and the war
D;D769.8.P6;Political prisoners
D;D769.8.S5;Service flags
D;D769.8.T8;Trophies, Military
D;D769.85.A-Z;By region or state, A-Z
D;D769.85.A2;General works
D;D769.85.A21A-.A21Z;Local, A-Z
D;D769.85.A7;General works
D;D769.85.A71A-.A71Z;Local, A-Z
D;D769.85.A8;General works
D;D769.85.A81A-.A81Z;Local, A-Z
D;D769.85.C2;General works
D;D769.85.C21A-.C21Z;Local, A-Z
D;D769.85.C6;General works
D;D769.85.C61A-.C61Z;Local, A-Z
D;D769.85.C8;General works
D;D769.85.C81A-.C81Z;Local, A-Z
D;D769.85.D4;General works
D;D769.85.D41A-.D41Z;Local, A-Z
D;D769.85.D6;District of Columbia
D;D769.85.F5;General works
D;D769.85.F51A-.F51Z;Local, A-Z
D;D769.85.G4;General works
D;D769.85.G41A-.G41Z;Local, A-Z
D;D769.85.I2;General works
D;D769.85.I21A-.I21Z;Local, A-Z
D;D769.85.I3;General works
D;D769.85.I31A-.I31Z;Local, A-Z
D;D769.85.I6;General works
D;D769.85.I7A-.I7Z;Local, A-Z
D;D769.85.I8;General works
D;D769.85.I9A-.I9Z;Local, A-Z
D;D769.85.K2;General works
D;D769.85.K21A-.K21Z;Local, A-Z
D;D769.85.K4;General works
D;D769.85.K41A-.K41Z;Local, A-Z
D;D769.85.L6;General works
D;D769.85.L61A-.L61Z;Local, A-Z
D;D769.85.M2;General works
D;D769.85.M21A-.M21Z;Local, A-Z
D;D769.85.M3;General works
D;D769.85.M31A-.M31Z;Local, A-Z
D;D769.85.M4;General works
D;D769.85.M41A-.M41Z;Local, A-Z
D;D769.85.M5;General works
D;D769.85.M51A-.M51Z;Local, A-Z
D;D769.85.M6;General works
D;D769.85.M61A-.M61Z;Local, A-Z
D;D769.85.M7;General works
D;D769.85.M71A-.M71Z;Local, A-Z
D;D769.85.M8;General works
D;D769.85.M81A-.M81Z;Local, A-Z
D;D769.85.M9;General works
D;D769.85.M91A-.M91Z;Local, A-Z
D;D769.85.N19;General works
D;D769.85.N2A-.N2Z;Local, A-Z
D;D769.85.N22;General works
D;D769.85.N23A-.N23Z;Local, A-Z
D;D769.85.N25;General works
D;D769.85.N26A-.N26Z;Local, A-Z
D;D769.85.N3;General works
D;D769.85.N31A-.N31Z;Local, A-Z
D;D769.85.N33;General works
D;D769.85.N34A-.N34Z;Local, A-Z
D;D769.85.N4;General works
D;D769.85.N5A-.N5Z;Local, A-Z
D;D769.85.N8;General works
D;D769.85.N81A-.N81Z;Local, A-Z
D;D769.85.N9;General works
D;D769.85.N91A-.N91Z;Local, A-Z
D;D769.85.O3;General works
D;D769.85.O31A-.O31Z;Local, A-Z
D;D769.85.O5;General works
D;D769.85.O51A-.O51Z;Local, A-Z
D;D769.85.O8;General works
D;D769.85.O81A-.O81Z;Local, A-Z
D;D769.85.P4;General works
D;D769.85.P41A-.P41Z;Local, A-Z
D;D769.85.R4;General works
D;D769.85.R41A-.R41Z;Local, A-Z
D;D769.85.S6;General works
D;D769.85.S61A-.S61Z;Local, A-Z
D;D769.85.S7;General works
D;D769.85.S71A-.S71Z;Local, A-Z
D;D769.85.T2;General works
D;D769.85.T21A-.T21Z;Local, A-Z
D;D769.85.T4;General works
D;D769.85.T41A-.T41Z;Local, A-Z
D;D769.85.U8;General works
D;D769.85.U81A-.U81Z;Local, A-Z
D;D769.85.V5;General works
D;D769.85.V51A-.V51Z;Local, A-Z
D;D769.85.V8;General works
D;D769.85.V81A-.V81Z;Local, A-Z
D;D769.85.W3;General works
D;D769.85.W31A-.W31Z;Local, A-Z
D;D769.85.W4;General works
D;D769.85.W41A-.W41Z;Local, A-Z
D;D769.85.W6;General works
D;D769.85.W61A-.W61Z;Local, A-Z
D;D769.85.W8;General works
D;D769.85.W81A-.W81Z;Local, A-Z
D;D769.87.A-Z;Outlying possessions, A-Z
D;D769.87.A4;Aleutian Islands
D;D769.88.A-Z;Special nationalities, A-Z
D;D769.88.A7;Armenian
D;D770;General works. Battle of the Atlantic
D;D771;General works. Blockade
D;D772.A-Z;By engagement, ship, etc., A-Z
D;D772.A4;Altmark (Ship)
D;D772.A5;Anglo-Saxon (Steamship)
D;D772.A66;Ark Royal (Aircraft carrier)
D;D772.A7;Athenia (Steamship)
D;D772.B5;Bismarck (Battleship)
D;D772.D7;Dragon (Cruiser)
D;D772.F5;Firedrake (Destroyer)
D;D772.G7;Admiral Graf Spee (Battleship)
D;D772.H6;Hood (Battle cruiser)
D;D772.P4;Penelope (Cruiser)
D;D772.S25;San Demetrio (Tanker)
D;D772.3;Russo-German
D;D773;General works. Blockade. Patrol
D;D774.A-Z;By engagement, ship, etc., A-Z
D;D774.A7;Arkansas (Battleship)
D;D774.B57;Bismarck Sea, Battle of the, 1943
D;D774.B6;Boise (Cruiser)
D;D774.D3;Dashiell (Destroyer)
D;D774.D56;Dorchester (Ship)
D;D774.E5;Enterprise (Aircraft carrier)
D;D774.E7;Essex (Aircraft carrier)
D;D774.G3;General W.H. Gordon (Transport)
D;D774.H3;Hancock (Aircraft carrier)
D;D774.H4;Helena (Cruiser)
D;D774.H6;Hornet (Aircraft carrier)
D;D774.J3;Java Sea, Battle of the, 1942
D;D774.L4;Lexington (Aircraft carrier, 1st of the name)
D;D774.M3;Marblehead (Cruiser)
D;D774.M35;Maryland (Battleship)
D;D774.M5;Midway, Battle of, 1942
D;D774.N4;New Orleans (Cruiser)
D;D774.O3;O'Bannon (Destroyer)
D;D774.P7;Princess (Aircraft carrier)
D;D774.S3;Saratoga (Aircraft carrier)
D;D774.S318;Savo Island, Battle of, 1942
D;D774.S32;Savo Island (Aircraft carrier)
D;D774.S6;South Dakota (Battleship)
D;D774.T53;Ticonderoga (Antisubmarine warfare support aircraft carrier)
D;D775;General works
D;D775.5.A-Z;By engagement, ship, etc., A-Z
D;D775.5.S8;Sydney (Cruiser)
D;D777;General works
D;D777.5.A-Z;By engagement, ship, etc., A-Z
D;D779.A-Z;Other regions or countries, A-Z
D;D780;General works
D;D781;General works
D;D782.A-Z;By engagement, ship, etc., A-Z
D;D782.C6;City of Benares (Steamship)
D;D782.M6;Montevideo (Steamship)
D;D782.R6;Robin Moor (Steamship)
D;D783;General works
D;D783.5.A-Z;By engagement, ship, etc., A-Z
D;D783.5.C6;Coast guard reserve boat 3070
D;D783.5.S4;Seawolf (Submarine)
D;D783.5.S5;Silversides (Submarine)
D;D783.5.S8;Sturgeon (Submarine)
D;D783.6;General works
D;D783.7;By engagement, ship, etc. (not A-Z)
D;D784.A-Z;Other regions or countries, A-Z
D;D784.5;General works
D;D784.52.A-Z;By region or country, A-Z
D;D785;General works
D;D785.U57;General works
D;D785.U58A-.U58Z;By industry, A-Z
D;D785.U6;European War
D;D785.U63;Pacific War
D;D786;Great Britain
D;D787;Germany
D;D788;France
D;D790;General works
D;D790.2;General works
D;D790.22;Individual air forces. By number. Subarrange by author
D;D790.23;Individual divisions. By number. Subarrange by author
D;D790.24;Individual wings. By number. Subarrange by author
D;D790.244;General works
D;D790.2442;Individual bomber commands. By number. Subarrange by author
D;D790.2443;Individual fighter commands. By number. Subarrange by author
D;D790.25;General works
D;D790.252;Individual fighter groups. By number. Subarrange by author
D;D790.253;Individual bomber groups. By number. Subarrange by author
D;D790.254;Other. Subarrange by author
D;D790.26;General works
D;D790.262;Individual fighter squadrons. By number. Subarrange by author
D;D790.263;Individual bomber squadrons. By number. Subarrange by author
D;D790.264;Other. Subarrange by author
D;D790.3;General works
D;D790.33;Air groups (General)
D;D790.35;Individual air groups. By number. Subarrange by author
D;D790.37;General works
D;D790.373;Individual attack squadrons. By number. Subarrange by author
D;D790.375;Individual fighter squadrons. By number. Subarrange by author
D;D790.376;Individual patrol squadrons. By number. Subarrange by author
D;D790.378;Individual torpedo squadrons. By number. Subarrange by author
D;D790.4;General works
D;D790.43;General works
D;D790.433;Individual wings. By number. Subarrange by author
D;D790.45;General works
D;D790.453;Individual groups. By number. Subarrange by author
D;D790.47;General works
D;D790.473;Individual squadrons. Subarrange by author
D;D790.5;Women's Air Force Service Pilots (WASPs)
D;D792.A-Z;Other regions or countries, A-Z
D;D793;Tank operations
D;D794;Cavalry operations
D;D794.5;Commando operations
D;D795.A2;General works
D;D795.A3-Z;By region or country, A-Z
D;D796;General works
D;D796.5.A-Z;By region or country, A-Z
D;D797.A2;General
D;D797.A3-Z;By region or country, A-Z
D;D798;General works
D;D799.A-Z;By region or country, A-Z
D;D800;Economic aspects. Commerce, finance, etc. (General)
D;D801.A2;General works
D;D801.A3-Z;By region or country, A-Z
D;D801.F8;France
D;D802.A2;General works
D;D802.A3-Z;By region or country, A-Z
D;D802.C7-.C72;Croatia
D;D802.M3-.M32;Marshall Islands
D;D802.N7-.N72;Norway
D;D802.R95-.R952;Ruthenia
D;D802.S55-.S552;Sicily
D;D802.S67-.S672;Slovenia
D;D802.T7-.T72;Tripolitania
D;D803;General works
D;D804.A-Z;By region or country committing atrocity, A-Z
D;D804.15;Periodicals. Societies. Serials
D;D804.17;General works
D;D804.175.A-Z;Individual. By city, A-Z
D;D804.177;Holocaust Remembrance Day. Days of Remembrance of the Victims of the Shoah
D;D804.18;Congresses
D;D804.19;Sources and documents
D;D804.195;Collective
D;D804.196;Individual not limited by place, A-Z
D;D804.25;Dictionaries. Chronological tables, outlines, etc.
D;D804.3;General works
D;D804.32;Pictorial works
D;D804.33;Study and teaching
D;D804.34;Juvenile literature
D;D804.348;Historiography
D;D804.35;Holocaust denial literature
D;D804.355;Holocaust denial. Criticism of Holocaust denial literature
D;D804.44;General works
D;D804.45.A-Z;By region or country, A-Z
D;D804.47;Women
D;D804.48;Children
D;D804.49;Scholars. Scientists
D;D804.5.A-Z;Other victim groups, A-Z
D;D804.5.B55;Black people
D;D804.5.C37;Catholics
D;D804.5.C45;Children (General)
D;D804.5.C47;Christians (General)
D;D804.5.C65;College teachers
D;D804.5.G38;Gays
D;D804.5.G85;Gypsies. Romanies
D;D804.5.H35;Handicapped. People with disabilities
D;D804.5.J44;Jehovah's Witnesses
D;D804.5.J46;Jesuits
D;D804.5.J48;Jewish Christians
D;D804.5.W65;Women (General)
D;D804.6;General works
D;D804.65;General works
D;D804.66.A-Z;Individual, A-Z
D;D804.7.A-Z;Other topics, A-Z
D;D804.7.D43;Death marches
D;D804.7.E26;Economic aspects
D;D804.7.M67;Moral and ethical aspects
D;D804.7.P73;Press coverage
D;D804.7.R45;Religious aspects
D;D805.A1;Periodicals and societies
D;D805.A2;General works
D;D805.A3-Z;By individual regions or countries, A-Z
D;D805.5.A-Z;Individual prisons, camps, etc. By name, A-Z
D;D805.5.A96;Auschwitz
D;D805.6.A-Z;Special topics, A-Z
D;D805.6.B76;Brothels
D;D805.6.L35;Language
D;D805.6.S66;Sports
D;D805.6.T38;Tattoos
D;D805.6.T44;Theater
D;D805.6.U55;Uniforms
D;D806;General works
D;D807.A-Z;By region or country, A-Z
D;D807.A8;Australia
D;D807.H3;Hawaii
D;D807.U6;General works
D;D807.U62A-.U62W;By state, A-W
D;D808;General works
D;D809.A-Z;By region or country, A-Z
D;D809.B4;Belgium
D;D809.U5;United States
D;D810.A-Z;Other special topics, A-Z
D;D810.A53;Aleuts
D;D810.A6;Anarchism. Anarchists
D;D810.A65;Animals in the war
D;D810.A67;Antiquities
D;D810.A7;Art and the war
D;D810.A75;Astrology
D;D810.A79;Athletes
D;D810.B3;Bacterial warfare
D;D810.B37;Basques
D;D810.B53;Black people. African Americans
D;D810.B55;Blind
D;D810.B66;Bomb reconnaissance
D;D810.B7;Boy Scouts
D;D810.B83;General works
D;D810.B839;Zen Buddhism
D;D810.C2;Camouflage
D;D810.C26;Cartography
D;D810.C27;Catalans
D;D810.C35;General works
D;D810.C36A-.C36Z;By region or country, A-Z
D;D810.C36U6;United States
D;D810.C38;Chemical warfare
D;D810.C4;Children. Orphans
D;D810.C5;General works
D;D810.C53;Adventists
D;D810.C56;Baptists
D;D810.C6;Catholic Church
D;D810.C62;Church of Christ, Scientist
D;D810.C63;Church of the Brethren
D;D810.C64;Evangelical and Reformed Church
D;D810.C65;Friends, Society of
D;D810.C66;Lutheran Church
D;D810.C665;Mennonites
D;D810.C67;Methodist Church
D;D810.C674;Nihon Kirisuto Kyōdan
D;D810.C6745;Orthodox Eastern Church
D;D810.C68;Presbyterian Church
D;D810.C69;Civil defense
D;D810.C696;Collaboration
D;D810.C698;Comfort women
D;D810.C7;Communications
D;D810.C8;Confiscation
D;D810.C82;Conscientious objectors. War resisters. Draft resisters
D;D810.C83;Cossacks
D;D810.C85;Counterfeiting
D;D810.C88;Cryptography
D;D810.D4;Dead, Care of. Repatriation of the dead. Burial. Cemeteries
D;D810.D5;Deportation
D;D810.D57;Desertions
D;D810.D6;Destruction and pillage
D;D810.E2;General works
D;D810.E3;General works
D;D810.E4A-.E4W;By state, A-W
D;D810.E45A-.E45Z;By college, school, etc., A-Z
D;D810.E46A-.E46Z;By fraternity, A-Z
D;D810.E5A-.E5Z;Other regions or countries, A-Z
D;D810.E6;Elks, Benevolent and Protective Order of
D;D810.E8;Entertainment and recreation for soldiers
D;D810.E94;Executions
D;D810.F83;Fuel supplies
D;D810.G39;Gays. Gay military participation
D;D810.G57;Girl Scouts
D;D810.G6;Governments in exile
D;D810.G9;Gypsies. Romanies. Romani military participation
D;D810.I5;Indians
D;D810.I53;Indigenous peoples
D;D810.J4;Jews. Jewish military participation
D;D810.L4;Lawyers and the war
D;D810.L53;Libraries
D;D810.L64;General works
D;D810.L642A-.L642Z;By region or country, A-Z
D;D810.M42;Meteorology
D;D810.M8;Muslims
D;D810.N2;General works
D;D810.N3A-.N3Z;By region or country, A-Z
D;D810.P4;Photography
D;D810.P53;Pigeons
D;D810.P6;General works
D;D810.P7A-.P7Z;By region or country, A-Z
D;D810.P75;Prophecies
D;D810.P76;Protest movements
D;D810.P8;General works
D;D810.P85A-.P85Z;By region or country, A-Z
D;D810.R3;Race problems
D;D810.R33;Radio, radar, etc.
D;D810.R6;Rotary International
D;D810.S2;Science and technology
D;D810.S42;General works
D;D810.S45A-.S45Z;By region or country, A-Z
D;D810.S46;Sex
D;D810.S47;Shinto
D;D810.S48;Sikhs
D;D810.S5;Slavs
D;D810.S6;Socialism
D;D810.S65;Spaniards
D;D810.S7;General works
D;D810.S8A-.S8Z;Individual spies, A-Z
D;D810.T37;Tatars
D;D810.T4;Temperance
D;D810.T8;Transportation
D;D810.T95;Tyroleans
D;D810.V4;General works
D;D810.V42A-.V42Z;By region or country, A-Z
D;D810.V45;Veterinary service
D;D810.W7;Women
D;D810.Y7;Young Men's Christian Association. Young Women's Christian Association
D;D810.Y74;Youth
D;D811.A2;Collections
D;D811.A3-Z;Individual, A-Z
D;D811.5;Narratives by noncombatants
D;D812;General works
D;D813.A-Z;By region or country, A-Z
D;D814;General works
D;D814.1;Germany
D;D814.2;Italy
D;D814.3;Japan
D;D814.4;General works
D;D814.413;Meeting in London, September 11-October 2, 1945
D;D814.415;Meeting in Moscow, December 16-26, 1945
D;D814.42;Meeting in Paris, April, 1946
D;D814.425;Meeting in Paris, June 15-July 1946
D;D814.43;Meeting in New York, November-December, 1946
D;D814.44;Meeting in Moscow, March 10-April 24, 1947
D;D814.45;Meeting in London, November 25-December 16, 1947
D;D814.46;Meeting in Paris, May 23-June 20, 1949
D;D814.47;Meeting in Berlin, January 25-February 18, 1954
D;D814.55;Collections
D;D814.56;General works
D;D814.565;Paris Conference, July 29-October 15, 1946
D;D814.6;Germany
D;D814.7;Italy
D;D814.8;Japan
D;D814.9.A-Z;Other countries, A-Z
D;D815;General works
D;D816;General special
D;D816.5;Pamphlets, etc.
D;D818;General works
D;D819.A-Z;By region or country, A-Z
D;D820.A-Z;Other special topics, A-Z
D;D820.D5;Disarmament
D;D820.P7;General works
D;D820.P72A-.P72Z;By nationality, A-Z
D;D820.T4;Territorial questions
D;D821.A-Z;By country, groups of countries, etc., A-Z
D;D821.L4;Levant
D;D821.L5;Lithuania
D;D821.P3;Palestine
D;D821.T8;Transylvania
D;D821.Y8;Yugoslavia
D;D824;Sources and documents
D;D825;General works
D;D826;Pamphlets, etc.
D;D827;General works
D;D828.A-.W;By state, A-W
D;D829.A-Z;Other countries or groups of countries, nationalities, etc., A-Z
D;D829.A33;Africa, South
D;D829.D8;Dutch East Indies
D;D829.E2;East Asia
D;D829.J4;Jews
D;D829.L5;Lithuania
D;D829.P3;Palestine
D;D830;General works
D;D831;Other
D;D833;General works
D;D835.A-.W;By state, A-W
D;D836.A-Z;By city, A-Z
D;D838.A-Z;Other regions or countries, A-Z
D;D838.G6;General works
D;D838.G7A-.G7Z;Local, A-Z
D;D839;Periodicals. Societies. Serials
D;D839.2;Congresses. Conferences, etc.
D;D839.3;Sources and documents
D;D839.5;General works
D;D839.66;Queens, princesses, etc.
D;D839.7.A-Z;Individual, A-Z
D;D840;General works
D;D842;General special
D;D842.2;Military history
D;D842.3;Naval history
D;D842.4;General works
D;D842.42.A-Z;Individual elements in the population not limited to special territorial divisions, A-Z
D;D842.42.M87;Muslims
D;D842.5;General works
D;D843;General works
D;D844;Pamphlets, etc.
D;D845;North Atlantic Treaty, 1949
D;D845.2;North Atlantic Treaty Organization
D;D847;Soviet bloc. Communist countries
D;D847.2;Warsaw pact, 1955
D;D848;General works
D;D849;General works
D;D849.5;Pamphlets, etc.
D;D850;Soviet bloc. Communist countries
D;D856;General works
D;D857;Social life and customs. Civilization. Intellectual life
D;D858;Military history
D;D860;Political and diplomatic history
D;D861;Periodicals. Societies. Serials
D;D861.3;Congresses
D;D861.4;Sources and documents
D;D861.5;Dictionaries
D;D861.6;Historiography
D;D862;General works
D;D862.3;Social life and customs. Civilization. Intellectual life
D;D862.5;Military history
D;D862.7;Naval history
D;D863;Political history
D;D863.3;Foreign and general relations
D;D863.5;Collective
D;D863.7.A-Z;Individual, A-Z
D;D880;Periodicals. Societies. Serials
D;D881;Congresses
D;D882;Sources and documents
D;D883;General works
D;D887;General works
D;D888.A-Z;Relations with individual countries, A-Z
D;D890;Periodicals. Societies. Serials
D;D891;General works
D;D892;Description
D;D893;History
D;D900;Geography
D;D901;Periodicals. Collections
D;D904;Gazetteers
D;D905;Place names (General)
D;D907;General works
D;D908;Directories
D;D909;Guidebooks
D;D910;Pamphlets, etc.
D;D910.5;Monumental and picturesque. Castles, halls, cathedrals, etc. Views
D;D911;Through 1450
D;D913;1451-1600
D;D915;1601-1700
D;D917;1701-1800
D;D919;1801-1900
D;D921;1901-1950
D;D922;1951-1970
D;D923;1971-
D;D965;Northern Europe
D;D965.5;North Sea
D;D966;Baltic Sea
D;D967;Western Europe
D;D971;Adriatic Sea
D;D972;East-northern Mediterranean. Adriatic and Aegean
D;D973;General Mediterranean
D;D974;Southern Europe
D;D975;Old World (Europe, including Egypt and Palestine)
D;D980;Juvenile travel
D;D990;Ethnography
D;D1050;Periodicals. Sources and documents. Collections
D;D1050.5;Congresses. Conferences, etc.
D;D1050.8;General works
D;D1050.82.A-Z;By region or country, A-Z
D;D1051;General works
D;D1053;General special
D;D1055;Social life and customs. Civilization. Intellectual life
D;D1056;General works
D;D1056.2.A-Z;Individual elements in the population not limited to special territorial divisions, A-Z
D;D1056.2.A38;Africans
D;D1056.2.A43;Algerians
D;D1056.2.A7;Arabs
D;D1056.2.A94;Azerbaijanis
D;D1056.2.B55;Black people
D;D1056.2.B73;Brazilians
D;D1056.2.C54;Chechens
D;D1056.2.C55;Chinese
D;D1056.2.C94;Czechs
D;D1056.2.F75;Frisians
D;D1056.2.G35;Galicians (Spain)
D;D1056.2.G45;Germans
D;D1056.2.G73;Greeks
D;D1056.2.I73;Iranians
D;D1056.2.I75;Irish
D;D1056.2.I82;Italians
D;D1056.2.I95;Ivoirians
D;D1056.2.K67;Koreans
D;D1056.2.K68;Kosovans
D;D1056.2.K87;Kurds
D;D1056.2.L38;Latin Americans
D;D1056.2.M67;Moroccans
D;D1056.2.M87;Muslims
D;D1056.2.P64;Poles
D;D1056.2.P67;Portuguese
D;D1056.2.R65;Romanians
D;D1056.2.S47;Serbs
D;D1056.2.S55;Sikhs
D;D1056.2.S94;Syriac Christians
D;D1056.2.T38;Tatars
D;D1056.2.T87;Turks
D;D1056.2.U38;Ukrainians
D;D1056.2.W34;Walsers
D;D1056.2.Y83;Yugoslavs
D;D1058;General works
D;D1060;European federation
D;D1065.A-Z;Relations with regions and countries, A-Z
D;D1065.U5;United States
D;D1070;General works
D;D1071;Women
D;D1072;Public men
D;D1073;Rulers, kings, etc.
D;D1074;Queens, princesses, etc.
D;D1075.A-Z;Individual, A-Z
D;D2001;Congresses
D;D2003;General works
D;D2009;Political history
D;D2010;General works
D;D2010.5.A-Z;Relations with individual regions or countries, A-Z
D;D2010.5.A78;Asia
D;D2010.5.U6;United States
D;D2015;Periodicals. Societies. Serials
D;D2016;Congresses
D;D2017;Sources and documents
D;D2018;Dictionaries
D;D2019;Historiography
D;D2020;General works
D;D2021;Social life and customs. Civilization. Intellectual life
D;D2022;Military history
D;D2023;Naval history
D;D2024;Political history
D;D2025;General works
D;D2025.5.A-Z;Relations with individual regions or countries, A-Z
D;D2025.5.U64;United States
D;D2026;Collective
D;D2027.A-Z;Individual, A-Z
DA;DA1;General works
DA;DA3.A1;Collective
DA;DA3.A2-Z;Individual, A-Z
DA;DA3.F9;Froude, James Anthony
DA;DA3.M3;Macaulay, Thomas Babington Macaulay, baron
DA;DA4;Study and teaching
DA;DA10;Periodicals. Societies. Collections
DA;DA10.5;General works
DA;DA11;Description and travel
DA;DA13;Historical geography
DA;DA16;History
DA;DA16.8;Collective
DA;DA17.A-Z;Individual, A-Z
DA;DA17.D9;Dufferin and Ava, Frederick Temple Hamilton-Temple Blackwood, 1st Marquis of
DA;DA17.E4;Elgin, James Bruce, 8th Earl of
DA;DA17.M2;Maitland, Sir Thomas
DA;DA17.W4;Weld, Sir Frederick Aloysius
DA;DA18;General works
DA;DA18.2.A-Z;Relations with Commonwealth countries. By region or country, A-Z
DA;DA20;Periodicals. Societies
DA;DA22.A1;General works
DA;DA22.A2-Z;By city and museum, A-Z
DA;DA25.A2;Deputy Keeper. By date
DA;DA25.B1;Record Commission. By date
DA;DA25.B5;Chronicles. By number
DA;DA25.C1;Calendars. By date
DA;DA25.C3;Calendarium genealogicum. Genealogical abstracts of the Inquisitions post mortem,
DA;DA25.C58;Calendar of documents relating to Scotland preserved in Her Majesty's Public Record
DA;DA25.C6;Calendar of entries in the Papal Registers relating to Great Britain and Ireland 1198-
DA;DA25.C7;Registers of the Privy Council. 1542-1627
DA;DA25.C8;Charter Rolls. 11 Henry III to 28 Edward I. 1257-1516
DA;DA25.C91;Henry III. 1216-1272
DA;DA25.C915;Edward I. 1272-1307
DA;DA25.C917;Edward II. 1307-1327
DA;DA25.C919;Edward III. 1327-1377
DA;DA25.C92;Richard II. 1377-1399
DA;DA25.C922;Henry IV. 1399-1413
DA;DA25.C924;Henry V. 1413-1422
DA;DA25.C928;Henry VI. 1422-1461
DA;DA25.C93;Edward IV. 1461-1477
DA;DA25.C94;Edward IV, Edward V, Richard III. 1476-1485
DA;DA25.C945;Henry VII. 1485-1509
DA;DA25.C95;Edward VI. 1547-1553
DA;DA25.C952;Philip and Mary. 1553-1558
DA;DA25.C953;Elizabeth. 1558-1603
DA;DA25.D314;Henry III. 1227-1272
DA;DA25.D315;Edward I. 1272-1307
DA;DA25.D317;Edward II. 1307-1327
DA;DA25.D319;Edward III. 1327-1377
DA;DA25.D32;Richard II. 1377-1399
DA;DA25.D322;Henry IV. 1399-1413
DA;DA25.D324;Henry V. 1413-1422
DA;DA25.D325;Henry VI. 1422-1477
DA;DA25.D328;Edward IV. 1461-1476
DA;DA25.D3285;Edward IV, Edward V, Richard III. 1476-1485
DA;DA25.D3286;Henry VII. 1485-1500
DA;DA25.D329;Calendar of the Fine rolls preserved in the National Archives. 1216-1272
DA;DA25.D33;Calendar of the Fine rolls preserved in the Public Record Office. 1272-1509
DA;DA25.D36;Calender of the liberate rolls preserved in the Public Record Office. 1226-1272
DA;DA25.D37;Calender of Chancery warrants preserved in the Public Record Office. 1244-1326
DA;DA25.D38;Calendar of various Chancery rolls. 1277-1326
DA;DA25.D5;Henry III, Edward I, Edward II, Edward III
DA;DA25.D52;Henry III
DA;DA25.D6;Calendar of inquisitions miscellaneous (Chancery) preserved in the Public Record
DA;DA25.D7;Inquisitions and assessments relating to feudal aids. 1284-1431
DA;DA25.E1;Letters and Papers (Foreign and Domestic). Henry VIII. 1509-1546
DA;DA25.E3;Edward VI to James I and addenda. 1547-1625
DA;DA25.E5;Charles I. 1625-1649
DA;DA25.E7;Commonwealth. 1649-1660
DA;DA25.E9;Committee for the advance of money. 1642-1656
DA;DA25.F1;Committee for Compounding. 1643-1660
DA;DA25.F3;Charles II. 1660-1685
DA;DA25.F4;James II. 1685-1689
DA;DA25.F5;William and Mary. 1689-1695
DA;DA25.F52;William III. 1695-1702
DA;DA25.F6;Anne. 1702-1714
DA;DA25.F68;George I. 1714-1727
DA;DA25.F7;George III. 1760-1775
DA;DA25.G3;State Papers Scotland (and relating to Mary, Queen of Scots). 1509-1603
DA;DA25.G4;State Papers Scotland. 1688-1782
DA;DA25.G7;State Papers Ireland (and of the reigns of Henry VIII, Edward VI, Mary, Elizabeth).
DA;DA25.G9;State Papers Ireland (and of James I). 1603-1625
DA;DA25.G92;State Papers Ireland. 1625-1670
DA;DA25.H3;Calendar of state papers, foreign series, of the reign of Edward VI. 1547-1553
DA;DA25.H33;Calendar of state papers, foreign series, of the reign of Mary. 1553-1558
DA;DA25.H36;Calendar of state papers, foreign series, of the reign of Elizabeth. 1558-1580
DA;DA25.H4;Prospectus. Calendar of state papers, Colonial series
DA;DA25.H5;Calendar of state papers, Colonial series, 1574-1738
DA;DA25.H55;Journal of the commissioners for trade and plantations. 1704-1782
DA;DA25.H6;Acts of the Privy council of England. Colonial series. 1613-1783
DA;DA25.J1;Calendar of letters, despatches, and state papers relating to the negotiations
DA;DA25.J3;Calendar of letters and state papers relating to English affairs ... Simancas. 1558-
DA;DA25.J4;Calendar of state papers and manuscripts existing in the archives and collections of
DA;DA25.J5;Calendar of state papers and manuscripts relating to English affairs preserved ...
DA;DA25.J6;Calendar of Carew manuscripts, preserved in the archiepiscopal library at Lambeth.
DA;DA25.J7;Calendars of Treasury books and papers. 1556-1728
DA;DA25.J72;Calendars of Treasury books and papers. 1729-1745
DA;DA25.J76;Treasury Board papers. 1745-1800
DA;DA25.Z5;Other. By date
DA;DA26;Other collections
DA;DA27;Collected works of individual authors
DA;DA27.5;General works
DA;DA28;General works
DA;DA28.D4;Original. By date
DA;DA28.D52;Abridgment or condensed version. By date
DA;DA28.D525;Supplementary works. By date
DA;DA28.D53;Criticism, indexes
DA;DA28.1;Rulers, kings, etc.
DA;DA28.2;Queens
DA;DA28.3;Princes and princesses
DA;DA28.35.A1;Collective
DA;DA28.35.A2-Z;Individual, A-Z
DA;DA28.35.C45;Churchill family
DA;DA28.4;Public men
DA;DA28.7;Women
DA;DA28.8;Other classes
DA;DA28.9;Other
DA;DA30;General works
DA;DA32.A1;Compilations, anthologies, etc.
DA;DA32.A2-Z;General
DA;DA32.3;Pictorial works
DA;DA32.5;Source books
DA;DA32.7;Syllabi
DA;DA32.8;Stories
DA;DA32.9;Rhymes
DA;DA33;Comic and satiric works
DA;DA34;Dictionaries. Chronological tables, outlines, etc.
DA;DA35;Pamphlets, etc.
DA;DA40;General works
DA;DA41;Medieval
DA;DA42;Modern
DA;DA44;Special topics (not A-Z)
DA;DA45;General works
DA;DA47.1;France
DA;DA47.2;Germany
DA;DA47.3;Netherlands
DA;DA47.6;Rome
DA;DA47.65;Russia
DA;DA47.7;Scandinavia
DA;DA47.8;Spain
DA;DA47.9.A-Z;Other regions, A-Z
DA;DA49;Periodicals. Societies. Serials
DA;DA50;General works
DA;DA52;Dictionaries
DA;DA54;Biography (Collective)
DA;DA58;Roman
DA;DA59;Anglo-Saxon
DA;DA60;Medieval
DA;DA65;General works
DA;DA66;General works
DA;DA66.1.A1;Collective
DA;DA66.1.A2-Z;Individual, A-Z
DA;DA66.1.G2;Gage, Sir Henry
DA;DA67;General works
DA;DA67.1.A1;Collective
DA;DA67.1.A2-Z;Individual, A-Z
DA;DA67.1.W8;Wolfe, James
DA;DA68;General works
DA;DA68.12.A1;Collective
DA;DA68.12.A2-Z;Individual, A-Z
DA;DA68.12.M8;Moore, Sir John
DA;DA68.12.N2;Napier, Sir Charles James
DA;DA68.12.W4;Wellington, Arthur Wellesley, 1st Duke of
DA;DA68.22.A1;Collective
DA;DA68.22.A2-Z;Individual, A-Z
DA;DA68.22.C5;Clyde, Colin Campbell, Baron
DA;DA68.22.V5;Vicars, Hedley Shafto J.
DA;DA68.32.A1;Collective
DA;DA68.32.A2-Z;Individual, A-Z
DA;DA68.32.B2;Baden-Powell, Robert Stephenson S.B., Baron
DA;DA68.32.G5;Gordon, Sir Charles Alexander
DA;DA68.32.G6;Gordon, Charles George
DA;DA68.32.K6;Kitchener, Horatio Herbert K., 1st Earl
DA;DA68.32.R6;Roberts, Frederick Sleigh Roberts, 1st Earl
DA;DA68.32.W7;Wolseley, Garnet Joseph W., Viscount
DA;DA68.32.Y8;Ypres, John Denton P.F., 1st Earl of
DA;DA69;General works
DA;DA69.3.A1;Collective
DA;DA69.3.A2-Z;Individual, A-Z
DA;DA69.3.A57;Alexander, Harold Rupert L.G. Alexander, 1st Earl
DA;DA69.3.A6;Allenby, Edmund Henry H. Allenby, 1st Viscount
DA;DA69.3.H3;Haig, Douglas Haig, 1st Earl
DA;DA69.3.M56;Montgomery, Bernard Law Montgomery, 1st Viscount
DA;DA69.3.W37;Wavell, Archibald Percival Wavell, 1st Earl of
DA;DA70;General works
DA;DA72;Dictionaries
DA;DA74;Biography (Collective)
DA;DA77;General special
DA;DA80;Medieval
DA;DA85;General works
DA;DA86;General works
DA;DA86.1.A1;Collective
DA;DA86.1.B6;Blake, Robert
DA;DA86.21;Collective
DA;DA86.22.A-Z;Individual, A-Z
DA;DA86.22.C8;Cumberland, George Clifford, 3d Earl of
DA;DA86.22.D7;Drake, Sir Francis
DA;DA86.22.H3;Hawkins, Sir John
DA;DA86.22.R2;Raleigh, Sir Walter
DA;DA86.62;Later Stuart, 1660-1714
DA;DA86.8.A-Z;Individual battles, A-Z
DA;DA87;General works
DA;DA87.1.A1;Collective
DA;DA87.1.A2-Z;Individual, A-Z
DA;DA87.1.A6;Anson, George Anson, Baron
DA;DA87.1.B6;Bligh, William
DA;DA87.1.B8;Byng, John
DA;DA87.1.C7;Collingwood, Cuthbert Collingwood, Baron
DA;DA87.1.N4;Nelson, Horatio Nelson, Viscount
DA;DA87.1.S2;St. Vincent, John Jervis, Earl
DA;DA87.1.V5;Vernon, Edward
DA;DA87.5.A-Z;Individual battles, A-Z
DA;DA87.7;Other special
DA;DA88;General works
DA;DA88.1.A1;Collective
DA;DA88.1.A2-Z;Individual, A-Z
DA;DA88.1.B4;Beresford, Charles William D. Beresford, Baron
DA;DA88.1.D9;Dundonald, Thomas Cochrane, 10th Earl of
DA;DA88.1.G2;Gambier, James Gambier, Baron
DA;DA88.1.K3;Keppel, Sir Henry
DA;DA88.1.N2;Napier, Sir Charles
DA;DA88.1.P14;Paget, Lord Clarence Edward
DA;DA88.1.P6;Popham, Sir Home Riggs
DA;DA88.5;Individual battles. By date
DA;DA89;General works
DA;DA89.1.A1;Collective
DA;DA89.1.A2-Z;Individual, A-Z
DA;DA89.1.B4;Beatty, David Beatty, 1st Earl
DA;DA89.1.F5;Fisher, John Arbuthnot Fisher, Baron
DA;DA89.1.J4;Jellicoe, John Rushworth Jellicoe, 1st Earl
DA;DA89.5;General works
DA;DA89.6.A1;Collective
DA;DA89.6.A2-Z;Individual, A-Z
DA;DA89.6.J6;Joubert de la Ferté, Sir Philip Bennet
DA;DA90;General works
DA;DA92;Collective
DA;DA93.A-Z;Individual, A-Z
DA;DA93.B7;Britton, John
DA;DA93.S64;Smith, Charles Roach
DA;DA100;Monumental
DA;DA110;General works
DA;DA111;Court life
DA;DA112;Coronations, regalia, ritual, etc.
DA;DA115;Other special
DA;DA118;National characteristics. Patriotism
DA;DA120;General works
DA;DA123;British in foreign countries (General)
DA;DA125.A1;General works. Minorities. Race question
DA;DA125.A2-Z;By element, A-Z
DA;DA125.A34;Afghans
DA;DA125.A6;Americans (U.S.)
DA;DA125.A72;Arabs
DA;DA125.A84;Asians
DA;DA125.A9;Australians
DA;DA125.B45;Belarusians
DA;DA125.B53;Black people
DA;DA125.C4;Celts
DA;DA125.C5;Chinese
DA;DA125.C85;Cypriots
DA;DA125.C9;Czechs
DA;DA125.D3;Danes
DA;DA125.F7;French
DA;DA125.G4;Germans
DA;DA125.G63;Goans
DA;DA125.G7;Greeks
DA;DA125.H84;Huguenots
DA;DA125.I68;Iranians
DA;DA125.I69;Iraqis
DA;DA125.I7;Irish
DA;DA125.I85;Italians
DA;DA125.J36;Japanese
DA;DA125.J8;Jutes
DA;DA125.L36;Latvians
DA;DA125.L58;Lithuanians
DA;DA125.M38;Mauritians
DA;DA125.M87;Muslims
DA;DA125.P6;Polish people
DA;DA125.Q34;Quakers
DA;DA125.R65;Romanians
DA;DA125.R8;Russians
DA;DA125.S3;Scots
DA;DA125.S56;Somalis
DA;DA125.S57;South Asians
DA;DA125.S62;Spaniards
DA;DA125.S88;Swedes
DA;DA125.S9;Swiss
DA;DA125.T87;Turks
DA;DA125.U38;Ukrainians
DA;DA125.V53;Vietnamese
DA;DA125.W4;West Indians
DA;DA125.Y45;Yemenis
DA;DA125.Y74;Yugoslavs
DA;DA125.Z56;Zimbabweans
DA;DA129;Dictionaries
DA;DA129.5;Historiography
DA;DA130;General works
DA;DA134;Sources and documents
DA;DA135;General works
DA;DA140;General works
DA;DA141;General special
DA;DA142;Stonehenge
DA;DA143.A-Z;Other local, A-Z
DA;DA145;General works
DA;DA145.2;Collective
DA;DA145.3.A-Z;Individual, A-Z
DA;DA145.3.B6;Boadicea, Queen, d. 62
DA;DA146;Hadrian's Wall
DA;DA147.A-Z;Local, A-Z
DA;DA147.L4;Leigh, North
DA;DA150;Sources and documents. Chronicles
DA;DA152;General works
DA;DA152.2;Social life and customs. Civilization
DA;DA152.3;Hengist and Horsa
DA;DA152.5.A-Z;Biography, A-Z
DA;DA152.5.E2;Edmund, Saint, King of East Anglia
DA;DA153;Alfred, 871-901
DA;DA154;Edward the Elder, 901-925
DA;DA154.1;Athelstan, 925-940
DA;DA154.2;Edmund I, 940-946
DA;DA154.3;Edred, 946-955
DA;DA154.4;Edwy, 955-959
DA;DA154.5;Edgar, 959-975
DA;DA154.6;Edward the Martyr, 975-978
DA;DA154.7;Ethelred II the Unready, 978-1016
DA;DA154.75;Edmund II Ironside, 1016
DA;DA154.8;Edward the Confessor, 1042-1066
DA;DA154.85;Harold II, 1066
DA;DA154.88;Collective
DA;DA154.9.A-Z;Individual, A-Z
DA;DA154.9.H4;Hereward
DA;DA155;Antiquities
DA;DA158;General works
DA;DA159;Sweyn, 1013-1014
DA;DA160;Canute, 1017-1035
DA;DA161;Harold I, 1037-1040
DA;DA162;Hardicanute, 1040-1042
DA;DA170;Sources and documents. Contemporary works
DA;DA175;General works
DA;DA176;General special
DA;DA177;Biography (Collective)
DA;DA185;Social life and customs. Civilization
DA;DA188;Royal forests
DA;DA190;Sources and documents (Domesday book, etc.)
DA;DA195;General works
DA;DA195.8;Battle of Stamford Bridge, 1066
DA;DA196;Battle of Hastings, 1066
DA;DA197;William I, 1066-1087
DA;DA197.5;William II, 1087-1100
DA;DA198;Henry I, 1100-1135
DA;DA198.5;General works
DA;DA198.6;Matilda, Princess of England, Consort of Geoffrey, Count of Anjou
DA;DA198.9;Collective
DA;DA199.A-Z;Individual, A-Z
DA;DA200;Sources and documents. Contemporary works
DA;DA205;General works
DA;DA206;Henry II, 1154-1189
DA;DA207;Richard I, 1189-1199
DA;DA208;John, 1199-1216
DA;DA209.A-Z;Biography of contemporaries, A-Z
DA;DA209.E6;Eleanor of Aquitaine, Consort of Henry II
DA;DA209.G5;Giraldus Cambrensis
DA;DA209.T4;Thomas à Becket, Saint, Abp. of Canterbury
DA;DA220;Sources and documents. Contemporary works
DA;DA225;General works
DA;DA227;General works on life and reign
DA;DA227.5;Barons' War, 1263-1267
DA;DA228.A-Z;Biography and memoirs of contemporaries, A-Z
DA;DA228.G8;Grosseteste, Robert, 1175?-1253
DA;DA228.L3;Langton, Stephen, d. 1228
DA;DA228.M7;Montfort, Simon of, Earl of Leicester
DA;DA229;Edward I, 1272-1307
DA;DA230;Edward II, 1307-1327
DA;DA231.A-Z;Biography and memoirs of contemporaries, 1272-1327, A-Z
DA;DA231.G2;Gaveston, Piers, Earl of Cornwall
DA;DA233;Edward III, 1327-1377
DA;DA234;Edward, Prince of Wales, called the Black Prince
DA;DA235;Richard II, 1377-1399
DA;DA237.A-Z;Biography and memoirs of contemporaries, A-Z
DA;DA237.J64;John, of Gaunt, Duke of Lancaster
DA;DA237.T9;Tyler, Wat
DA;DA237.W8;Wykeham, William of, Bp. of Winchester
DA;DA240;Sources and documents. Contemporary works
DA;DA245;General works
DA;DA247.A-Z;Biography and memoirs of contemporaries, A-Z
DA;DA247.G2;Gascoigne, Sir William
DA;DA247.H8;Humphrey, Duke of Gloucester
DA;DA247.J6;John Plantagenet, Duke of Bedford
DA;DA247.M3;Margaret of Anjou, Consort of Henry VI
DA;DA247.R7;Rotherham, Thomas, Abp. of York
DA;DA247.S4;Shore, Jane
DA;DA250;Wars of the Roses, 1455-1485
DA;DA255;Henry IV, 1399-1413
DA;DA256;Henry V, 1413-1422
DA;DA257;Henry VI, 1422-1461
DA;DA258;Edward IV, 1461-1483
DA;DA259;Edward V, 1483
DA;DA260;Richard III, 1483-1485. Battle of Bosworth Field, 1485
DA;DA300;General works. Collections
DA;DA302;Compends
DA;DA304;General works
DA;DA305;Collective
DA;DA306.A-Z;Special, A-Z
DA;DA307;Public men
DA;DA308;Women
DA;DA310;Sources and documents. Contemporary works
DA;DA314;Historiography
DA;DA315;General works
DA;DA316;Pamphlets, etc.
DA;DA317;General works
DA;DA317.1;Kings, queens, etc.
DA;DA317.15.A-Z;Houses, noble families, etc., A-Z
DA;DA317.2;Public men
DA;DA317.3;Women
DA;DA317.8.A-Z;Individual, A-Z
DA;DA317.8.C8;Cranmer, Thomas, Abp. of Canterbury
DA;DA317.8.P6;Pole, Reginald, Cardinal
DA;DA320;Social life and customs. Civilization. Intellectual life
DA;DA325;Early Tudors
DA;DA330;General works
DA;DA330.8.A-Z;Biography and memoirs of contemporaries, A-Z
DA;DA330.8.R5;Richmond, Margaret (Beaufort) Tudor, Countess of
DA;DA331;Sources and documents. Contemporary works
DA;DA332;General works on life and reign
DA;DA333.A2;Collective
DA;DA333.A6;Catharine, of Aragon
DA;DA333.B6;Anne Boleyn
DA;DA333.C54;Anne of Cleves
DA;DA333.H7;Howard, Catharine
DA;DA333.P3;Catharine Parr
DA;DA334.A1;Collective
DA;DA334.A2-Z;Individual, A-Z
DA;DA334.C9;Cromwell, Thomas, Earl of Essex
DA;DA334.M8;More, Sir Thomas, Saint
DA;DA334.W8;Wolsey, Thomas, cardinal
DA;DA335.A-Z;Other, A-Z
DA;DA337;1509-1527
DA;DA338;1527-1533. Divorce, etc.
DA;DA339;1533-1547
DA;DA340;General works
DA;DA345;General works on life and reign
DA;DA345.1.A1;Collective
DA;DA345.1.A2-Z;Individual, A-Z
DA;DA345.1.D9;Dudley, Lady Jane (Lady Jane Grey)
DA;DA347;General works works on life and reign
DA;DA347.1.A-Z;Biography and memoirs of contemporaries, A-Z
DA;DA350;Sources and documents. Contemporary works
DA;DA352;Pamphlets. By date
DA;DA355;General works works on life and reign
DA;DA356;General special
DA;DA357;Compends
DA;DA358.A1;Collective
DA;DA358.A2-Z;Individual, A-Z
DA;DA358.B3;Bacon, Francis, Viscount St. Albans
DA;DA358.B9;Burghley, William Cecil, Baron
DA;DA358.D8;Dudley, Amy (Robsart), Lady
DA;DA358.E8;Essex, Robert Devereux, Earl of
DA;DA358.G5;Gilbert, Sir Humphrey
DA;DA358.L5;Leicester, Robert Dudley, Earl of
DA;DA358.O8;Oxford, Edward De Vere, Earl of
DA;DA358.S2;Salisbury, Robert Cecil, 1st Earl of
DA;DA358.S5;Sidney, Sir Philip
DA;DA358.W2;Walsingham, Sir Francis
DA;DA360;Armada
DA;DA370;Sources and documents. Contemporary works
DA;DA375;General works
DA;DA377;General works
DA;DA377.1;Rulers, kings, etc.
DA;DA377.2.A-Z;Houses, noble families, etc., A-Z
DA;DA377.3;Public men
DA;DA377.5;Women
DA;DA378.A-Z;Individual, A-Z
DA;DA378.P4;Pembroke, Anne (Clifford) Herbert, Countess of
DA;DA378.P7;Prynne, William
DA;DA380;Social life and customs. Civilization
DA;DA385;Sources and documents. Contemporary works
DA;DA390;General works
DA;DA390.1.A-Z;Biography and memoirs, A-Z
DA;DA390.1.C7;Coke, Sir Edward
DA;DA390.1.D9;Dudley, Sir Robert, styled Duke of Northumberland and Earl of Warwick
DA;DA391;General works on life and reign
DA;DA391.1.A1;Collective
DA;DA391.1.A2-Z;Individual, A-Z
DA;DA391.1.A6;Anne of Denmark, Consort of James I
DA;DA391.1.B9;Buckingham, George Villiers, 1st Duke of
DA;DA391.1.H5;Henry Frederick, Prince of Wales
DA;DA391.1.S8;Southampton, Henry Wriothesley, 3d Earl of
DA;DA391.1.S9;Stuart, Lady Arabella
DA;DA392;General works
DA;DA392.1.A-Z;Biography of participants, A-Z
DA;DA392.1.D5;Digby, Sir Everard
DA;DA392.1.G3;Gerard, John
DA;DA394;Pamphlets, 1603-1624. By date
DA;DA395;General works on reign
DA;DA396.A1;General collective
DA;DA396.A2;Charles I
DA;DA396.A22;Special
DA;DA396.A3;Sermons, pamphlets, etc.
DA;DA396.A5;Henrietta Maria, Consort of Charles I
DA;DA396.A6;Children of Charles I
DA;DA396.A8-Z;Contemporaries, A-Z
DA;DA396.H18;Hampden, John
DA;DA396.L3;Laud, William, Abp. of Canterbury
DA;DA396.P9;Pym, John
DA;DA396.S8;Strafford, Thomas Wentworth, 1st Earl of
DA;DA396.W6;William, John, Abp. of York
DA;DA397;General special
DA;DA398;Pamphlets, 1625-1641. By date
DA;DA400;Sources and documents. Contemporary works
DA;DA403;Historiography
DA;DA405;General works
DA;DA406;General special
DA;DA407.A1;Collective
DA;DA407.A2-Z;Individual, A-Z
DA;DA407.A74;Albemarle, George Monk, 1st Duke of
DA;DA407.F2;Fairfax, Thomas Fairfax, Baron
DA;DA407.P4;Peters, Hugh
DA;DA407.R9;Rupert, Prince, Count Palatine
DA;DA407.S5;Shaftesbury, Anthony Ashley Cooper, 1st Earl of
DA;DA407.S6;Sidney, Algernon
DA;DA407.V2;Vane, Sir Henry
DA;DA410;Sources and documents
DA;DA411;Contemporary newspapers
DA;DA412;Pamphlets, 1642-February 1649. By date
DA;DA413;Historiography
DA;DA415;General works
DA;DA417;Battle of Marston Moor, 1644
DA;DA419.A1;Collective
DA;DA419.A2-Z;Individual, A-Z
DA;DA419.S6;Slingsby, Sir Henry, Bart.
DA;DA419.W2;Waller, Sir William
DA;DA419.5.A1;Collective
DA;DA419.5.A2-Z;Individual, A-Z
DA;DA419.5.G6;Goffe, William
DA;DA419.5.H3;Harrison, Thomas
DA;DA420;Sources and documents. Contemporary works
DA;DA421;Contemporary newspapers
DA;DA422;Pamphlets, March 1649-1660. By original date of publication
DA;DA425;General works
DA;DA426;General works
DA;DA427;Special
DA;DA427.1;Pamphlets. By date
DA;DA428;Compends
DA;DA428.1;Essays, lectures, etc.
DA;DA428.5;Cromwell, Richard
DA;DA429.A-Z;Biography and memoirs of contemporaries, A-Z
DA;DA429.R7;Rogers, John
DA;DA429.W5;Winstanley, Gerrard
DA;DA430;Sources and documents. Contemporary works
DA;DA431;Contemporary newspapers
DA;DA432;Pamphlets. By date
DA;DA435;General works
DA;DA437.A1;Collective
DA;DA437.A2-Z;Individual, A-Z
DA;DA437.D4;Devonshire, William Cavendish, 1st Duke
DA;DA437.P5;Peterborough, Charles Mordaunt, 3d Earl
DA;DA440;Social life and customs. Civilization
DA;DA445;General works on life and reign
DA;DA446;Personal special
DA;DA447.A3;Collective
DA;DA447.A4-Z;Individual, A-Z
DA;DA447.A72;Arlington, Henry Bennet
DA;DA447.B9;Buckingham, George Villiers, 2d Duke
DA;DA447.C3;Catharine of Braganza, Consort of Charles II
DA;DA447.C6;Clarendon, Edward Hyde, 1st Earl of
DA;DA447.D7;Downing, Sir George, Bart.
DA;DA447.E9;Evelyn, John
DA;DA447.G7;Gramont, Philibert, comte de
DA;DA447.G9;Gwyn, Nell
DA;DA447.J4;Jeffreys, George Jeffreys, Baron
DA;DA447.L4;Leeds, Thomas Osborne, 1st Duke of
DA;DA447.P4;Pepys, Samuel
DA;DA447.R4;Reresby, Sir John, 2d Bart.
DA;DA447.R6;Rochester, John Wilmot, 2d Earl of
DA;DA447.T2;Temple, Sir William, Bart.
DA;DA448;General special
DA;DA448.9;Monmouth and Monmouth's rebellion, 1685
DA;DA450;General works on life and reign
DA;DA452;Other
DA;DA460;General works on reign
DA;DA461;Lancaster plot, 1689-1694
DA;DA461.3;Versailles conspiracy, 1695
DA;DA461.5;Conspiracy of 1696
DA;DA462.A2;William III
DA;DA462.A3;Mary II
DA;DA462.A4-Z;Other individual, A-Z
DA;DA462.M3;Marlborough, John Churchill, 1st Duke
DA;DA462.M4;Marlborough, Sarah (Jennings) Churchill, Duchess of
DA;DA462.P7;Portland, William Bentinck, 1st Earl
DA;DA463;Pamphlets. By date
DA;DA470;General works
DA;DA472;Compends
DA;DA480;General works
DA;DA483.A1;Collective
DA;DA483.A2-Z;Individual, A-Z
DA;DA483.A7;Argyll, John Campbell, 2d Duke of
DA;DA483.C5;Chandos, James Brydges, 1st Duke of
DA;DA483.C6;"Chudleigh, Elizabeth, Countess of Bristol (""Duchess of Kingston"")"
DA;DA483.D3;Delany, Mary (Granville) Pendarves
DA;DA483.H3;Hamilton, Emma, Lady
DA;DA483.H8;Huntingdon, Selina (Shirley) Hastings, Countess of
DA;DA483.N2;Nash, Richard
DA;DA483.P6;Pitt, William, 1st Earl of Chatham
DA;DA483.P6A2;Correspondence
DA;DA483.P62;Pamphlets
DA;DA483.W2;Walpole, Horace, 4th Earl of Orford
DA;DA485;Social life and customs. Civilization
DA;DA486;Other
DA;DA490;Sources and documents
DA;DA495;General works on life and reign
DA;DA496;Pamphlets. By original date of publication
DA;DA497.A1;Collective
DA;DA497.A3;Children of Anne. William, Duke of Gloucester
DA;DA497.A4-Z;Individual, A-Z
DA;DA497.O8;Oxford, Robert Harley, 1st Earl of
DA;DA497.S3;Sacheverall, Henry
DA;DA497.S8;Stanhope, James Stanhope, 1st Earl of
DA;DA498;General works
DA;DA499;George I, 1714-1727
DA;DA500;George II, 1727-1760
DA;DA501.A1;Collective
DA;DA501.A2;George I
DA;DA501.A3;George II
DA;DA501.A33;Carolina, Consort of George II
DA;DA501.A35;Frederick Louis, Prince of Wales
DA;DA501.A4-Z;Other, A-Z
DA;DA501.A8;Atterbury, Francis, Bp. of Rochester
DA;DA501.B6;Bolingbroke, Henry St. John, Viscount
DA;DA501.C5;Chesterfield, Philip Dormer Stanhope, 4th Earl of
DA;DA501.C9;Cumberland, William Augustus, Duke of
DA;DA501.M7;Montagu, Lady Mary (Pierrepont) Wortley
DA;DA501.T3;Temple, Richard Temple Grenville-Temple, Earl
DA;DA501.W2;Walpole, Robert, 1st Earl of Orford
DA;DA503;Pamphlets. By original date of publication
DA;DA505;General works
DA;DA506.A1;Collective
DA;DA506.A2;George III
DA;DA506.A3;Charlotte, Consort of George III
DA;DA506.A6;Edward Augustus, Duke of Kent
DA;DA506.A7;Frederick Augustus, Duke of York and Albany
DA;DA506.A71;Henry Frederick, Duke of Cumberland
DA;DA506.A72;Mary Anne (Thompson) Clarke
DA;DA506.A74;Maria, Duchess of Gloucester
DA;DA506.A8;Amelia, Princess of England
DA;DA506.A82-Z;Other, A-Z
DA;DA506.B9;Burke, Edmund
DA;DA506.C8;Cornwallis, Charles Cornwallis, 1st Marquis
DA;DA506.F7;Fox, Charles James
DA;DA506.F8;Francis, Sir Philip
DA;DA506.M5;Melville, Henry Dundas, 1st Viscount
DA;DA506.N2;Napier, Lady Sarah (Lennox) Bunbury
DA;DA506.N7;North, Frederick North, Baron
DA;DA506.T6;Tooke, John Horne
DA;DA506.W2;Walpole, Horace, 4th Earl of Orford
DA;DA506.W8;Wolcot, John (pseud. Peter Pindar)
DA;DA506.5;Collections
DA;DA507;Pamphlets. By date
DA;DA508.A2;Editions. By date
DA;DA508.A3;Selections, extracts, etc. By date
DA;DA508.A4A-.A4Z;Translations. By language, A-Z
DA;DA508.A5;Criticism, pamphlets, etc.
DA;DA508.A6;Authorship in general. By author of work
DA;DA508.A7-Z;Authorship, particular theories
DA;DA508.F8;Francis, Sir Philip
DA;DA508.P3;Paine, Thomas
DA;DA509;Collected works of statesmen, etc.
DA;DA510;General works
DA;DA512.A-Z;Biography and memoirs, A-Z
DA;DA512.G6;Gordon, Lord George
DA;DA512.L3;Lansdowne, William Petty, 1st Marquis of
DA;DA512.W6;Wilkes, John
DA;DA520;General works
DA;DA521;1811-1820. Regency
DA;DA522.A1;Collective
DA;DA522.A2-Z;Individual, A-Z
DA;DA522.C2;Canning, George
DA;DA522.C5;Cobbett, William
DA;DA522.E7;Erskine, Thomas Erskine, Baron
DA;DA522.H85;Huskisson, William
DA;DA522.L7;Liverpool, Robert Banks Jenkinson, 2d Earl of
DA;DA522.P4;Letters. By date
DA;DA522.P45;Speeches. By date
DA;DA522.P5;Pamphlets. By date
DA;DA522.P6;Biography
DA;DA522.S4;Sheridan, Richard Brinsley Butler
DA;DA522.W6;Wilberforce, William
DA;DA529;Dictionaries
DA;DA530;General works
DA;DA531;Pamphlets. By date
DA;DA531.1;General works
DA;DA531.2;Public men
DA;DA533;Social life and customs. Civilization. Intellectual life
DA;DA535;General works
DA;DA536.A1;Collective
DA;DA536.A2-Z;Individual, A-Z
DA;DA536.B66;Blessington, Marguerite, Countess of
DA;DA536.B7;Brougham and Vaux, Henry Peter Brougham, Baron
DA;DA536.C6;Cobden, Richard
DA;DA536.G8;Greville, Charles Cavendish Fulke
DA;DA536.G84;Grey, Charles Grey, 2d Earl
DA;DA536.P2;Palmerston, Henry John Temple, 3d Viscount
DA;DA536.P3;Peel, Sir Robert, Bart.
DA;DA536.R9;Russell, John Russell, 1st Earl
DA;DA536.S8;Stanhope, Hester Lucy, Lady
DA;DA1789-1820;see DA520+
DA;DA537;General works works on reign
DA;DA538.A1;George IV
DA;DA538.A2;Caroline Amelia Elizabeth, Consort of George IV
DA;DA538.A22;Divorce
DA;DA538.A3;Lady Anne Hamilton
DA;DA538.A31;Miss C.E. Cary
DA;DA538.A35;Mary (Darby) Robinson
DA;DA538.A4;Charlotte Augusta, of Wales, Consort of Prince Leopold of Saxe-Coburg-
DA;DA538.A5-Z;Other, A-Z
DA;DA538.B6;Brummell, George Bryan
DA;DA538.F5;Fitzherbert, Maria Anne (Smythe)
DA;DA539;General works on life and reign
DA;DA540;Era of reform, 1832-1837
DA;DA541.A1;Collective
DA;DA541.A2-Z;Individual, A-Z
DA;DA541.A4;Adelaide, Consort of William IV
DA;DA542;Pamphlets, etc.
DA;DA550;General works
DA;DA551;Pamphlets, etc.
DA;DA552;Journal, letters, etc.
DA;DA553;Memoirs by contemporaries
DA;DA554;Biography
DA;DA555;Personal special
DA;DA556;Compends
DA;DA557;Juvenile works
DA;DA558;Pamphlets, etc.
DA;DA558.5;Jubilee pamphlets
DA;DA559.A-Z;Other royal biography, A-Z
DA;DA559.A1;Albert, Consort of Victoria
DA;DA559.A3;Alice, Consort of Louis IV, Grand Duke of Hesse-Darmstadt
DA;DA559.A7;Arthur, Duke of Connaught
DA;DA559.G4;George, 2d Duke of Cambridge
DA;DA559.L6;Louise, Duchess of Argyll
DA;DA559.V5;Victoria Maria Louisa, Duchess of Kent
DA;DA559.5;The court
DA;DA559.7;1837-1850
DA;DA560;General works
DA;DA561;Pamphlets, etc.
DA;DA562;Collective
DA;DA563;Speeches, letters, etc.
DA;DA563.3;Memoirs by contemporaries
DA;DA563.35;Cartoons, etc.
DA;DA563.4;Biography
DA;DA563.5;Special works
DA;DA563.6;Compends
DA;DA563.8;Pamphlets, etc.
DA;DA563.9;Catherine (Glynn) Gladstone
DA;DA564.A-Z;Other prime ministers, A-Z
DA;DA564.B3;Beaconsfield, Benjamin Disraeli, 1st Earl of
DA;DA564.R7;Rosebery, Archibald Philip Primrose, 5th Earl of
DA;DA564.S2;Salisbury, Robert Arthur Talbot Gascoyne-Cecil, 3d Marquis of
DA;DA565.A-Z;Contemporaries, A-Z
DA;DA565.B8;Bright, John, 1811-1889
DA;DA565.B85;Bryce, James Bryce, Viscount
DA;DA565.C4;Chamberlain, Joseph, 1836-1914
DA;DA565.C6;Churchill, Lord Randolph Henry Spencer
DA;DA565.C95;Curzon, George Nathaniel Curzon, 1st Marquis
DA;DA565.L9;Lytton, Edward George E. Lytton Bulwer-Lytton, Baron
DA;DA565.M16;McCarthy, Justin
DA;DA565.M78;Morley, John Morley, Viscount
DA;DA565.R8;Russell, George William Erskine
DA;DA565.T2;Temple, Sir Richard, Bart.
DA;DA566;General works
DA;DA566.2;General special
DA;DA566.3;Pamphlets, etc.
DA;DA566.4;Social life and customs. Civilization. Intellectual life
DA;DA566.5;Military and naval history
DA;DA566.7;Political and diplomatic history
DA;DA566.8;Caricature, satire, etc.
DA;DA566.9.A1;Collective
DA;DA566.9.A2-Z;Individual, A-Z
DA;DA566.9.B15;Baldwin, Stanley Baldwin, 1st Earl
DA;DA566.9.B2;Balfour, Arthur James Balfour, 1st Earl
DA;DA566.9.B37;Beaverbrook, William Maxwell Aitken, Baron
DA;DA566.9.B5;Birkenhead, Frederick Edwin Smith, 1st Earl of
DA;DA566.9.C43;Chamberlain, Sir Austen
DA;DA566.9.C5;Churchill, Winston, Sir, 1874-1965
DA;DA566.9.E28;Eden, Anthony
DA;DA566.9.G8;Grey, Edward Grey, 1st Viscount
DA;DA566.9.L5;Lloyd George, David
DA;DA566.9.M25;MacDonald, James Ramsey
DA;DA566.9.N7;Northcliffe, Alfred Harmsworth, Viscount
DA;DA566.9.O7;Oxford and Asquith, Herbert Henry Asquith, 1st Earl of
DA;DA566.9.R3;Reading, Rufus Daniel Isaacs, 1st Marquis of
DA;DA567;Biography
DA;DA568.A1;Collective
DA;DA568.A2;Alexandra, Consort of Edward VII
DA;DA568.A3-.A5;Other royal
DA;DA568.A6-Z;Other, A-Z
DA;DA570;Reign
DA;DA573;Biography
DA;DA574.A1;Collective
DA;DA574.A2;Mary, Queen, Consort of George V
DA;DA574.A33;Henry, Duke of Gloucester
DA;DA574.A34;Alice, Duchess of Gloucester
DA;DA574.A36;George, Duke of Kent
DA;DA574.A37;Marina, Duchess of Kent
DA;DA574.A4;Mary, Princess of Great Britain
DA;DA574.A45A-.A45Z;Other royal, A-Z
DA;DA574.A5-Z;Other, A-Z
DA;DA574.A8;Astor, Nancy Witcher (Langhorne), Viscountess
DA;DA574.M6;Mosley, Oswald, 1896-1980
DA;DA576;Reign
DA;DA577;Period of World War I, 1914-1919
DA;DA578;1920-1939
DA;DA580;Biography
DA;DA581.A-Z;Biography and memoirs of contemporaries, A-Z
DA;DA581.W5;Windsor, Wallis Warfield, Duchess of
DA;DA583;Reign
DA;DA584;Biography
DA;DA585.A1;Collective
DA;DA585.A2;Elizabeth, Consort of George VI
DA;DA585.A5A-.A5Z;Other royal, A-Z
DA;DA585.A5M3;Margaret, Princess, Countess of Snowdon, 1930-2002
DA;DA585.A6-Z;Other, A-Z
DA;DA585.A8;Attlee, C. R. (Clement Richard), 1883-1967
DA;DA585.B4;Bevin, Ernest
DA;DA585.C5;Chamberlain, Neville
DA;DA585.C7;Cripps, Sir Richard Stafford
DA;DA586;Reign
DA;DA587;Period of World War II, 1939-1945
DA;DA588;General works
DA;DA588.3;Pamphlets, etc.
DA;DA589.3;Addresses, essays, lectures
DA;DA589.4;Social life and customs. Civilization. Intellectual life
DA;DA589.7;Political history
DA;DA589.8;Foreign and general relations
DA;DA590;Biography
DA;DA591.A1;Collective
DA;DA591.A2;Philip, Prince
DA;DA591.A33;Charles, Prince of Wales
DA;DA591.A34;Anne, Princess of Great Britain
DA;DA591.A45A-.A45Z;Other, A-Z
DA;DA591.A45A5-.A45A529;Andrew, Prince, Duke of York, 1960-
DA;DA591.A45D5-.A45D539;Diana, Princess of Wales, 1961-1997
DA;DA591.A45H46-.A45H469;Henry, Prince, grandson of Elizabeth II, Queen of Great Britain, 1984-
DA;DA591.A45W47-;Wessex, Edward, Prince, Earl of, 1964-
DA;DA591.A45W55-;William, Prince, grandson of Elizabeth II, Queen of Great Britain, 1982-
DA;DA591.A45Y67-.A45Y679;York, Sarah, Duchess of, 1959-
DA;DA591.A5-Z;Other contemporaries, A-Z
DA;DA591.H4;Heath, Edward
DA;DA591.T47;Thatcher, Margaret
DA;DA591.W5;Wilson, Harold
DA;DA592;Reign
DA;DA593;General works
DA;DA594;Biography
DA;DA594.1.A1;Collective
DA;DA594.1.A2;Camilla, Consort of Charles III
DA;DA594.1.A3-.A5;Other royal
DA;DA594.1.A6-Z;Other, A-Z
DA;DA594.2;Reign
DA;DA600;Historical geography
DA;DA605;History of travel
DA;DA610;Through 1600
DA;DA615;1601-1700
DA;DA620;1701-1800
DA;DA625;1801-1900
DA;DA630;1901-1945
DA;DA631;1946-1970
DA;DA632;1971-
DA;DA640;Gazetteers. Dictionaries, etc.
DA;DA645;Place names
DA;DA650;Guidebooks
DA;DA655;Preservation of historic monuments, etc.
DA;DA660;General works
DA;DA662.A-Z;By county, A-Z
DA;DA664.A-Z;By manor hall, etc., A-Z
DA;DA664.C36;Chatsworth
DA;DA665;Watering places
DA;DA667;Picturesque places, rural scenery, etc.
DA;DA668;British Islands (Collectively)
DA;DA669;Historical accounts of disasters (Collectively)
DA;DA670.A1;Collective
DA;DA670.A29;Airedale
DA;DA670.A96;Axholme, Isle of
DA;DA670.B25;Bedford Level
DA;DA670.B29;Serials
DA;DA670.B3;Nonserials
DA;DA670.B4;Berkshire
DA;DA670.B55;Black Country (District)
DA;DA670.B9;Buckinghamshire
DA;DA670.C2;Cambridgeshire
DA;DA670.C4;Channel Islands
DA;DA670.C44;Charnwood Forest
DA;DA670.C5;Serials
DA;DA670.C6;Nonserials
DA;DA670.C62;Chiltern Hills (Chilterns)
DA;DA670.C63;Cleveland (District)
DA;DA670.C7;Coniston
DA;DA670.C78;Serials
DA;DA670.C8;Nonserials
DA;DA670.C83;Cotswold Hills
DA;DA670.C86;Cranborne Chase
DA;DA670.C88;Craven (District)
DA;DA670.C89;Serials
DA;DA670.C9;Nonserials
DA;DA670.C93;Cumbria
DA;DA670.D2;Dartmoor
DA;DA670.D25;Dean, Forest of
DA;DA670.D31;Dee River
DA;DA670.D42;Serials
DA;DA670.D43;Nonserials
DA;DA670.D49;Serials
DA;DA670.D5;Nonserials
DA;DA670.D69;Serials
DA;DA670.D7;Nonserials
DA;DA670.D9;Durham
DA;DA670.E13;Serials
DA;DA670.E14;Nonserials
DA;DA670.E7;Essex
DA;DA670.E87;Exe River
DA;DA670.E9;Exmoor
DA;DA670.F33;Fens (Fenland)
DA;DA670.F98;Furness
DA;DA670.G4;Serials
DA;DA670.G5;Nonserials
DA;DA670.G8;Serials
DA;DA670.G9;Nonserials
DA;DA670.H18;Hallamshire
DA;DA670.H2;Hampshire
DA;DA670.H3;Hayling Island
DA;DA670.H4;Herefordshire
DA;DA670.H49;Serials
DA;DA670.H5;Nonserials
DA;DA670.H7;Holderness
DA;DA670.H8;Huntingdonshire
DA;DA670.J5;Jersey
DA;DA670.K2;Serials
DA;DA670.K3;Nonserials
DA;DA670.L1;Lake District
DA;DA670.L19;Serials
DA;DA670.L2;Nonserials
DA;DA670.L26;Land's End (District)
DA;DA670.L4;Lea River
DA;DA670.L49;Serials
DA;DA670.L5;Nonserials
DA;DA670.L69;Serials
DA;DA670.L7;Nonserials
DA;DA670.L77;Lizard Head
DA;DA670.L96;Lundy Island
DA;DA670.M07;Malvern Hills
DA;DA670.M1;Serials
DA;DA670.M2;Nonserials
DA;DA670.M5;Mendip Hills
DA;DA670.M6;Middlesex
DA;DA670.M7;Monmouthshire
DA;DA670.M9;Mowbray, Vale of
DA;DA670.N5;New Forest
DA;DA670.N53;Nidderdale
DA;DA670.N59;Serials
DA;DA670.N6;Nonserials
DA;DA670.N69;Serials
DA;DA670.N7;Nonserials
DA;DA670.N73;Northern England
DA;DA670.N79;Serials
DA;DA670.N8;Nonserials
DA;DA670.N89;Serials
DA;DA670.N9;Nonserials
DA;DA670.O9;Oxfordshire
DA;DA670.P4;Pennine Chain
DA;DA670.P98;Purbeck, Isle of
DA;DA670.Q2;Quantock Hills
DA;DA670.R5;Richmondshire
DA;DA670.R6;Rochford Hundred
DA;DA670.R82;Rossendale Forest
DA;DA670.R89;Serials
DA;DA670.R9;Nonserials
DA;DA670.S2;Scilly Islands
DA;DA670.S29;Severn River
DA;DA670.S35;Sherwood Forest
DA;DA670.S39;Serials
DA;DA670.S4;Nonserials
DA;DA670.S49;Serials
DA;DA670.S5;Nonserials
DA;DA670.S69;Serials
DA;DA670.S7;Nonserials
DA;DA670.S89;Serials
DA;DA670.S9;Nonserials
DA;DA670.S95;Serials
DA;DA670.S96;Nonserials
DA;DA670.S97;Serials
DA;DA670.S98;Nonserials
DA;DA670.T14;Tees River
DA;DA670.T15;Teesdale
DA;DA670.T2;Thames River
DA;DA670.T3;Thanet, Isle of
DA;DA670.T9;Tyne River
DA;DA670.W3;Warwickshire
DA;DA670.W47;Wensleydale
DA;DA670.W48;Wessex
DA;DA670.W496;Westmoreland
DA;DA670.W56;Wharfedale
DA;DA670.W6;Wight, Isle of
DA;DA670.W69;Serials
DA;DA670.W7;Nonserials
DA;DA670.W89;Serials
DA;DA670.W9;Nonserials
DA;DA670.W97;Wye River
DA;DA670.W98;Wythburn
DA;DA670.Y59;Serials
DA;DA670.Y6;Nonserials
DA;DA675;Periodicals. Societies. Serials
DA;DA675.5.A1;General works
DA;DA675.5.A2-Z;By museum, A-Z
DA;DA676;Sources and documents
DA;DA676.8.A1;Collective
DA;DA676.8.A2-Z;Individual, A-Z
DA;DA676.85;Historiography
DA;DA676.9.A1;General works
DA;DA676.9.A5-Z;Individual elements in the population, A-Z
DA;DA676.9.A72;Arabs
DA;DA676.9.A75;Armenians
DA;DA676.9.A77;Assyrians
DA;DA676.9.A97;Austrians
DA;DA676.9.B35;Bangladeshis
DA;DA676.9.B44;Bengali (South Asian people)
DA;DA676.9.B55;Black people
DA;DA676.9.B73;Brazilians
DA;DA676.9.C65;Colombians
DA;DA676.9.C88;Cypriots
DA;DA676.9.C93;Czechs
DA;DA676.9.D8;Dutch
DA;DA676.9.E95;Europeans
DA;DA676.9.F74;French
DA;DA676.9.G47;Germans
DA;DA676.9.G53;Ghanaians
DA;DA676.9.I73;Iraqis
DA;DA676.9.I75;Irish
DA;DA676.9.K87;Kurds
DA;DA676.9.L38;Latin Americans
DA;DA676.9.M3;Maltese
DA;DA676.9.M38;Mauritians
DA;DA676.9.N54;Nigerians
DA;DA676.9.O23;Oceanians
DA;DA676.9.P34;Pakistanis
DA;DA676.9.P6;Poles
DA;DA676.9.S36;Scots
DA;DA676.9.S47;Serbs
DA;DA676.9.S57;Slovenes
DA;DA676.9.S6;South Asians
DA;DA676.9.S63;Spaniards
DA;DA676.9.S75;Sri Lankans
DA;DA676.9.T87;Turks
DA;DA676.9.W36;Welsh
DA;DA676.9.W4;West Indians
DA;DA677;General works
DA;DA677.1;Antiquities
DA;DA678;Compends. Juvenile works
DA;DA679;Guidebooks
DA;DA679.A11-.A19;Directories
DA;DA680;Medieval through 1600
DA;DA681;1601-1700
DA;DA682;1701-1800
DA;DA683;1801-1900
DA;DA684;1901-1950
DA;DA684.2;1951-1980
DA;DA684.25;1981-
DA;DA685.A-Z;Parishes, boroughs, streets, etc., A-Z
DA;DA685.A1;General
DA;DA685.A3;Aldersgate
DA;DA685.B65;Bloomsbury
DA;DA685.C5;Chelsea
DA;DA685.C55;Chingford
DA;DA685.E1;East London. East End of London
DA;DA685.F5;Fleet Street
DA;DA685.G68;Greenwich
DA;DA685.H22;Serials
DA;DA685.H23;Monographs
DA;DA685.H9;Hyde Park
DA;DA685.K5;Kensington
DA;DA685.L7;Lincoln's Inn Fields
DA;DA685.M2;Marylebone
DA;DA685.P5;Piccadilly
DA;DA685.S6;Soho Square
DA;DA685.S65;South London
DA;DA685.S7;Southwark
DA;DA685.T7;Tottenham
DA;DA685.W5;Westminster
DA;DA686;General works
DA;DA687.A-Z;Individual, A-Z
DA;DA687.A45;Albany (Chambers)
DA;DA687.B9;Buckingham Palace
DA;DA687.C4;Charterhouse
DA;DA687.C9;Crystal Palace, Sydenham
DA;DA687.D7;No. 10 Downing Street
DA;DA687.H7;Holland House
DA;DA687.S14;Saint Paul's Cathedral
DA;DA687.S83;Stationers' Hall
DA;DA687.T2;Temple Church
DA;DA687.T7;Tower of London
DA;DA687.W5;Westminster Abbey
DA;DA687.W6;Westminster Palace. Houses of Parliament
DA;DA687.W65;Whitehall Palace
DA;DA688;Social life and customs. Culture. Intellectual life
DA;DA689.A-Z;Other, A-Z
DA;DA689.B8;Bridges
DA;DA689.C3;Cemeteries
DA;DA689.C4;Cheapside Cross
DA;DA689.G3;Gardens
DA;DA689.H48;Historic houses
DA;DA689.H5;Historic markers
DA;DA689.H8;Hotels, taverns, etc.
DA;DA689.L5;Literary landmarks
DA;DA689.M37;Markets
DA;DA689.M7;Monuments, statues, etc.
DA;DA689.O63;Open spaces
DA;DA689.P17;Palaces (General)
DA;DA689.P2;Parks (General)
DA;DA689.P6;Port of London
DA;DA689.S7;Squares
DA;DA689.U5;Underground areas
DA;DA689.W2;Water
DA;DA690.A-Z;Other cities, towns, etc., A-Z
DA;DA690.A1;Collective
DA;DA690.A14;Abingdon
DA;DA690.A79;Arundel
DA;DA690.B22;Banbury
DA;DA690.B26;Barnstaple
DA;DA690.B29;Basingstoke
DA;DA690.B3;Bath
DA;DA690.B6;Birmingham
DA;DA690.B65;Bolton
DA;DA690.B68;Boston
DA;DA690.B685;Bournemouth
DA;DA690.B7;Bradford (Yorkshire)
DA;DA690.B78;Brighton
DA;DA690.B8;Bristol
DA;DA690.B84;Bristow
DA;DA690.B92;Burford
DA;DA690.B97;Bury Saint Edmunds
DA;DA690.B98;Buxton
DA;DA690.C19;Serials
DA;DA690.C2;Nonserials
DA;DA690.C3;Canterbury
DA;DA690.C335;Carlisle
DA;DA690.C48;Cheltenham
DA;DA690.C49;Chepstow
DA;DA690.C5;Chester
DA;DA690.C59;Church Stretton
DA;DA690.C6;Cinque Ports
DA;DA690.C7;Colchester
DA;DA690.C75;Coventry
DA;DA690.C79;Crowland Abbey
DA;DA690.C8;Croydon
DA;DA690.D4;Derby
DA;DA690.D63;Dorchester
DA;DA690.D7;Dover
DA;DA690.D96;Durham
DA;DA690.E4;Ely
DA;DA690.E9;Exeter
DA;DA690.G45;Glastonbury
DA;DA690.G5;Gloucester
DA;DA690.G8;Gravesend
DA;DA690.H17;Halifax
DA;DA690.H2;Hampton Court
DA;DA690.H35;Hastings
DA;DA690.H54;Hereford
DA;DA690.H9;Hull
DA;DA690.I6;Ipswich
DA;DA690.K4;Kenilworth
DA;DA690.L15;Lacock
DA;DA690.L2;Lancaster
DA;DA690.L35;Leamington
DA;DA690.L39;Serials
DA;DA690.L4;Nonserials
DA;DA690.L5;Leicester
DA;DA690.L67;Lincoln
DA;DA690.L8;Liverpool
DA;DA690.L85;Ludlow
DA;DA690.M2;Maidstone
DA;DA690.M3;Malvern
DA;DA690.M4;Manchester
DA;DA690.M42;Margate
DA;DA690.M46;Marlborough
DA;DA690.M48;Matlock
DA;DA690.N53;Newark
DA;DA690.N55;Newbury
DA;DA690.N58;Newcastle-under-Lyme
DA;DA690.N6;Newcastle-upon-Tyne
DA;DA690.N8;Northampton
DA;DA690.N87;Northowram
DA;DA690.N92;Nottingham
DA;DA690.O97;Serials
DA;DA690.O98;Nonserials
DA;DA690.P48;Petworth
DA;DA690.P7;Plymouth
DA;DA690.P9;Prescot
DA;DA690.P95;Prestwich
DA;DA690.R28;Reading
DA;DA690.R5;Richmond
DA;DA690.R6;Rochester
DA;DA690.R9;Rye
DA;DA690.S13;Saint Albans
DA;DA690.S16;Salisbury
DA;DA690.S28;Scarborough
DA;DA690.S54;Sheffield
DA;DA690.S58;Shrewsbury
DA;DA690.S69;Serials
DA;DA690.S7;Nonserials
DA;DA690.S75;Southport
DA;DA690.S8;Stamford
DA;DA690.S92;Stratford-upon-Avon
DA;DA690.T36;Tewkesbury
DA;DA690.T69;Torquay
DA;DA690.T92;Tunbridge Wells
DA;DA690.W14;Wakefield
DA;DA690.W28;Warrington
DA;DA690.W3;Warwick
DA;DA690.W67;Winchester
DA;DA690.W76;Windsor
DA;DA690.W86;Wolverhampton
DA;DA690.W927;Worthing
DA;DA690.Y2;Yarmouth
DA;DA690.Y6;York
DA;DA700;Periodicals. Societies. Collections
DA;DA708;General works
DA;DA709;Compends
DA;DA710;Biography (Collective)
DA;DA711;Antiquities
DA;DA711.5;Social life and customs. Civilization
DA;DA712;Ethnography. Races
DA;DA713;Pamphlets, etc.
DA;DA713.5;Study and teaching
DA;DA714;General works
DA;DA715;Early and medieval
DA;DA716.A1;Collective
DA;DA716.A2-Z;Individual, A-Z
DA;DA716.G5;Glendower, Owen
DA;DA720;General works
DA;DA722;General works
DA;DA722.1.A1;Collective
DA;DA722.1.A2-Z;Individual, A-Z
DA;DA722.1.T9;Turner, Sir Llewelyn
DA;DA725;Through 1700
DA;DA727;1701-1800
DA;DA730;1801-1950
DA;DA731;1951-1980
DA;DA731.2;1981-
DA;DA734;Gazetteers. Dictionaries, etc. Place names
DA;DA735;Guidebooks
DA;DA737;General works
DA;DA738.A-Z;Special, A-Z
DA;DA738.D79;Dryslwyn Castle
DA;DA738.F34;Faenol Estate
DA;DA740.A-Z;Counties, regions, etc., A-Z
DA;DA740.A5;Anglesey
DA;DA740.B7;The Border
DA;DA740.B8;Brecknockshire
DA;DA740.C3;Cardiganshire. Ceredigion
DA;DA740.C34;Carmarthenshire
DA;DA740.C35;Carnarvonshire (Caenarvonshire)
DA;DA740.C6;Clwyd Valley
DA;DA740.D3;Denbighshire
DA;DA740.F6;Flintshire
DA;DA740.G5;Glamorganshire
DA;DA740.L7;Llandaff (Diocese)
DA;DA740.M4;Merionethshire
DA;DA740.M7;Montgomeryshire
DA;DA740.P3;Pembrokeshire
DA;DA740.P8;Powys
DA;DA740.R3;Radnorshire
DA;DA740.S6;Snowdonia
DA;DA745.A-Z;Cities, towns, etc., A-Z
DA;DA745.C2;Cardiff
DA;DA745.C3;Carnarvon (Caernarfon)
DA;DA745.H2;Harlech
DA;DA745.L7;Llandudno
DA;DA745.W9;Wrexham
DA;DA750;Periodicals. Societies. Serials
DA;DA751;General works
DA;DA751.5.A-Z;Individual. By place, A-Z
DA;DA755;Nonofficial
DA;DA757;Official
DA;DA757.5;General works
DA;DA757.7;Historical geography
DA;DA757.9;Dictionaries. Chronological tables, outlines, etc.
DA;DA758;General works
DA;DA758.1;Public men
DA;DA758.2;Rulers, kings, etc.
DA;DA758.3.A1;Collective
DA;DA758.3.A2-Z;Individual houses, etc., A-Z
DA;DA758.3.M3;Mar, Earls of
DA;DA758.3.S8;Stuart, House of
DA;DA758.4;Women
DA;DA759;General works
DA;DA759.5;Collective
DA;DA759.7.A-Z;Individual, A-Z
DA;DA760;General works
DA;DA761;Popular works
DA;DA762;Compends. Juvenile works
DA;DA763;Pamphlets, etc.
DA;DA765;Political and diplomatic history. Home rule
DA;DA767;Military history
DA;DA770;General works
DA;DA771.A2;Collective
DA;DA771.A3-Z;Individual, A-Z
DA;DA771.L3;Laing, David
DA;DA772;General works
DA;DA773;Court life and coronations
DA;DA774;General works
DA;DA774.4.A-Z;Individual elements in the population, A-Z
DA;DA774.4.A74;Asians
DA;DA774.4.C55;Chileans
DA;DA774.4.E54;English
DA;DA774.4.F54;Flemings
DA;DA774.4.I72;Irish
DA;DA774.4.I732;Italians
DA;DA774.4.T72;Travellers (Nomadic people)
DA;DA774.5;Scots outside of Scotland (General)
DA;DA774.8;Historiography
DA;DA775;General works
DA;DA777;General works
DA;DA777.3;Earliest to 844
DA;DA777.5;General works
DA;DA777.7.A-Z;Local, A-Z
DA;DA777.7.M66;Mons Graupius
DA;DA778;Kenneth I MacAlpin, 844-860
DA;DA778.1;Constantine II, 863-877
DA;DA778.2;Constantine III, 900-942
DA;DA778.3;Malcolm I, 942-954
DA;DA778.33;Indulph, 954-962
DA;DA778.35;Duff, 962-967
DA;DA778.37;Culen, 967-971
DA;DA778.4;Kenneth II, 971-995
DA;DA778.45;Constantine IV, 995-997
DA;DA778.5;Kenneth III, 997-1005
DA;DA778.6;Malcolm II, 1005-1034
DA;DA778.7;Duncan I, 1034-1040
DA;DA778.8;Macbeth, 1040-1057
DA;DA778.9.A-Z;Biography of contemporaries, A-Z
DA;DA779;General works
DA;DA780;General works
DA;DA781;Malcolm III Canmore, 1057-1093
DA;DA781.5;Edgar, 1097-1107
DA;DA781.7;Alexander I, 1107-1124
DA;DA782;David I, 1124-1153
DA;DA782.2;Malcolm IV, 1153-1165
DA;DA782.4;William IV, the Lion, 1165-1214
DA;DA782.6;Alexander II, 1214-1249
DA;DA1057-1278;-- Continued
DA;DA782.8;Alexander III, 1249-1286
DA;DA782.9.A-Z;Biography of contemporaries, A-Z
DA;DA782.9.M3;Margaret, Consort of Malcolm III
DA;DA783;General works
DA;DA783.2;General works
DA;DA783.25;John Baliol, 1292-1296
DA;DA783.3;General works
DA;DA783.35;Special events
DA;DA783.38;General works
DA;DA783.4;General works
DA;DA783.41;Special events
DA;DA783.43;David II, 1329-1371
DA;DA783.45.A-Z;Biography of contemporaries, A-Z
DA;DA783.5;General works
DA;DA783.52;Social life and customs. Civilization. Intellectual life
DA;DA783.53;Robert II, 1371-1390
DA;DA783.57;Robert III, 1390-1406
DA;DA783.6;James I, 1406-1437
DA;DA783.7;James II, 1437-1460
DA;DA783.8;James III, 1460-1488
DA;DA783.9.A-Z;Biography of contemporaries, A-Z
DA;DA783.9.C7;Crawford, Alexander Lindsay, 4th Earl of
DA;DA784;General works
DA;DA784.3.A-Z;Biography and memoirs of contemporaries, A-Z
DA;DA784.3.A4;Albany, John Stewart, Duke of
DA;DA784.5;General works
DA;DA784.6;Battle of Flodden, 1513
DA;DA784.7;James V, 1513-1542
DA;DA785;General works
DA;DA786;General works on reign
DA;DA787.A1;History and biography
DA;DA787.A2;Pamphlets, etc.
DA;DA787.A3;Special works
DA;DA787.A36;Casket letters
DA;DA787.A5;Compends. Juvenile works
DA;DA787.A6-Z;Biography of contemporaries, A-Z
DA;DA787.B7;Bothwell, James Hepburn, 4th Earl of
DA;DA787.B9;Buchanan, George
DA;DA787.R6;Rizzio, David
DA;DA788;General works
DA;DA789;Gowrie Conspiracy, 1600
DA;DA790.A-Z;Biography and memoirs of contemporaries, A-Z
DA;DA790.M3;MacGregor, Alasdair Roy
DA;DA800;General works
DA;DA802.A1;Collective
DA;DA802.A2-Z;Individual, A-Z
DA;DA803;General works
DA;DA803.1;Pamphlets. By date
DA;DA803.15;General works
DA;DA803.2.A-Z;Biography and memoirs, A-Z
DA;DA803.3;General works
DA;DA803.6;General works
DA;DA803.7.A-Z;Biography and memoirs, A-Z
DA;DA803.7.A3;Montrose, James Graham, 1st Marquis of
DA;DA803.7.A4;Argyll, Archibald Campbell, Marquis of
DA;DA803.73;1637-1643
DA;DA803.8;1649-1660
DA;DA804;General works
DA;DA804.1.A1;Collective
DA;DA804.1.A2-Z;Individual, A-Z
DA;DA804.1.D9;Dundee, John Graham of Claverhouse, Viscount
DA;DA804.1.F6;Fletcher, Andrew
DA;DA804.6;Revolution, 1688
DA;DA804.7;Glencoe massacre
DA;DA1692-1707;-- Continued
DA;DA805;General works
DA;DA807;Union, 1707
DA;DA809;General works
DA;DA810.A1;Collective
DA;DA810.A2-Z;Individual, A-Z
DA;DA810.E7;Erskine, Henry
DA;DA810.K3;Kames, Henry Home, Lord
DA;DA810.M3;Macgregor, Robert (Rob Roy)
DA;DA811;Pamphlets, etc.
DA;DA812;Social life and customs. Civilization. Intellectual life
DA;DA813;General works
DA;DA814.A1;Collective
DA;DA814.A3;James, Prince of Wales, the Old Pretender
DA;DA814.A4;Clementina, Consort of James
DA;DA814.A5;Charles Edward, the Young Pretender
DA;DA814.A52;Albany, Charlotte Stuart, called Duchess of
DA;DA814.A55;Albany, Louise Maximiliane C.E., Princess of Stolberg, known as Countess of
DA;DA814.A6;Henry Benedict M.C. Stuart, Cardinal York
DA;DA814.A8-Z;Other, A-Z
DA;DA814.L8;Lovat, Simon Fraser, Baron
DA;DA814.M14;Macdonald, Flora
DA;DA814.2;1707
DA;DA814.3;1714. Battle of Sheriffmuir
DA;DA814.4;1719
DA;DA814.5;1745-1746. Battle of Cullodon, 1746
DA;DA815;General works
DA;DA816.A1;Collective
DA;DA816.A2-Z;Individual, A-Z
DA;DA816.C6;Cockburn, Henry Cockburn, Lord
DA;DA816.M3;Marwick, Sir James David
DA;DA817;Pamphlets, etc.
DA;DA818;Social life and customs. Civilization
DA;DA821;General works
DA;DA822.A-Z;Biography and memoirs, A-Z
DA;DA824;Pamphlets, etc.
DA;DA826;Social life and customs. Civilization. Intellectual life
DA;DA828;General works
DA;DA831.A-Z;Biography and memoirs, A-Z
DA;DA833;Social life and customs. Civilization. Intellectual life
DA;DA850;History of travel
DA;DA855;Through 1800
DA;DA865;1801-1900
DA;DA866;1901-1950
DA;DA867;1951-1980
DA;DA867.5;1981-
DA;DA869;Gazetteers. Dictionaries, etc. Place names
DA;DA870;Guidebooks
DA;DA873;Preservation of historic monuments, historic houses, etc.
DA;DA875;General works
DA;DA877.A-Z;Special, A-Z
DA;DA877.G6;Glamis Castle
DA;DA878;Islands of Scotland (Collective)
DA;DA880.A-Z;Counties, regions, etc., A-Z
DA;DA880.A1;Aberdeenshire
DA;DA880.A5;Angus. Forfar
DA;DA880.A6;Argyleshire
DA;DA880.A7;Arran
DA;DA880.A9;Ayrshire
DA;DA880.B2;Banffshire
DA;DA880.B5;Berwickshire
DA;DA880.B72;Borders Region. Scottish Borders
DA;DA880.B76;Breadalbane
DA;DA880.B8;Buchan
DA;DA880.B9;Buteshire
DA;DA880.C1;Caithness
DA;DA880.C5;Clackmannanshire
DA;DA880.C6;Clyde River. Firth of Clyde
DA;DA880.D8;Dumbartonshire
DA;DA880.D88;Dumfriesshire
DA;DA880.E2;East Lothian. Haddington
DA;DA880.F4;Fife
DA;DA880.G1;Galloway
DA;DA880.G7;Grampians
DA;DA880.H4;Hebrides
DA;DA880.H6;History
DA;DA880.H7;Description
DA;DA880.H76;Tartans of clans
DA;DA880.I6;Inverness-shire
DA;DA880.I7;Iona
DA;DA880.K5;Kincardineshire
DA;DA880.K53;Kinross-shire
DA;DA880.K56;Kintyre
DA;DA880.K6;Kirkcudbrightshire
DA;DA880.K75;Knoydart
DA;DA880.L2;Lanarkshire
DA;DA880.L8;Lochaber
DA;DA880.L9;Lorne (District)
DA;DA880.M6;Midlothian. Edinburghshire
DA;DA880.M8;Moray. Elginshire
DA;DA880.N3;Nairnshire
DA;DA880.O5;Serials
DA;DA880.O6;Nonserials
DA;DA880.P3;Peeblesshire
DA;DA880.P4;Perthshire
DA;DA880.R4;Renfrewshire
DA;DA880.R7;Ross and Cromarty
DA;DA880.R8;Roxburghshire
DA;DA880.S2;Saint Kilda, Hebrides
DA;DA880.S4;Selkirkshire
DA;DA880.S5;Shetland Islands
DA;DA880.S6;Skye
DA;DA880.S8;Stirlingshire
DA;DA880.S96;Sutherland
DA;DA880.T8;Trossachs
DA;DA880.T9;Tweed River and Valley
DA;DA880.U48;Ulva
DA;DA880.W4;West Lothian. Linlithgowshire
DA;DA880.W5;Wigtownshire
DA;DA880.Y2;Yarrow
DA;DA890.A-Z;Cities, towns, etc., A-Z
DA;DA890.A2;Aberdeen
DA;DA890.A5;Arbroath
DA;DA890.D75;Dryburgh Abbey
DA;DA890.D79;Dumfries
DA;DA890.D797;Dunblane
DA;DA890.D9;Dunfermline
DA;DA890.D92;Dunkeld
DA;DA890.E2;History
DA;DA890.E3A1-.E3A19;Directories
DA;DA890.E3A2-.E3Z;Description. Guidebooks
DA;DA890.E4A-.E4Z;Special, A-Z
DA;DA890.E4C3;Castle
DA;DA890.E4H7;Holyrood Palace and Abbey
DA;DA890.E4M27;Marchmont
DA;DA890.E4S1;Saint Giles
DA;DA890.G49;Serials
DA;DA890.G5;Nonserials
DA;DA890.G8;Gretna Green
DA;DA890.H2;Haddington
DA;DA890.H3;Hawick
DA;DA890.I6;Inverness
DA;DA890.K48;Kilmarnock
DA;DA890.K53;Kirkwall
DA;DA890.L3;Langholm
DA;DA890.L5;Leith
DA;DA890.L75;Linlithgow
DA;DA890.M5;Melrose
DA;DA890.N75;North Queensferry
DA;DA890.P1;Paisley
DA;DA890.P3;Peebles
DA;DA890.P4;Perth
DA;DA890.S2;Saint Andrews
DA;DA890.S8;Stirling
DA;DA890.S85;Strathblane
DA;DA890.W5;Whithorn priory
DA;DA900;Periodicals. Societies. Serials
DA;DA903;Minor periodicals
DA;DA905;Sources and documents
DA;DA905.5;Place names (General)
DA;DA906;General works
DA;DA908;General works
DA;DA908.5;Collective
DA;DA908.7.A-Z;Individual, A-Z
DA;DA909;General works
DA;DA909.2.A-Z;By region or country, A-Z
DA;DA909.5.A-Z;Individual schools, A-Z
DA;DA910;General works
DA;DA911;General
DA;DA911.2;Stories from Irish history
DA;DA911.5;Comic and satiric works
DA;DA912;Compends
DA;DA913;Addresses, essays, lectures
DA;DA914;General works
DA;DA915.A-Z;Biography and memoirs, A-Z
DA;DA916;Biography (Collective)
DA;DA916.1;Rulers, kings, viceroys, etc.
DA;DA916.29;Collective
DA;DA916.3.A-Z;Individual, A-Z
DA;DA916.3.F58;Fitzgerald family
DA;DA916.4;Public men
DA;DA916.7;Women
DA;DA916.8;Other
DA;DA920;Antiquities
DA;DA925;General works
DA;DA926.A-Z;Special topics, A-Z
DA;DA927;General works
DA;DA927.4.A-Z;Individual elements in the population, A-Z
DA;DA927.4.F74;French
DA;DA927.4.P6;Polish people
DA;DA927.4.T72;Travellers (Nomadic people)
DA;DA928;Irish in foreign countries (General)
DA;DA930;General works
DA;DA930.5;Social life and customs. Civilization. Intellectual life
DA;DA931;Pagan Ireland, to 433
DA;DA932;General works
DA;DA932.2.A-Z;Biography and memoirs, A-Z
DA;DA932.4;433-795
DA;DA932.6;Danish wars, 795-1014
DA;DA933;General works
DA;DA933.2;Social life and customs. Civilization. Intellectual life
DA;DA933.25;Collective
DA;DA933.26.A-Z;Individual, A-Z
DA;DA933.3;English conquest, 1154-1189
DA;DA934;General works
DA;DA934.5;Invasion by Edward Bruce, 1315
DA;DA935;General works
DA;DA936.A-Z;Biography and memoirs of contemporaries, A-Z
DA;DA936.K5;Kildare, Gerald Fitzgerald, 8th Earl of
DA;DA937;General works
DA;DA937.3;Tyrone's Rebellion, 1597-1603
DA;DA937.5.A-Z;Biography and memoirs of contemporaries, A-Z
DA;DA937.5.D4;Desmond, Katherine (Fitzgerald) Fitzgerald, Countess of
DA;DA937.5.O3;O'Donnell, Hugh Roe
DA;DA938;General works
DA;DA940;General works
DA;DA940.3;Social life and customs. Civilization. Intellectual life
DA;DA940.5.A-Z;Biography and memoirs, A-Z
DA;DA940.5.C7;Cork, Richard Boyle, 1st Earl of
DA;DA940.5.O5;O'Neill, Owen Roe
DA;DA940.5.O7;Ormonde, James Butler, 1st Duke of
DA;DA941.3;1603-1625. James I
DA;DA941.5;General works
DA;DA943;1641-1649. Irish Confederation, 1642-1648
DA;DA944.4;1649-1660. Cromwell
DA;DA944.5;1660-1685. Charles II
DA;DA944.7;1685-1688. James II
DA;DA945;1688-1691
DA;DA946;1691-1700
DA;DA947;General works
DA;DA947.Z9;Pamphlets, etc.
DA;DA947.3;Social life and customs. Civilization. Intellectual life
DA;DA948.A2;General special
DA;DA948.A5;Collective
DA;DA948.3.A-Z;Individual, A-Z
DA;DA948.3.C9;Curran, John Philpot
DA;DA948.3.F6;Flood, Henry
DA;DA948.3.G7;Grattan, Henry
DA;DA948.4;General works
DA;DA948.5;General works
DA;DA948.6.A-Z;Biography and memoirs, A-Z
DA;DA948.6.E5;Emmet, Robert
DA;DA948.6.F5;Fitzgerald, Lord Edward
DA;DA948.6.T6;Tone, Theobald Wolfe
DA;DA1798-1800;-- Continued
DA;DA949;General works
DA;DA949.5;Union, 1801
DA;DA949.7;Dictionaries
DA;DA950;General works
DA;DA950.1;Social life and customs. Civilization. Intellectual life
DA;DA950.2;General works
DA;DA950.21;Collective
DA;DA950.22;O'Connell, Daniel
DA;DA950.23.A-Z;Other, A-Z
DA;DA950.23.D2;Davis, Thomas Osborne
DA;DA950.23.D7;Drummond, Thomas
DA;DA950.23.M6;Mitchel, John
DA;DA950.23.S5;Sheil, Richard Lalor
DA;DA950.29;Pamphlets. By date
DA;DA950.3;1800-1829. Catholic emancipation
DA;DA950.4;Tithe War, 1829-1838
DA;DA950.5;1838-1848
DA;DA950.7;Famine, 1845-1847
DA;DA951;General works
DA;DA952.A1;Collective
DA;DA952.A2-Z;Individual, A-Z
DA;DA952.O3;O'Donovan Rossa, Jeremiah
DA;DA952.R3;Redmond, John Edward
DA;DA953;Pamphlets. By date
DA;DA954;Fenians
DA;DA955;1848-1868
DA;DA957;General works
DA;DA957.5;Parnell Commission
DA;DA957.9;Other
DA;DA958.A1;Collective
DA;DA958.A2-Z;Individual, A-Z
DA;DA958.D2;Davitt, Michael
DA;DA958.H4;Healy, Timothy Michael
DA;DA958.O3;O'Brien, William
DA;DA958.O5;O'Connor, Thomas Power
DA;DA959;General works
DA;DA959.1;Social life and customs. Civilization
DA;DA960;General works
DA;DA962;1914-1921. Period of World War I, 1914-1918
DA;DA963;1922-
DA;DA964.A2;General works
DA;DA964.A3-Z;Relations with individual regions or countries, A-Z
DA;DA965.A1;Collective
DA;DA965.A3-Z;Individual, A-Z
DA;DA965.C25;Carson, Sir Edward Henry
DA;DA965.C3;Casement, Sir Roger
DA;DA965.C6;Collins, Michael
DA;DA965.C7;Connolly, James
DA;DA965.D4;DeValera, Eamonn
DA;DA965.G8;Griffith, Arthur
DA;DA965.H9;Hyde, Douglas
DA;DA965.P4;Pearse, Padraic
DA;DA965.P6;Plunkett, Sir Horace Curzon
DA;DA966;General works
DA;DA966.2;Social life and customs. Civilization. Intellectual life
DA;DA969;Description and travel
DA;DA970;Through 1700
DA;DA972;1701-1800
DA;DA975;1801-1900
DA;DA977;1901-1950
DA;DA978;1951-1980
DA;DA978.2;1981-
DA;DA979;Gazetteers. Dictionaries, etc. Place names
DA;DA979.5;Directories
DA;DA980;Guidebooks
DA;DA982;Pictorial works
DA;DA985;General works
DA;DA987.A-Z;Individual, A-Z
DA;DA987.D8;Dungory Castle
DA;DA988;Islands of Ireland (Collective)
DA;DA990.A-Z;Counties, regions, etc., A-Z
DA;DA990.A6;Antrim
DA;DA990.A8;Aran Islands
DA;DA990.A85;Armagh
DA;DA990.B65;Blasket Islands
DA;DA990.C28;Carlow
DA;DA990.C59;Clare
DA;DA990.C6;Connacht (Connaught) Province
DA;DA990.C7;Connemara (District)
DA;DA990.C78;Periodicals. Societies. Serials
DA;DA990.C79;History and description
DA;DA990.D6;Donegal
DA;DA990.D7;Down
DA;DA990.D8;Dublin
DA;DA990.G18;Galway
DA;DA990.K4;Kerry
DA;DA990.K45;Killarney, Lakes of
DA;DA990.L5;Leinster
DA;DA990.L55;Leitrim
DA;DA990.L6;Leix (Laoighis), Queen's
DA;DA990.L7;Limerick
DA;DA990.L8;Londonderry
DA;DA990.M3;Mayo
DA;DA990.M7;Monaghan
DA;DA990.M8;Munster
DA;DA990.O3;Offaly. King's
DA;DA990.R7;Roscommon
DA;DA990.S6;Sligo
DA;DA990.T3;Tara
DA;DA990.T5;Tipperary
DA;DA990.T9;Tyrone
DA;DA990.U45;Periodicals. Societies. Serials
DA;DA990.U452A1-.U452A19;Collective
DA;DA990.U452A2-.U452Z;Individual, A-Z
DA;DA990.U46;History and description
DA;DA990.W3;Waterford
DA;DA990.W5;Wexford
DA;DA990.W6;Wicklow
DA;DA995.A-Z;Cities, towns, etc., A-Z
DA;DA995.A72;Armagh
DA;DA995.B21;Bandon
DA;DA995.B5;Belfast
DA;DA995.C3;Carrickfergus
DA;DA995.C4;Cashel
DA;DA995.C7;Cork
DA;DA995.D75;History
DA;DA995.D8;Description
DA;DA995.D9A-.D9Z;Special, A-Z
DA;DA995.D9C32;Cabra
DA;DA995.D9D8;Dublin Castle
DA;DA995.D9I53;Inchicore
DA;DA995.D9K5;King's Inns
DA;DA995.D9M68;Mountjoy Square
DA;DA995.D9N44;Nelson Pillar
DA;DA995.E6;Enniskillen
DA;DA995.G18;Galway
DA;DA995.L7;Limerick
DA;DA995.L75;Londonderry. Derry
DA;DA995.W32;Waterford
GN;GN1;Periodicals. Serials
GN;GN2;Societies
GN;GN3;Congresses
GN;GN4;Several authors
GN;GN6;Individual authors
GN;GN11;Dictionaries. Encyclopedias
GN;GN11.5;Directories
GN;GN12;Terminology. Abbreviations. Notation
GN;GN12.8;General works
GN;GN13;Information services
GN;GN13.5;Computer network resources. Computer networks
GN;GN14;Anthropological archives
GN;GN17;History
GN;GN17.3.A-Z;By region or country, A-Z
GN;GN20;Collective
GN;GN21.A-Z;Individual, A-Z
GN;GN23;Early through 1870
GN;GN24;1871-1974
GN;GN25;1975-
GN;GN27;General special (Special aspects of the subject as a whole)
GN;GN29;Addresses, essays, lectures
GN;GN30;Early through 1870
GN;GN31;1871-1974
GN;GN31.2;1975-
GN;GN31.5;Juvenile works
GN;GN32;Pictorial works
GN;GN33;General works
GN;GN33.5;Relation to demography
GN;GN33.6;Anthropological ethics
GN;GN33.8;Feminist anthropology
GN;GN34;Classification
GN;GN34.2;Irony in anthropology
GN;GN34.3.A-Z;Other special methods, A-Z
GN;GN34.3.A35;Aerial photography
GN;GN34.3.C6;Componential analysis
GN;GN34.3.D36;Data processing
GN;GN34.3.F53;Fieldwork
GN;GN34.3.G46;Geospatial data
GN;GN34.3.I53;Information technology
GN;GN34.3.M3;Mathematical anthropology
GN;GN34.3.P45;Photography
GN;GN34.3.S7;Statistical methods
GN;GN35;General works
GN;GN36.A-Z;By region or country, A-Z
GN;GN36.C9;General works
GN;GN36.C92H38;Havana. Universidad. Museo anthropológico Montané
GN;GN41;Private collections
GN;GN41.6;General works
GN;GN41.8;Anthropology as a profession
GN;GN42;General works
GN;GN42.3.A-.Z8;Audiovisual aids
GN;GN42.3.Z9;Catalogs of audiovisual materials
GN;GN42.5;Computers. Data processing
GN;GN43;General works
GN;GN43.2.A-Z;By region or state, A-Z
GN;GN44.A-Z;Other American regions or countries, A-Z
GN;GN45.A-Z;Europe. By region or country, A-Z
GN;GN46.A-Z;Other regions or countries, A-Z
GN;GN49;Periodicals. Societies. Serials
GN;GN50;Congresses
GN;GN50.2;Collected works (nonserial)
GN;GN50.3;Dictionaries. Encyclopedias
GN;GN50.4;General works
GN;GN50.45.A-Z;By region or country, A-Z
GN;GN50.5;Collective
GN;GN50.6.A-Z;Individual, A-Z
GN;GN50.8;General works
GN;GN51.A2;Early works through 1800
GN;GN51.A3-Z;1801-
GN;GN53;Instruments
GN;GN54;Special methods
GN;GN56;Compilations of statistical data, tables, etc. (General)
GN;GN57.A-Z;By race, ethnic group, etc., A-Z
GN;GN57.A35;African Americans
GN;GN57.A9;Australians, Aboriginal
GN;GN57.B5;Black people
GN;GN58.A-Z;By region or country, A-Z
GN;GN59.A-Z;By class of persons, A-Z
GN;GN59.A35;Aged. Older people
GN;GN59.M4;Men
GN;GN59.S7;Soldiers
GN;GN59.S8;Students
GN;GN59.W6;Women
GN;GN59.6;Study and teaching. Research
GN;GN59.8;General works
GN;GN59.82.A-Z;By region or country, A-Z
GN;GN60;General works
GN;GN62;General special
GN;GN62.8;General works
GN;GN62.85;Sex differences
GN;GN62.9;General works
GN;GN63;Children. Adolescents
GN;GN63.6;Twins, triplets, etc.
GN;GN63.8;General works
GN;GN64;Face form and profile. Physiognomy
GN;GN64.2;Facial expression
GN;GN66;General works
GN;GN66.5;Somatotypes
GN;GN67;Climate and body build
GN;GN67.5;Women
GN;GN69;General works
GN;GN69.2;Collective
GN;GN69.22.A-Z;Individual, A-Z
GN;GN69.3;Dwarfs
GN;GN69.8;Forensic anthropology
GN;GN70;General works
GN;GN70.5.A1;General works
GN;GN70.5.A2-Z;Individual countries, A-Z
GN;GN70.6.A1;General works
GN;GN70.6.A2-Z;Individual countries, A-Z
GN;GN70.7.A1;General works
GN;GN70.7.A2-Z;Individual countries, A-Z
GN;GN70.8.A1;General works
GN;GN70.8.A2-Z;Individual countries, A-Z
GN;GN70.9.A1;General works
GN;GN70.9.A2-Z;Individual countries, A-Z
GN;GN71;General works
GN;GN72;General special
GN;GN74;Facial reconstruction
GN;GN84;General works
GN;GN85.A-Z;By region or country, A-Z
GN;GN87;General works
GN;GN90;General works
GN;GN93.A-Z;Individual countries, A-Z
GN;GN100;General works
GN;GN103.A-Z;Individual countries, A-Z
GN;GN110;General works
GN;GN113.A-Z;Individual countries, A-Z
GN;GN120;General works
GN;GN123.A-Z;Individual countries, A-Z
GN;GN125;General works
GN;GN128.A-Z;Individual countries, A-Z
GN;GN130.A-Z;By race, A-Z
GN;GN130.B56;Black
GN;GN130.M7;Mongolian
GN;GN131;Special details (not A-Z)
GN;GN141;Vertebra
GN;GN145;Shoulder girdle, scapula, etc.
GN;GN151;Pelvis
GN;GN161;Extremities
GN;GN171;Muscular system
GN;GN181;General works
GN;GN182;General works
GN;GN183.A-Z;Individual countries, A-Z
GN;GN184;General works
GN;GN185.A-Z;Individual countries, A-Z
GN;GN186;General works
GN;GN187.A-Z;Individual countries, A-Z
GN;GN188;General works
GN;GN189.A-Z;Individual countries, A-Z
GN;GN190;General works
GN;GN190.5.A-Z;Individual countries, A-Z
GN;GN191;General works
GN;GN192;Dermatoglyphics. Fingerprints
GN;GN193;Hair
GN;GN197;Color. Pigmentation
GN;GN199;Albinism
GN;GN201;Sense organs
GN;GN206;Internal organs
GN;GN209;Teeth. Dental anthropology
GN;GN211;Sex organs
GN;GN221;General works
GN;GN223;Basal metabolism
GN;GN229;Strength
GN;GN231;General works
GN;GN232;Sitting position
GN;GN233;Left- and right-handedness
GN;GN235;General works
GN;GN236;General works
GN;GN236.5;Multiple births (Twins, triplets, etc.)
GN;GN238;Puberty
GN;GN241;Fertility
GN;GN247;General works
GN;GN251;Atavism
GN;GN252;Inbreeding
GN;GN254;Racial crossing. Miscegenation
GN;GN256;Degeneration
GN;GN260;General works
GN;GN263;Blood groups
GN;GN264;Hemoglobin polymorphisms
GN;GN265;Immunoglobulin allotypes
GN;GN269;General works
GN;GN270;General works
GN;GN273;General special
GN;GN274;General works
GN;GN275;Hearing
GN;GN277;Vision
GN;GN279.A-Z;Other senses, A-Z
GN;GN280.7;Man as an animal. Simian traits versus human traits
GN;GN281;General works
GN;GN281.4;General special
GN;GN282;General works
GN;GN282.5;General special
GN;GN282.6;Gigantopithecus
GN;GN282.7;General works
GN;GN282.73;Ardipithecus kadabba
GN;GN283;General works
GN;GN283.25;Australopithecus afarensis
GN;GN283.3;Australopithecus prometheus
GN;GN283.5;Meganthropus paleojavanicus
GN;GN283.6;Paranthropus crassidens
GN;GN283.7;Plesianthropus transvaalensis
GN;GN283.8;Zinjanthropus boisei
GN;GN283.9;Homo habilis
GN;GN284;General works
GN;GN284.4;Homo soloensis
GN;GN284.5;Homo naledi
GN;GN284.6;Java man. Pithecanthropus erectus. Homo erectus javensis
GN;GN284.7;Peking man. Homo erectus pekinensis. Sinanthropus pekinensis
GN;GN284.8;Heidelberg man. Homo heidelbergensis
GN;GN285;Homo neanderthalensis
GN;GN285.2;Denisovans
GN;GN286;General works
GN;GN286.2;Boskop man
GN;GN286.3;Cro-Magnon man
GN;GN286.7;Swanscombe
GN;GN286.8;Tianyuan man
GN;GN289;General works
GN;GN290.A-Z;By region or country, A-Z
GN;GN293;Mummies
GN;GN296;General works
GN;GN296.5.A-Z;By region or country, A-Z
GN;GN298;Social aspects of the human body
GN;GN301;Periodicals. Societies. Serials
GN;GN302;Congresses
GN;GN303;Several authors
GN;GN304;Individual authors
GN;GN307;Dictionaries. Encyclopedias
GN;GN307.3;Directories
GN;GN307.5;General works
GN;GN307.6;Information services
GN;GN307.65;Computer network resources. Computer networks
GN;GN307.7;Writing of ethnographies
GN;GN307.8;General works
GN;GN307.82;Audiovisual aids
GN;GN307.85.A-Z;By region or country, A-Z
GN;GN308;General works
GN;GN308.3.A-Z;By region or country, A-Z
GN;GN310;Through 1870
GN;GN315;1871-1974
GN;GN316;1975-
GN;GN320;General special (Special aspects of the subject as a whole)
GN;GN323;Outlines, syllabi
GN;GN325;Addresses, essays, lectures
GN;GN330;Popular works
GN;GN333;Juvenile works
GN;GN340;Pictorial works
GN;GN345;General works
GN;GN345.15;Relation to communism. Marxist anthropology
GN;GN345.2;Relation to history. Ethnohistory
GN;GN345.3;Classification
GN;GN345.4;Digital ethnology
GN;GN345.5;Cultural relativism
GN;GN345.6;Intercultural communication
GN;GN345.65;Cross-cultural orientation
GN;GN345.7;Cross cultural studies
GN;GN346;General works
GN;GN346.3;Interviews
GN;GN346.4;Participant observation
GN;GN346.5;Data processing
GN;GN346.6;Life histories
GN;GN346.7;Cartography. Mapping
GN;GN346.8;Mathematical models
GN;GN346.85;Statistical methods
GN;GN347;Visual anthropology. Photography. Motion pictures
GN;GN348;Sound recordings in ethnology
GN;GN357;General works
GN;GN357.5;Origin of culture
GN;GN358;Culture change. Social change
GN;GN360;General works
GN;GN360.4;Neo-evolutionism
GN;GN362;Structuralism. Structural anthropology
GN;GN363;Functionalism
GN;GN365;General works
GN;GN365.4;General works
GN;GN365.6;Kulturkreis theory
GN;GN365.8;Cultural determinism
GN;GN365.9;Biological determinism. Sociobiology
GN;GN366;General works
GN;GN367;Assimilation
GN;GN368;First contact with Western civilization
GN;GN370;Migrations of peoples (General)
GN;GN372;Feral studies. Wolf children
GN;GN378;Collected ethnographies
GN;GN380;Threatened societies
GN;GN386;Oceanic peoples. Maritime anthropology
GN;GN387;Nomadic peoples
GN;GN388;Hunting and gathering peoples
GN;GN389;Fishing peoples
GN;GN389.5;Whaling peoples
GN;GN390;Desert people
GN;GN391;Island people
GN;GN392;Mountain people
GN;GN393;Grassland people
GN;GN394;Rain forest people
GN;GN395;City dwellers. Urban anthropology
GN;GN396;Peaceful societies
GN;GN397;Periodicals. Societies. Serials
GN;GN397.5;General works
GN;GN397.7.A-Z;By region or country, A-Z
GN;GN398;Periodicals. Societies. Serials
GN;GN398.5;General works
GN;GN398.7.A-Z;By region or country, A-Z
GN;GN406;General works
GN;GN406.5;Influence of the environment
GN;GN407;General works
GN;GN407.3;General works
GN;GN407.33.A-Z;Special, A-Z
GN;GN407.33.H55;Harpoons
GN;GN407.33.R45;Reindeer and caribou hunting
GN;GN407.33.T7;Traps
GN;GN407.35;Fishing
GN;GN407.4;General works
GN;GN407.5;General works
GN;GN407.55;Horticulture
GN;GN407.6;General works
GN;GN407.7;Pastoralism. Herding
GN;GN407.8;Irrigation
GN;GN408;Geophagy. Dirt eating
GN;GN409;Cannibalism
GN;GN409.5;Insects
GN;GN410;Food preparation
GN;GN410.5;Beverages
GN;GN411;General works
GN;GN411.5;Alcohol
GN;GN413;General works
GN;GN413.5;Village patterns
GN;GN414;General works
GN;GN414.3.A-Z;Special types, A-Z
GN;GN414.3.C38;Cave-dwellings
GN;GN414.3.G7;Grass huts
GN;GN414.3.T45;Tents
GN;GN415;General works
GN;GN415.3.A-Z;Special, A-Z
GN;GN415.3.H35;Hammocks
GN;GN416;General works
GN;GN416.5;Light and heat
GN;GN417;Fire-making
GN;GN418;General works
GN;GN418.4;General works
GN;GN419.A-Z;Special, A-Z
GN;GN419.B4;Beads
GN;GN419.13;Hairstyles. Headdresses
GN;GN419.15;Cosmetics. Body markings. Body painting
GN;GN419.2;Mutilations
GN;GN419.25;Body piercing
GN;GN419.3;Tattooing
GN;GN419.5;Masks
GN;GN429;General works
GN;GN430;General special
GN;GN431;Basketmaking
GN;GN432;Weaving and spinning. Textile fabrics
GN;GN433;Pottery making
GN;GN433.5;Beadwork
GN;GN434;General works
GN;GN434.2.A-Z;Special, A-Z
GN;GN434.2.A45;Amber
GN;GN434.2.F55;Flint
GN;GN434.2.M53;Microblades
GN;GN434.3;General works
GN;GN434.5;Bark
GN;GN434.6;Gourds
GN;GN434.7;Wood
GN;GN435;General works
GN;GN435.3;Bone, tooth, horn
GN;GN435.5;Leather. Skin dressing
GN;GN435.7;Shell
GN;GN435.9;Feathers
GN;GN436;General works
GN;GN436.2;Copper. Bronze
GN;GN436.3;Gold
GN;GN436.4;Iron
GN;GN436.8;General works
GN;GN437.A-Z;Special, A-Z
GN;GN437.A35;Adzes
GN;GN437.A9;Axes
GN;GN437.D7;Drilling implements
GN;GN437.K55;Knives
GN;GN437.P65;Pounders
GN;GN438;General works
GN;GN438.2;General special
GN;GN439;Routes of communication
GN;GN440;General works
GN;GN440.1;Boats
GN;GN440.2;Canoes
GN;GN441;Vehicles. Wheels
GN;GN442;Snowshoes. Skis
GN;GN448;General works
GN;GN448.2;General special
GN;GN448.3;Allocation of natural resources
GN;GN448.5;General works
GN;GN448.6;Specialization
GN;GN448.8;Cooperation. Competition
GN;GN449;General works
GN;GN449.3;Land tenure
GN;GN449.6;General works
GN;GN449.8;Ceremonial exchange
GN;GN450;General works
GN;GN450.2;Markets
GN;GN450.4;Barter
GN;GN450.5;Money
GN;GN450.7;Reciprocity
GN;GN450.75;Sharing
GN;GN450.8;Business anthropology
GN;GN451;General works
GN;GN452;General works
GN;GN452.5;Symbolism. Signs and symbols
GN;GN453;Creativity. Creative ability
GN;GN454;General works
GN;GN454.5;General special
GN;GN454.55;Wit and humor
GN;GN454.6;Gambling
GN;GN454.7;Children's play
GN;GN454.8;General works
GN;GN455.A-Z;Special, A-Z
GN;GN455.D64;Dolls
GN;GN455.S9;String figures
GN;GN468;General works
GN;GN468.2;General special
GN;GN468.4;General works
GN;GN468.45;Names. Naming systems
GN;GN468.5;Folk models
GN;GN468.7;Ethics
GN;GN469;Values
GN;GN469.5;Time concepts. Cross-cultural studies of time
GN;GN470;General works
GN;GN470.2;General special
GN;GN470.5;Origin of religion
GN;GN470.7;Religion and society
GN;GN471;Nature worship. Animism
GN;GN471.4;Mana. Taboo
GN;GN472;Fetishism
GN;GN472.4;Religious experience. Trances. Vision and ecstasy
GN;GN472.5;Supernatural beings
GN;GN472.6;Soul concept
GN;GN472.7;General works
GN;GN472.75;Cargo cults
GN;GN472.8;Ancestor worship
GN;GN473;General works
GN;GN473.3;Head hunting
GN;GN473.4;General works
GN;GN473.5;Blood sacrifice
GN;GN473.6;Rain-making rites
GN;GN474;Religious specialists, priests, etc.
GN;GN475;General works
GN;GN475.3;Magic
GN;GN475.5;Witchcraft. Black magic. Sorcery
GN;GN475.6;Evil eye
GN;GN475.7;Divination
GN;GN475.8;Curing. Medicine men. Shamanism
GN;GN476;General works
GN;GN476.15;Mathematics. Counting and number systems
GN;GN476.3;Astronomy. Calendars
GN;GN476.35;Meteorology. Ethnometeorology
GN;GN476.4;General works
GN;GN476.5;Cartography
GN;GN476.6;History
GN;GN476.7;General works
GN;GN476.73;Ethnobotany
GN;GN476.76;General works
GN;GN476.77;Ethnoornithology
GN;GN476.78;Ethnoentomology. Insects
GN;GN477;General works
GN;GN477.5;General works
GN;GN477.7;Trepanation
GN;GN478;General works
GN;GN479;General special
GN;GN479.5;Matriarchy
GN;GN479.6;Patriarchy
GN;GN479.65;General works
GN;GN479.7;Women
GN;GN479.8;Social groups (General)
GN;GN480;General works
GN;GN480.2;General special
GN;GN480.25;Incest. Consanguinity
GN;GN480.3;Endogamy and exogamy
GN;GN480.33;General works
GN;GN480.35;Polygyny
GN;GN480.36;Polyandry
GN;GN480.4;Cross-cousin marriage
GN;GN480.43;Levirate
GN;GN480.5;Nuclear families
GN;GN480.55;Extended families
GN;GN480.6;General works
GN;GN480.63;Matrilocal. Uxorilocal
GN;GN480.65;Patrilocal. Virilocal
GN;GN482;General works
GN;GN482.1;General works
GN;GN482.3;Adoption
GN;GN482.4;Birth control. Abortion
GN;GN482.5;Infanticide
GN;GN483;General works
GN;GN483.3;Initiations. Puberty rites
GN;GN484;Circumcision. Female circumcision
GN;GN484.2;General works
GN;GN484.3;General works
GN;GN484.35;Homosexuality
GN;GN484.38;Menstruation
GN;GN484.4;General works
GN;GN484.43;Betrothal
GN;GN484.45;Bridewealth. Dowry
GN;GN484.47;Virginity. Defloration
GN;GN484.7;Divorce
GN;GN485;Old age
GN;GN485.5;General works
GN;GN486;Funeral and mourning customs
GN;GN486.3;Friendship
GN;GN486.5;Dictionaries. Encyclopedias
GN;GN487;General works
GN;GN487.3;General works
GN;GN487.4;Matrilineal
GN;GN487.5;Patrilineal
GN;GN487.6;Double descent
GN;GN487.7.A-Z;Special kinship groups, A-Z
GN;GN487.7.C55;Clans. Sibs
GN;GN487.7.M6;Moieties
GN;GN487.7.P45;Phratries
GN;GN488;General works
GN;GN488.2;Ambilineal. Ramages
GN;GN488.4;Bilateral. Kindreds
GN;GN489;Totemism
GN;GN490;General works
GN;GN490.2;Institutionalized friendships. Blood brothers. Bond friends
GN;GN490.3;God parents
GN;GN490.5;Age groups
GN;GN490.7;Sex-based groups
GN;GN490.8;Secret societies
GN;GN491;General works
GN;GN491.4;Castes
GN;GN491.45;Classes
GN;GN491.5;Professional distinctions
GN;GN491.7;Territorial groups. Human territoriality
GN;GN492;General works
GN;GN492.2;General special
GN;GN492.25;Leadership. Authority
GN;GN492.3;Political customs and rites
GN;GN492.4;Bands
GN;GN492.44;Segmentary systems
GN;GN492.5;Tribes
GN;GN492.55;Chieftainships
GN;GN492.6;General works
GN;GN492.7;Kingships. Kings
GN;GN493;General works
GN;GN493.3;Social norms. Behavioral conformity
GN;GN493.5;Deviance
GN;GN494;Violation of norms. Crime
GN;GN494.3;Punishment. Ordeals
GN;GN494.5;General works
GN;GN495;Retaliation. Vendetta
GN;GN495.2;Violence
GN;GN495.4;General works
GN;GN495.6;Ethnicity. Ethnic identity
GN;GN495.8;Ethnocentrism
GN;GN496;General works
GN;GN496.5;Feuds
GN;GN497;General works
GN;GN497.5;General works
GN;GN498.A-Z;Special, A-Z
GN;GN498.B5;Blowguns
GN;GN498.B6;Boomerangs
GN;GN498.B78;Bows and arrows
GN;GN498.C6;Clubs
GN;GN498.S5;Shields
GN;GN498.S55;Slings
GN;GN498.S68;Spears
GN;GN498.T5;Throwing sticks
GN;GN502;General works
GN;GN504;Culture and personality
GN;GN506;Culture patterns. Cultural configurations
GN;GN508;Psychoanalytic interpretations
GN;GN510;Socialization. Enculturation
GN;GN512;Self concept. Self identity
GN;GN514;Psychology and social change
GN;GN517;Culture shock
GN;GN519;Affect. Emotions
GN;GN537;Caucasian. White races (General)
GN;GN539;Indo-European
GN;GN543;Mediterranean
GN;GN547;Semitic. Jewish
GN;GN548;Mongolian races (General)
GN;GN549.A-Z;Other, A-Z
GN;GN549.A7;Arabs
GN;GN549.B3;Basques
GN;GN549.B9;Budini
GN;GN549.C3;Celts
GN;GN549.C73;Creoles
GN;GN549.F5;Finno-Ugrians
GN;GN549.G4;Germanic tribes
GN;GN549.P3;Pelasgi
GN;GN549.P9;Pygmies
GN;GN549.S6;Slavs
GN;GN549.T4;Teutonic peoples. Nordic peoples
GN;GN549.U7;Uralic peoples
GN;GN550;General works
GN;GN560.A-Z;By region or country, A-Z
GN;GN562;General works
GN;GN564.A-Z;By region or country, A-Z
GN;GN575;General works
GN;GN585.A-Z;By region or country, A-Z
GN;GN588;Mediterranean Region
GN;GN590;Parts of Asia, Africa, and Oceania (Collectively)
GN;GN625;General works
GN;GN635.A-Z;By region or country, A-Z
GN;GN635.B6;Borneo
GN;GN635.I4;India
GN;GN635.I65;Indonesia
GN;GN635.M35;Malay Archipelago
GN;GN635.M4;Malaysia
GN;GN635.M43;Maldives
GN;GN635.N42;Near East. Middle East. Southwestern Asia
GN;GN635.R9;Ryukyu Islands
GN;GN635.S5;Siberia
GN;GN635.S58;Southeast Asia
GN;GN635.S64;Soviet Central Asia
GN;GN635.T4;Thailand
GN;GN640;Arab countries
GN;GN641;Islamic countries
GN;GN643;Periodicals. Societies. Serials
GN;GN645;General works
GN;GN646;General works
GN;GN648;Egypt
GN;GN649.A-Z;Other regions or countries, A-Z
GN;GN649.A4;Algeria
GN;GN649.L53;Libya
GN;GN649.M65;Morocco
GN;GN650;General works
GN;GN650.5.A-Z;By region or country, A-Z
GN;GN650.5.D55;Djibouti
GN;GN650.5.E8;Ethiopia
GN;GN650.5.S65;Somalia
GN;GN651;General works
GN;GN652.A-Z;By region or country, A-Z
GN;GN652.C44;Central African Republic
GN;GN652.C5;Chad
GN;GN652.M25;Mali
GN;GN652.M28;Mauritania
GN;GN652.N54;Niger
GN;GN652.S93;Sudan
GN;GN652.T63;Togo
GN;GN652.U65;Upper Volta. Burkina Faso
GN;GN652.5;General works
GN;GN653;Nigeria
GN;GN654.A1;Periodicals. Societies. Serials
GN;GN654.A5-Z;General works
GN;GN655.A-Z;Other regions or countries, A-Z
GN;GN655.A5;Angola
GN;GN655.B46;Benin
GN;GN655.C3;Cameroon
GN;GN655.C65;Congo (Brazzaville)
GN;GN655.G3;Gabon
GN;GN655.G35;Gambia
GN;GN655.G45;Ghana
GN;GN655.G74;Equatorial Guinea. Spanish Guinea
GN;GN655.G75;Guinea. French Guinea
GN;GN655.G76;Guinea-Bissau. Portuguese Guinea
GN;GN655.I9;Ivory Coast. Côte d'Ivoire
GN;GN655.L5;Liberia
GN;GN655.S3;Senegal
GN;GN655.S5;Sierra Leone
GN;GN656;General works
GN;GN657.A-Z;By region or country, A-Z
GN;GN657.B64;Botswana
GN;GN657.M15;Malawi
GN;GN657.N35;Namibia. South-West Africa
GN;GN657.O36;Okavango River
GN;GN657.R4;Northern Rhodesia. Zambia
GN;GN657.R5;Southern Rhodesia. Zimbabwe
GN;GN658;General works
GN;GN659.A-Z;By region or country, A-Z
GN;GN659.B78;Burundi
GN;GN659.K4;Kenya
GN;GN659.M6;Mozambique
GN;GN659.R85;Rwanda
GN;GN659.T3;Tanzania
GN;GN659.U3;Uganda
GN;GN661.A-Z;Islands, A-Z
GN;GN661.A95;Azores
GN;GN661.C2;Canary Islands
GN;GN661.C65;Comoros
GN;GN661.M2;Madagascar
GN;GN661.M38;Mauritius
GN;GN661.R48;Réunion
GN;GN661.S49;Seychelles
GN;GN662;General works
GN;GN663;General special
GN;GN665;General works
GN;GN666;General special
GN;GN667.A-Z;By region or state, A-Z
GN;GN667.5;New Zealand
GN;GN668;Melanesia (General)
GN;GN669;Micronesia (General)
GN;GN670;Polynesia (General)
GN;GN671.A-Z;Other countries, islands, or island groups, A-Z
GN;GN671.C3;Caroline Islands
GN;GN671.C5;Chatham Islands
GN;GN671.C6;Cook Islands
GN;GN671.E2;Easter Island
GN;GN671.F5;Fiji
GN;GN671.G35;Gambier Islands. Mangareva
GN;GN671.H3;Hawaii
GN;GN671.K57;Kiribati
GN;GN671.M27;Mariana Islands. Northern Mariana Islands
GN;GN671.M3;Marquesas Islands
GN;GN671.M33;Marshall Islands
GN;GN671.N27;Nauru
GN;GN671.N35;New Caledonia
GN;GN671.N5;New Guinea. Papua New Guinea
GN;GN671.N6;New Hebrides. Vanuatu
GN;GN671.P5;Philippines
GN;GN671.S2;Samoan Islands
GN;GN671.S55;Society Islands
GN;GN671.S6;Solomon Islands
GN;GN671.T46;Tokelau Islands
GN;GN671.T5;Tonga
GN;GN671.T6;Torres Strait Islands
GN;GN671.T76;Truk Islands
GN;GN671.T77;Tuamotu Islands
GN;GN671.T8;Tubuai Islands
GN;GN671.T88;Tuvalu
GN;GN671.W3;Wallis and Futuna
GN;GN673;Arctic regions
GN;GN674;Tropics
GN;GN700;Periodicals. Societies. Serials
GN;GN701;Congresses
GN;GN705;Collected works (nonserial)
GN;GN710;Dictionaries. Encyclopedias
GN;GN720;General works
GN;GN722.A-Z;By region or country, A-Z
GN;GN733;Early through 1800
GN;GN735;1801-1869
GN;GN738;1870-1950
GN;GN739;1951-1974
GN;GN740;1975-
GN;GN741;General special
GN;GN743;Popular works
GN;GN744;Juvenile works
GN;GN746;Pictorial works
GN;GN750;Periodicals. Societies. Serials
GN;GN751;General works
GN;GN755;Subterranean civilization
GN;GN761;Study and teaching. Research
GN;GN766;Addresses, essays, lectures
GN;GN768;General works
GN;GN769;General works
GN;GN770;General special
GN;GN770.2.A1;General works
GN;GN770.2.A5-Z;Special cultures, peoples, etc., A-Z
GN;GN770.22.A-Z;By region or country, A-Z
GN;GN770.25;Mediterranean Region (General)
GN;GN770.28;Eurasia
GN;GN770.3.A1;General works
GN;GN770.3.A5-Z;Special cultures, peoples, etc., A-Z
GN;GN770.32.A-Z;By region or country, A-Z
GN;GN770.32.N4;Near East. Middle East
GN;GN770.4.A1;General works
GN;GN770.4.A5-Z;Special cultures, peoples, etc., A-Z
GN;GN770.42.A-Z;By region or country, A-Z
GN;GN770.5.A1;General works
GN;GN770.5.A5-Z;Special cultures, peoples, etc.
GN;GN770.52.A-Z;By region or country, A-Z
GN;GN771;General works
GN;GN772;General special
GN;GN772.2.A1;General works
GN;GN772.2.A5-Z;Special cultures, peoples, etc., A-Z
GN;GN772.2.A53;Acheulian
GN;GN772.2.A78;Aterien
GN;GN772.2.A8;Aurignacian
GN;GN772.2.C3;Capsian
GN;GN772.2.C48;Chatelperronien
GN;GN772.2.C53;Clactonian
GN;GN772.2.H36;Hamburgian
GN;GN772.2.M3;Magdalenian
GN;GN772.2.M6;Mousterian
GN;GN772.2.P32;Patjitan
GN;GN772.2.P4;Perigordian
GN;GN772.2.S6;Solutrean
GN;GN772.22.A-Z;By region or country, A-Z
GN;GN772.25;Mediterranean Region (General)
GN;GN772.28;Eurasia
GN;GN772.3.A1;General works
GN;GN772.3.A5-Z;Special cultures, peoples, etc., A-Z
GN;GN772.32.A-Z;By region or country, A-Z
GN;GN772.32.N4;Near East
GN;GN772.4.A1;General works
GN;GN772.4.A5-Z;Special cultures, peoples, etc., A-Z
GN;GN772.42.A-Z;By region or country, A-Z
GN;GN772.5.A1;General works
GN;GN772.5.A5-Z;Special cultures, peoples, etc., A-Z
GN;GN772.52.A-Z;By region or country, A-Z
GN;GN773;General works
GN;GN774;General special
GN;GN774.2.A1;General works
GN;GN774.2.A5-Z;Special cultures, peoples, etc., A-Z
GN;GN774.2.A85;Asturian
GN;GN774.2.A97;Azilian
GN;GN774.2.E73;Ertebølle
GN;GN774.2.K66;Kongemose
GN;GN774.2.M33;Maglemosean
GN;GN774.2.N38;Natufian
GN;GN774.2.S6;Smithfield
GN;GN774.2.T3;Tardenoisian
GN;GN774.2.V47;Veretye
GN;GN774.2.W5;Wilton
GN;GN774.22.A-Z;By region or country, A-Z
GN;GN774.25;Mediterranean Region (General)
GN;GN774.28;Eurasia
GN;GN774.3.A1;General works
GN;GN774.3.A5-Z;Special cultures, peoples, etc., A-Z
GN;GN774.32.A-Z;By region or country, A-Z
GN;GN774.32.N4;Near East
GN;GN774.4.A1;General works
GN;GN774.4.A5-Z;Special cultures, peoples, etc., A-Z
GN;GN774.42.A-Z;By region or country, A-Z
GN;GN774.5.A1;General works
GN;GN774.5.A5-Z;Special cultures, peoples, etc., A-Z
GN;GN774.52.A-Z;By region or country, A-Z
GN;GN775;General works
GN;GN776;General special
GN;GN776.2.A1;General works
GN;GN776.2.A5-Z;Special cultures, peoples, etc., A-Z
GN;GN776.2.B3;Bandkeramik
GN;GN776.2.B4;Beaker
GN;GN776.2.B47;Bernburg
GN;GN776.2.B64;Boisman culture
GN;GN776.2.C43;Chassey culture
GN;GN776.2.C6;Corded ware
GN;GN776.2.C68;Cotofeni
GN;GN776.2.C83;Cucuteni-Trypillia. Cucuteni-Tripolye
GN;GN776.2.D3;Danilo
GN;GN776.2.F8;Funnel-beaker
GN;GN776.2.G86;Gumelnița
GN;GN776.2.H34;Halaf
GN;GN776.2.H58;Hongshan
GN;GN776.2.H6;Horgen
GN;GN776.2.H75;Hsi-t'uan shan
GN;GN776.2.J6;Jōmon
GN;GN776.2.L4;Lengyel-Jordansmühl
GN;GN776.2.L52;Liangzhu
GN;GN776.2.M35;Majiayao
GN;GN776.2.M5;Michelsberg
GN;GN776.2.O35;Okhotsk
GN;GN776.2.P3;Passage Graves
GN;GN776.2.P43;Pʻei-li-kang
GN;GN776.2.P47;Pfyn
GN;GN776.2.Q25;Qijia
GN;GN776.2.R67;Rössen culture
GN;GN776.2.S27;Satsumon
GN;GN776.2.S55;Single grave culture
GN;GN776.2.S66;Songze culture
GN;GN776.2.S73;Starčevo
GN;GN776.2.V5;Vinča
GN;GN776.2.Y27;Yang-shao
GN;GN776.2.Y3;Yayoi
GN;GN776.22.A-Z;By region or country, A-Z
GN;GN776.25;Mediterranean Region (General)
GN;GN776.28;Eurasia
GN;GN776.3.A1;General works
GN;GN776.3.A5-Z;Special cultures, peoples, etc., A-Z
GN;GN776.32.A-Z;By region or country, A-Z
GN;GN776.32.N4;Near East
GN;GN776.4.A1;General works
GN;GN776.4.A5-Z;Special cultures, peoples, etc., A-Z
GN;GN776.42.A-Z;By region or country, A-Z
GN;GN776.5.A1;General works
GN;GN776.5.A5-Z;Special cultures, peoples, etc., A-Z
GN;GN776.52.A-Z;By region or country, A-Z
GN;GN777;General works
GN;GN778;General special
GN;GN778.2.A1;General works
GN;GN778.2.A2-Z;Special cultures, peoples, etc., A-Z
GN;GN778.2.A22;Abashev
GN;GN778.2.A53;Andronovo culture
GN;GN778.2.B3;Baden
GN;GN778.2.B37;Barkhatov culture
GN;GN778.2.B44;Bell beaker
GN;GN778.2.C37;Castelluccian culture
GN;GN778.2.D66;Dong Son culture
GN;GN778.2.G48;Ghassul
GN;GN778.2.K5;Knoviz
GN;GN778.2.K63;Koban culture
GN;GN778.2.K87;Kura-Araxes culture
GN;GN778.2.L3;Lausitz
GN;GN778.2.L49;Leyla-Tepe culture
GN;GN778.2.M35;Maikop culture
GN;GN778.2.M53;Mierzanowice
GN;GN778.2.N87;Nuraghi
GN;GN778.2.R56;Rinaldone culture
GN;GN778.2.S68;Srubna
GN;GN778.2.T86;Tumulus
GN;GN778.2.U22;Ubaid
GN;GN778.2.U43;Unetice
GN;GN778.2.U76;Urnfield
GN;GN778.2.V83;Vučedol
GN;GN778.22.A-Z;By region or country, A-Z
GN;GN778.25;Mediterranean Region (General)
GN;GN778.28;Eurasia
GN;GN778.3.A1;General works
GN;GN778.3.A5-Z;Special cultures, peoples, etc., A-Z
GN;GN778.32.A-Z;By region or country, A-Z
GN;GN778.32.N4;Near East
GN;GN778.4.A1;General works
GN;GN778.4.A5-Z;Special cultures, peoples, etc., A-Z
GN;GN778.42.A-Z;By region or country, A-Z
GN;GN778.5.A1;General works
GN;GN778.5.A5-Z;Special cultures, peoples, etc., A-Z
GN;GN778.52.A-Z;By region or country, A-Z
GN;GN779;General works
GN;GN780;General special
GN;GN780.2.A1;General works
GN;GN780.2.A5-Z;Special cultures, peoples, etc., A-Z
GN;GN780.2.H3;Hallstatt
GN;GN780.2.J38;Jastorf culture
GN;GN780.2.L3;La Tène period
GN;GN780.2.P39;Pazyryk culture
GN;GN780.2.P79;Przeworsk
GN;GN780.2.S27;Sargat
GN;GN780.2.V5;Villanovan culture
GN;GN780.2.W54;Wielbark culture
GN;GN780.22.A-Z;By region or country, A-Z
GN;GN780.25;Mediterranean Region (General)
GN;GN780.28;Eurasia
GN;GN780.3.A1;General works
GN;GN780.3.A5-Z;Special cultures, peoples, etc., A-Z
GN;GN780.32.A-Z;By region or country, A-Z
GN;GN780.32.N4;Near East
GN;GN780.4.A1;General works
GN;GN780.4.A5-Z;Special cultures, peoples, etc., A-Z
GN;GN780.42.A-Z;By region or country, A-Z
GN;GN780.5.A1;General works
GN;GN780.5.A5-Z;Special cultures, peoples, etc., A-Z
GN;GN780.52.A-Z;By region or country, A-Z
GN;GN783;General works
GN;GN783.3;Artificial caves
GN;GN783.5;Other (not A-Z)
GN;GN784;Coastal sites. Coastal archaeology
GN;GN785;Lake dwellings and lake dwellers
GN;GN786;Wetland sites. Water-saturated sites
GN;GN787;Kitchen middens
GN;GN789;Fortifications. Earthworks
GN;GN790;Megalithic monuments
GN;GN795;Mounds, tumuli, etc.
GN;GN796;Leys. Straight tracks
GN;GN799.A-Z;Other special topics, A-Z
GN;GN799.A4;Agriculture
GN;GN799.A5;Amber
GN;GN799.A76;Artisans
GN;GN799.A8;Astronomy
GN;GN799.A9;Axes
GN;GN799.B62;Boats
GN;GN799.B65;Bone implements. Bone carving
GN;GN799.B7;Bronzes
GN;GN799.B8;Buildings. Architecture
GN;GN799.C25;Cannibalism
GN;GN799.C35;Chemistry
GN;GN799.C38;Children
GN;GN799.C45;Commerce
GN;GN799.C49;Cordage
GN;GN799.C5;Costume
GN;GN799.C87;Cupules
GN;GN799.C9;Cyclons
GN;GN799.E4;Economics
GN;GN799.E63;Engineering
GN;GN799.F48;Fire
GN;GN799.F5;Fishing
GN;GN799.F6;Food
GN;GN799.G53;Glass beads
GN;GN799.G6;Gold
GN;GN799.H84;Hunting
GN;GN799.J33;Jade. Jade implements
GN;GN799.M4;Metallurgy
GN;GN799.N3;Navigation
GN;GN799.P4;Petroglyphs. Rock paintings
GN;GN799.P5;Pins and needles
GN;GN799.P6;Pottery
GN;GN799.P74;Psychology
GN;GN799.Q83;Quarries
GN;GN799.R4;Religion
GN;GN799.S4;Sculpture
GN;GN799.S43;Settlement patterns
GN;GN799.S45;Sex role
GN;GN799.S5;Skis
GN;GN799.S9;Symbolism
GN;GN799.T43;Textile fabrics
GN;GN799.T6;Tools
GN;GN799.T7;Toys
GN;GN799.T73;Transportation
GN;GN799.W26;Warfare
GN;GN799.W3;Weapons
GN;GN799.W4;Weaving
GN;GN799.W66;Women
GN;GN800;General works
GN;GN802;Private collections
GN;GN803;General works
GN;GN805.A1;Periodicals. Societies
GN;GN805.A2;Congresses
GN;GN805.A3A-.A3Z;Museums. Exhibitions. By city, A-Z
GN;GN805.A5-Z;General works
GN;GN806.A-Z;Local, A-Z
GN;GN806.5.A1;Periodicals. Societies
GN;GN806.5.A2;Congresses
GN;GN806.5.A3A-.A3Z;Museums. Exhibitions. By city, A-Z
GN;GN806.5.A5-Z;General works
GN;GN806.6.A-Z;Local, A-Z
GN;GN807.A1;Periodicals. Societies
GN;GN807.A2;Congresses
GN;GN807.A3A-.A3Z;Museums. Exhibitions. By city, A-Z
GN;GN807.A5-Z;General works
GN;GN808.A-Z;Local, A-Z
GN;GN811.A1;Periodicals. Societies
GN;GN811.A2;Congresses
GN;GN811.A3A-.A3Z;Museums. Exhibitions. By city, A-Z
GN;GN811.A5-Z;General works
GN;GN812.A-Z;Local, A-Z
GN;GN813.A1;Periodicals. Societies
GN;GN813.A2;Congresses
GN;GN813.A3A-.A3Z;Museums. Exhibitions. By city, A-Z
GN;GN813.A5-Z;General works
GN;GN814.A-Z;Local, A-Z
GN;GN814.5.A1;Periodicals. Societies
GN;GN814.5.A2;Congresses
GN;GN814.5.A3A-.A3Z;Museums. Exhibitions. By city, A-Z
GN;GN814.5.A5-Z;General works
GN;GN814.6.A-Z;Local, A-Z
GN;GN815.A1;Periodicals. Societies
GN;GN815.A2;Congresses
GN;GN815.A3A-.A3Z;Museums. Exhibitions. By city, A-Z
GN;GN815.A5-Z;General works
GN;GN816.A-Z;Local, A-Z
GN;GN817.A1;Periodicals. Societies
GN;GN817.A2;Congresses
GN;GN817.A3A-.A3Z;Museums. Exhibitions. By city, A-Z
GN;GN817.A5-Z;General works
GN;GN818.A-Z;Local, A-Z
GN;GN819.A1;Periodicals. Societies
GN;GN819.A2;Congresses
GN;GN819.A3A-.A3Z;Museums. Exhibitions. By city, A-Z
GN;GN819.A5-Z;General works
GN;GN820.A-Z;Local, A-Z
GN;GN821.A1;Periodicals. Societies
GN;GN821.A2;Congresses
GN;GN821.A3A-.A3Z;Museums. Exhibitions. By city, A-Z
GN;GN821.A5-Z;General works
GN;GN822.A-Z;Local, A-Z
GN;GN823.A1;Periodicals. Societies
GN;GN823.A2;Congresses
GN;GN823.A3A-.A3Z;Museums. Exhibitions. By city, A-Z
GN;GN823.A5-Z;General works
GN;GN824.A-Z;Local, A-Z
GN;GN825;Scandinavia
GN;GN826.A1;Periodicals. Societies
GN;GN826.A2;Congresses
GN;GN826.A3A-.A3Z;Museums. Exhibitions. By city, A-Z
GN;GN826.A5A-Z;General works
GN;GN827.A-Z;Local, A-Z
GN;GN828.A1;Periodicals. Societies
GN;GN828.A2;Congresses
GN;GN828.A3A-.A3Z;Museums. Exhibitions. By city, A-Z
GN;GN828.A5-Z;General works
GN;GN829.A-Z;Local, A-Z
GN;GN830.A1;Periodicals. Societies
GN;GN830.A2;Congresses
GN;GN830.A3A-.A3Z;Museums. Exhibitions. By city, A-Z
GN;GN830.A5-Z;General works
GN;GN831.A-Z;Local, A-Z
GN;GN835.A1;Periodicals. Societies
GN;GN835.A2;Congresses
GN;GN835.A3A-.A3Z;Museums. Exhibitions. By city, A-Z
GN;GN835.A5-Z;General works
GN;GN836.A-Z;Local, A-Z
GN;GN837.A1;Periodicals. Societies
GN;GN837.A2;Congresses
GN;GN837.A3A-.A3Z;Museums. Exhibitions. By city, A-Z
GN;GN837.A5-Z;General works
GN;GN838.A-Z;Local, A-Z
GN;GN841.A1;Periodicals. Societies
GN;GN841.A2;Congresses
GN;GN841.A3A-.A3Z;Museums. Exhibitions. By city, A-Z
GN;GN841.A5-Z;General works
GN;GN842.A-Z;Local, A-Z
GN;GN845.A-Z;Other regions or countries, A-Z
GN;GN845.A3;Adriatic Sea Region
GN;GN845.A34;Aegean Sea Region
GN;GN845.A56;Alps
GN;GN845.B28;Balkan Peninsula
GN;GN845.B3;Baltic States
GN;GN845.B4;Belarus
GN;GN845.B5;Bosnia and Hercegovina
GN;GN845.B8;Bulgaria
GN;GN845.C7;Croatia
GN;GN845.C95;Czechoslovakia. Czech Republic
GN;GN845.D26;Danube River Valley
GN;GN845.E15;Eastern Europe
GN;GN845.E5;Estonia
GN;GN845.F5;Finland
GN;GN845.H8;Hungary
GN;GN845.K37;Karst (Slovenia and Italy : Region)
GN;GN845.L3;Latvia
GN;GN845.L5;Lithuania
GN;GN845.M3;Malta
GN;GN845.M7;Moldova
GN;GN845.N74;North Macedonia
GN;GN845.P7;Poland
GN;GN845.R8;Romania
GN;GN845.S2;Serbia
GN;GN845.S3;Slovakia
GN;GN845.S5;Slovenia
GN;GN845.U37;Ukraine
GN;GN845.W47;Western Mediterranean
GN;GN845.Y8;Yugoslavia
GN;GN848;Mediterranean Region
GN;GN849;Eurasia
GN;GN851;General works
GN;GN855.A-Z;By region or country, A-Z
GN;GN855.A3;Afghanistan
GN;GN855.A72;Arabian Peninsula
GN;GN855.A74;Armenia (Republic)
GN;GN855.A78;Azerbaijan
GN;GN855.B34;Baluchistan
GN;GN855.B35;Bangladesh
GN;GN855.C16;Cambodia
GN;GN855.C35;Caucasus
GN;GN855.C4;Asia, Central
GN;GN855.C6;China
GN;GN855.C65;Chukchi Peninsula
GN;GN855.C93;Cyprus
GN;GN855.E27;East Asia
GN;GN855.E3;Egypt
GN;GN855.G4;Georgia (Republic)
GN;GN855.I4;India
GN;GN855.I5;Indochina
GN;GN855.I6;Indonesia
GN;GN855.I72;Iraq
GN;GN855.I75;Israel
GN;GN855.J2;Japan
GN;GN855.J67;Jordan
GN;GN855.K2;Kazakhstan
GN;GN855.K6;Korea
GN;GN855.K8;Kyrgyzstan
GN;GN855.M25;Macau
GN;GN855.M4;Malaysia
GN;GN855.M65;Mongolia
GN;GN855.N37;Nepal
GN;GN855.O43;Oman
GN;GN855.P18;Pakistan
GN;GN855.P3;Palestine
GN;GN855.P5;Philippines
GN;GN855.Q2;Qatar
GN;GN855.R9;Russian Far East
GN;GN855.S33;Saudi Arabia
GN;GN855.S68;Southeast Asia
GN;GN855.S74;Sri Lanka
GN;GN855.S95;Syria
GN;GN855.T28;Taiwan
GN;GN855.T4;Tajikistan
GN;GN855.T45;Thailand
GN;GN855.T47;Thar Desert
GN;GN855.T5;Tibet
GN;GN855.T53;Tien Shan
GN;GN855.T83;Turkey
GN;GN855.U5;Uzbekistan
GN;GN855.V5;Vietnam
GN;GN857;Middle East (General)
GN;GN861;General works
GN;GN865.A-Z;By region or country, A-Z
GN;GN868;General works
GN;GN869.A-Z;By island or group of islands, A-Z
GN;GN871;General works
GN;GN875.A-Z;By country, island, or island group, A-Z
GN;GN885;Arctic regions (General)
GN;GN890;Tropics
SB;SB1;American
SB;SB4;English
SB;SB7;French
SB;SB10;German
SB;SB13;Other
SB;SB16.A1-.A5;International congresses
SB;SB16.A6-Z;By region or country, A-Z
SB;SB19;Federal
SB;SB21;State, A-W
SB;SB23;Great Britain
SB;SB25;France
SB;SB27;Germany
SB;SB29.A-Z;Other, A-Z
SB;SB39;Horticultural voyages, etc.
SB;SB41;General
SB;SB43;Collected writings of individual authors
SB;SB44;Directories
SB;SB45;Encyclopedias and dictionaries
SB;SB45.5;Nomenclature
SB;SB45.6;General works
SB;SB45.65;Crop science in literature
SB;SB46;Receipts and rule books. Calendars
SB;SB50;Vocational guidance
SB;SB51;General works
SB;SB51.8.A-Z;International institutions. By name, A-Z
SB;SB52.A-Z;By region or country, A-Z
SB;SB55;General
SB;SB56.A-Z;By place, A-Z
SB;SB57.A-Z;International expositions. By place, A-Z
SB;SB59.A-Z;National and local. By place, A-Z
SB;SB60.A1;General works
SB;SB60.A2-Z;By region or country, A-Z
SB;SB61;Collective
SB;SB63.A-Z;Individual, A-Z
SB;SB63.B9;Burbank, Luther
SB;SB63.C46;Chapman, John
SB;SB63.H5;Henderson, Peter
SB;SB71;General
SB;SB73;General works
SB;SB75;Greeks
SB;SB77;Romans
SB;SB79;Middle Ages
SB;SB83;General works
SB;SB85.A-Z;By region or state, A-Z
SB;SB87.A-Z;Other regions or countries, A-Z
SB;SB91;Comprehensive works
SB;SB92;To 1800
SB;SB93;1801-
SB;SB94;American works in foreign languages
SB;SB95;The South
SB;SB97;To 1800
SB;SB98;1801-
SB;SB99.A-Z;Other regions or countries, A-Z
SB;SB102;Juvenile works
SB;SB103;Essays and light literature
SB;SB105;Addresses
SB;SB106.A-Z;Special aspects of crops and plant culture as a whole, A-Z
SB;SB106.B56;Biotechnology
SB;SB106.E25;Ecophysiology
SB;SB106.G46;Genetics (General)
SB;SB106.I47;Improvement
SB;SB106.M83;Mycorrhizas
SB;SB106.O74;Origin and evolution
SB;SB106.V43;Vegetation management
SB;SB107;General and comprehensive works
SB;SB107.5;Minor works
SB;SB108.A-Z;By region or country, A-Z
SB;SB108.U5;General works
SB;SB108.U6A-.U6Z;By region or state, A-Z
SB;SB109;Plant introduction
SB;SB109.7;Cold regions
SB;SB110;Dry farming
SB;SB111.A2;Periodicals. Societies. Serials
SB;SB111.A3-Z;Monographs. By author
SB;SB112;Irrigation farming
SB;SB112.5;Physiology
SB;SB113.2;Periodicals. Societies
SB;SB113.3;Congresses
SB;SB113.4;Directories
SB;SB113.7;General works
SB;SB113.75.A-Z;By region or country, A-Z
SB;SB113.85;Laboratories
SB;SB114.A1;Societies
SB;SB114.A3;General
SB;SB114.A4-Z;By region or country
SB;SB114.U6;General works
SB;SB114.U7A-.U7W;By state, A-W
SB;SB114.5;General works
SB;SB114.53.A-Z;By region or country, A-Z
SB;SB115;Seed and plant catalogs
SB;SB117;General works
SB;SB117.2;History and conditions
SB;SB117.3;General works
SB;SB117.35.A-Z;By region or state, A-Z
SB;SB117.4.A-Z;Other regions or countries, A-Z
SB;SB118;Seed identification
SB;SB118.25;Seed quality
SB;SB118.3;General works
SB;SB118.32;Harvesting
SB;SB118.34;Cleaning
SB;SB118.36;Drying
SB;SB118.38;Preservation. Protection
SB;SB118.4;Storage
SB;SB118.43;Disinfection
SB;SB118.44;Seed treatment
SB;SB118.45;Seed equipment and supplies
SB;SB118.46;Synthetic seeds
SB;SB118.48;Periodicals. Societies. Serials
SB;SB118.485;General works
SB;SB118.486;General works
SB;SB118.487.A-Z;By region or state, A-Z
SB;SB118.488.A-Z;Other regions or countries, A-Z
SB;SB118.5;General works
SB;SB118.6;Economic aspects. Costs (General)
SB;SB118.7;General works
SB;SB118.73;General works
SB;SB118.74.A-Z;By region or state, A-Z
SB;SB118.75.A-Z;Other regions or countries, A-Z
SB;SB119;General works
SB;SB121;Planting and transplanting. Sowing
SB;SB123;General works
SB;SB123.25.A-Z;By region or country, A-Z
SB;SB123.3;General works
SB;SB123.34.A-Z;By region or country, A-Z
SB;SB123.45;Variety testing
SB;SB123.5;Patents
SB;SB123.57;Genetic engineering. Transgenic plants
SB;SB123.6;Cell and tissue culture
SB;SB123.65;Budding and grafting
SB;SB123.7;Air layering
SB;SB123.75;Plant cuttings. Mist propagation
SB;SB124;Other special methods (not A-Z)
SB;SB125;Training and pruning
SB;SB126;Artificial light gardening
SB;SB126.5;General works
SB;SB126.57.A-Z;By region or country, A-Z
SB;SB126.8;Flowering (General)
SB;SB127;Forcing
SB;SB128;Growth regulators
SB;SB129;General works
SB;SB130;Postharvest physiology
SB;SB139;Miscellaneous
SB;SB160;New crops (General)
SB;SB169;Periodicals. Societies. Serials
SB;SB169.2;Congresses
SB;SB170;General works
SB;SB171.A-Z;By region or country, A-Z
SB;SB172;General works
SB;SB172.5.A-Z;By region or country, A-Z
SB;SB175;General works
SB;SB176.A-Z;By region or country, A-Z
SB;SB177.A-Z;By plant, A-Z
SB;SB177.A52;Amaranths
SB;SB177.E88;Euterpe edulis
SB;SB177.G65;Goosefoots
SB;SB177.L45;Legumes
SB;SB177.L85;Lupines
SB;SB177.Q55;Quinoa
SB;SB183;Periodicals. Societies. Serials
SB;SB183.2;Congresses
SB;SB185;General works
SB;SB185.5;General works
SB;SB185.6;Water requirements
SB;SB185.7;Breeding
SB;SB185.75;Varieties
SB;SB185.78;Judging
SB;SB185.8;Planting time. Harvesting time
SB;SB186;Harvesting
SB;SB186.2;Drying
SB;SB186.3;Storage
SB;SB186.5;Economic aspects of culture. Costs (General)
SB;SB187.A-S187.Z;By region or country, A-Z
SB;SB188;Periodicals. Societies. Serials
SB;SB188.2;Congresses
SB;SB188.3;Directories
SB;SB188.4;Dictionaries. Encyclopedias
SB;SB188.5;General works
SB;SB188.525.A-Z;International institutions. By name, A-Z
SB;SB188.53.A-Z;By region or country, A-Z
SB;SB188.55;Field experiments
SB;SB188.6;Exhibitions
SB;SB188.8;History (General)
SB;SB189;General works
SB;SB189.3;Straw
SB;SB189.4;General works
SB;SB189.45;Water requirements. Irrigation
SB;SB189.47;Varieties
SB;SB189.48;General works
SB;SB189.5;Breeding
SB;SB189.525;Germplasm resources
SB;SB189.53;Genetic engineering
SB;SB189.54;Cell and tissue culture
SB;SB189.55;Seeds
SB;SB189.57;Planting time. Harvesting time
SB;SB189.6;Preharvest sprouting
SB;SB189.7;General works
SB;SB189.73;Harvesting
SB;SB189.74;Threshing
SB;SB189.75;Cleaning
SB;SB189.77;Drying
SB;SB189.8;Grading. Standards
SB;SB190;Storage
SB;SB190.3;Economic aspects of culture. Costs (General)
SB;SB191.A-Z;Individual cereals, A-Z
SB;SB191.A42;Amaranths
SB;SB191.B2;Barley
SB;SB191.B9;Buckwheat
SB;SB191.F66;Fonio
SB;SB191.M2;Maize. Corn
SB;SB191.M5;Millets
SB;SB191.O2;Oats
SB;SB191.P4;Pearl millet
SB;SB191.P64;Popcorn
SB;SB191.R3;Ragi
SB;SB191.R5;Rice
SB;SB191.R53;Rice, Red
SB;SB191.R9;Rye
SB;SB191.S7;Sorghum
SB;SB191.T43;Teff
SB;SB191.T7;Triticale
SB;SB191.W5;Wheat
SB;SB191.W53;Wild oat
SB;SB191.W55;Wild rice
SB;SB191.W57;Wild wheats
SB;SB192.A-Z;By region or country, A-Z
SB;SB193;General works
SB;SB193.3.A-Z;By region or country, A-Z
SB;SB193.5;Breeding
SB;SB193.55;Seeds
SB;SB195;Silage
SB;SB197;General works
SB;SB198;Hay and other dried forage plants
SB;SB199;Formation and care of meadows. Pastures (General)
SB;SB201.A-Z;By plant, A-Z
SB;SB201.A52;Andropogon furcatus
SB;SB201.A53;Andropogon gayanus
SB;SB201.B35;Bermuda grass
SB;SB201.B47;Black grama grass
SB;SB201.B5;Bluegrasses
SB;SB201.B8;Bromegrasses
SB;SB201.B9;Buffalo grass
SB;SB201.B93;Buffelgrass
SB;SB201.C73;Crested wheatgrass
SB;SB201.D3;Danthonia
SB;SB201.E46;Elymus sibiricus
SB;SB201.E8;Esparto
SB;SB201.F48;Fescue
SB;SB201.F6;Foxtail
SB;SB201.G8;Guinea grass
SB;SB201.H3;Hardinggrass
SB;SB201.I6;Indian rice
SB;SB201.J5;Johnson grass
SB;SB201.K4;Kentucky bluegrass
SB;SB201.K54;Kikuyu grass
SB;SB201.K57;Kioleria cristata
SB;SB201.L6;Lolium
SB;SB201.L65;Love grass
SB;SB201.M4;Meadow fescue
SB;SB201.M5;Mitchell grass
SB;SB201.O6;Orchard grass
SB;SB201.P3;Para grass
SB;SB201.P35;Pennisetum purpureum
SB;SB201.P42;Petrozavodsk orchard grass
SB;SB201.P5;Phragmites australis
SB;SB201.R3;Reed canary grass
SB;SB201.R45;Rhodes grass
SB;SB201.R52;Ricegrasses
SB;SB201.R6;Roselle
SB;SB201.R64;Rough fescue
SB;SB201.R8;Ryegrasses
SB;SB201.S8;Sudan grass
SB;SB201.S95;Switchgrass
SB;SB201.T34;Tall fescue
SB;SB201.T5;Timothy grass
SB;SB201.U75;Urochloa trichopus
SB;SB201.V44;Veld grass
SB;SB201.V46;Vetiver
SB;SB201.W5;Wheatgrasses
SB;SB201.Z6;Zoysia japonica
SB;SB202.A-Z;By region or country, A-Z
SB;SB203;General works
SB;SB203.3.A-Z;By region or country, A-Z
SB;SB205.A-Z;Individual legumes, A-Z
SB;SB205.A4;Alfalfa
SB;SB205.B4;Berseem
SB;SB205.C37;Caucasus goat's rue
SB;SB205.C64;Clover
SB;SB205.C8;Cowpeas
SB;SB205.C85;Crotalaria
SB;SB205.F3;Fava bean
SB;SB205.K8;Kudzu
SB;SB205.L4;Lespedeza
SB;SB205.L7;Lotus
SB;SB205.L9;Lupines
SB;SB205.M4;Medicago
SB;SB205.P5;Pigeon pea
SB;SB205.S7;Soybean
SB;SB205.S86;Stylosanthes
SB;SB205.T35;Tamarugo
SB;SB205.T67;Townsville stylo
SB;SB205.T7;Trigonella. Fenugreek
SB;SB205.V58;Vetch
SB;SB207.A-Z;Other, A-Z
SB;SB207.A52;Amaranths
SB;SB207.A77;Atriplex repanda
SB;SB207.B54;Bilberry
SB;SB207.B7;Brassica
SB;SB207.C2;Cactus
SB;SB207.C35;Ceanothus
SB;SB207.C6;Comfrey
SB;SB207.C86;Cup rosinweed
SB;SB207.H35;Halophytes
SB;SB207.K3;Kale
SB;SB207.K6;Kochia
SB;SB207.L52;Lichens
SB;SB207.M35;Mangel-wurzel
SB;SB207.P5;Phacelia
SB;SB207.P64;Polygonum weyrichii
SB;SB207.P8;Prickly pears
SB;SB207.P93;Purshia tridentata
SB;SB207.R36;Rape (Plant)
SB;SB207.S24;Sainfoin
SB;SB207.S3;Salt-bush
SB;SB207.S96;Sunflowers
SB;SB209;General works
SB;SB210.A-Z;By region or country, A-Z
SB;SB211.A-Z;By plant, A-Z
SB;SB211.A69;Araceae
SB;SB211.C3;Cassava
SB;SB211.C5;Chicory
SB;SB211.J4;Jerusalem artichoke
SB;SB211.M23;Maca
SB;SB211.M29;Manihot
SB;SB211.P3;Parsnip
SB;SB211.P8;Potatoes
SB;SB211.R8;Rutabaga
SB;SB211.S9;Sweet potato
SB;SB211.T2;Taro
SB;SB211.T8;Turnip
SB;SB211.Y3;Yam
SB;SB215;Periodicals. Societies. Serials
SB;SB217;General works
SB;SB218;Periodicals. Societies. Serials
SB;SB218.2;Congresses
SB;SB219;United States
SB;SB220.A-Z;Other regions or countries, A-Z
SB;SB221;General works
SB;SB226;Periodicals. Societies. Serials
SB;SB226.2;Congresses
SB;SB228;United States
SB;SB229.A-Z;Other regions or countries, A-Z
SB;SB231;General works
SB;SB235;Sorgo
SB;SB239.A-Z;Other sugar plants, A-Z
SB;SB239.M3;Maple
SB;SB239.P3;Palms
SB;SB239.S75;Stevia rebaudiana
SB;SB241;General works
SB;SB242.A-Z;By region or country, A-Z
SB;SB245;Periodicals. Societies. Serials
SB;SB245.2;Congresses
SB;SB249;General and United States
SB;SB251.A-Z;Other countries, A-Z
SB;SB251.5;Sea Island cotton
SB;SB253;Flax
SB;SB255;Hemp
SB;SB257;Jute
SB;SB259;Ramie
SB;SB261.A-Z;Other, A-Z
SB;SB261.A5;Ambary hemp. Kenaf
SB;SB261.A6;Ananas erectifolius
SB;SB261.E87;European fan palm
SB;SB261.F56;Fique
SB;SB261.F98;Furcraea
SB;SB261.F983;Furcraea foetida. Mauritus hemp
SB;SB261.H4;Henequen
SB;SB261.K3;Kapok
SB;SB261.M27;Malva
SB;SB261.M3;Manila hemp. Abaca
SB;SB261.M6;Mitsumata
SB;SB261.N4;Neoglaziovia variegata
SB;SB261.P6;Phormium tenax
SB;SB261.P7;Posidonia australis
SB;SB261.R6;Roselle
SB;SB261.S4;Sisal
SB;SB261.S63;Spanish moss
SB;SB261.S86;Sunn hemp
SB;SB261.U7;Urena lobata
SB;SB265;General works
SB;SB267;General works
SB;SB268.A-Z;By region or country, A-Z
SB;SB269;General works
SB;SB270.A-Z;By region or country, A-Z
SB;SB271;General works
SB;SB272.A-Z;By region or country, A-Z
SB;SB273;General and United States
SB;SB275;Analyses
SB;SB276;Miscellaneous, including experiments
SB;SB278.A-Z;By region or country, A-Z
SB;SB279.A-Z;Other alkaloidal plants, A-Z
SB;SB279.K64;Kola tree
SB;SB279.M4;Mate
SB;SB281;General works
SB;SB282.A-Z;By region or country, A-Z
SB;SB283.A-Z;By plant, A-Z
SB;SB283.J86;Juncus effusus
SB;SB283.5;General works
SB;SB283.55.A-Z;By region or country, A-Z
SB;SB284;General works
SB;SB284.3.A-Z;By region or country, A-Z
SB;SB284.4.A-Z;By plant, A-Z
SB;SB284.4.L84;Lupinus perennis
SB;SB284.4.S96;Sunn hemp
SB;SB285;General works
SB;SB286.A-Z;By region or country, A-Z
SB;SB287.A-Z;By plant, A-Z
SB;SB287.A55;Anil
SB;SB287.A58;Annatto tree
SB;SB287.H46;Henna
SB;SB287.I4;Indigofera
SB;SB287.M3;Madder
SB;SB287.W8;Woad
SB;SB288;General works
SB;SB288.3.A-Z;By region or country, A-Z
SB;SB289;General works
SB;SB290;General works
SB;SB290.5.A-Z;By region or country, A-Z
SB;SB291.A-Z;By plant, A-Z
SB;SB291.A32;Acacia senegal
SB;SB291.B3;Balata
SB;SB291.E8;Eucommia ulmoides
SB;SB291.G8;Guayule
SB;SB291.G9;Gutta-percha
SB;SB291.H4;Hevea
SB;SB291.K6;Kok-saghyz
SB;SB291.L35;Lannea coromandelica
SB;SB291.M32;Manihot
SB;SB291.R48;Rhus
SB;SB291.R49;Rhus verniciflua
SB;SB291.S3;Sapotaceae. Manilkara. Sapodilla. Sapota. Chicle
SB;SB291.S6;Spindle tree
SB;SB291.T3;Tau-saghz
SB;SB291.5;General works
SB;SB291.53.A-Z;By region or country, A-Z
SB;SB292.A2;General works
SB;SB292.A4-Z;By plant, A-Z
SB;SB292.N44;Neem
SB;SB292.P8;Pyrethrum
SB;SB292.T4;Tephrosia vogelii
SB;SB293;General works
SB;SB294.A-Z;By region or country, A-Z
SB;SB295.A-Z;By plant, A-Z
SB;SB295.A45;Aloe
SB;SB295.A8;Asafoetida
SB;SB295.A85;Atractylis ovata
SB;SB295.B4;Belladonna
SB;SB295.B5;Betel nut
SB;SB295.C25;Camellias
SB;SB295.C3;Camphor
SB;SB295.C32;Camptotheca acuminata
SB;SB295.C35;Cannabis
SB;SB295.C4;Cascara
SB;SB295.C45;Cephaelis ipecacuanha
SB;SB295.C5;Cinchona
SB;SB295.C6;Coca
SB;SB295.C65;Coptis chinensis
SB;SB295.C87;Curry leaf tree
SB;SB295.D3;Datura innoxia
SB;SB295.D5;Digitalis purpurea
SB;SB295.E63;Ephedra
SB;SB295.F74;Fritillaria
SB;SB295.G35;Ganoderma
SB;SB295.G37;Gastrodia elata
SB;SB295.G5;Ginseng
SB;SB295.G6;Goldenseal
SB;SB295.G7;Grapple plant
SB;SB295.G8;Guarana
SB;SB295.H84;Horsemint
SB;SB295.J2;Jacob's ladder
SB;SB295.L7;Licorice
SB;SB295.M34;Maca
SB;SB295.M5;Mentha
SB;SB295.O65;Opium poppy
SB;SB295.P3;Pacific yew
SB;SB295.P4;Peppermint
SB;SB295.P6;Pinkeroot
SB;SB295.P63;Piper betle
SB;SB295.P84;Psilocybe
SB;SB295.P87;Psyllium
SB;SB295.Q38;Qat
SB;SB295.R37;Rauvolfia serpentina
SB;SB295.S37;Sassafras
SB;SB295.S45;Senna
SB;SB295.V34;Valeriana
SB;SB295.V56;Violets
SB;SB297;General works
SB;SB297.3.A-Z;By region or country, A-Z
SB;SB297.4.A-Z;By plant, A-Z
SB;SB297.4.L44;Legumes
SB;SB298;General works
SB;SB298.5.A-Z;By region or country, A-Z
SB;SB299.A-Z;By plant, A-Z
SB;SB299.A4;Aleurites
SB;SB299.B7;Brassica
SB;SB299.C23;Camellia oleifera
SB;SB299.C25;Candelilla
SB;SB299.C28;Carnauba palm
SB;SB299.C3;Castor oil plant
SB;SB299.C45;Chenopodium
SB;SB299.C5;Chia
SB;SB299.C6;Coconut palm
SB;SB299.C7;Crambe abyssinica
SB;SB299.E34;Eben tree
SB;SB299.E78;Erythrina edulis
SB;SB299.F6;Flax
SB;SB299.J38;Jatropha curcas
SB;SB299.J46;Jessenia bataua
SB;SB299.J6;Jojoba
SB;SB299.M2;Madi
SB;SB299.M44;Melaleuca
SB;SB299.O38;Oiticica tree
SB;SB299.O65;Opium poppy
SB;SB299.P3;Palms
SB;SB299.P5;Phytelephas
SB;SB299.R2;Rape (Plant)
SB;SB299.R5;Rhus succedanea
SB;SB299.S2;Safflower
SB;SB299.S4;Sesame
SB;SB299.S9;Sunflowers
SB;SB299.T3;Tallow tree
SB;SB299.T8;Tung tree
SB;SB299.U4;Ucuhuba
SB;SB299.W3;Wax palms (General)
SB;SB301;General works
SB;SB302.A-Z;By region or country, A-Z
SB;SB303.A-Z;By plant, A-Z
SB;SB303.B37;Basil
SB;SB303.J37;Jasmine
SB;SB303.L3;Lavenders
SB;SB303.L4;Lemongrass
SB;SB303.S34;Scented geraniums
SB;SB303.S8;Sweet goldenrod
SB;SB303.V4;Vetiver
SB;SB305;General works
SB;SB306.A-Z;By region or country, A-Z
SB;SB307.A-Z;By plant, A-Z
SB;SB307.C27;Capsicum annuum. Paprika
SB;SB307.C3;Cardamoms
SB;SB307.C5;Cinnamon
SB;SB307.C6;Clove
SB;SB307.C85;Cumin
SB;SB307.G5;Ginger
SB;SB307.H6;Horseradish
SB;SB307.I4;Illicium verum
SB;SB307.M87;Mustard
SB;SB307.N8;Nutmeg
SB;SB307.P4;Peppers
SB;SB307.P5;Piper nigrum. Black pepper
SB;SB307.S34;Sage
SB;SB307.T6;Tonka bean
SB;SB307.V2;Vanilla
SB;SB309;General works
SB;SB311.A-Z;By plant, A-Z
SB;SB311.A7;Arrowroot
SB;SB311.S3;Sago palm
SB;SB313;General works
SB;SB314.A-Z;By region or country, A-Z
SB;SB315.A-Z;By plant, A-Z
SB;SB315.A33;Acacia nilotica
SB;SB315.G4;Geraniums
SB;SB315.L4;Leather bergenia
SB;SB315.R45;Rhus semialata
SB;SB315.S9;Sumac
SB;SB315.W3;Wattle
SB;SB317.A-Z;Other economic plants, A-Z
SB;SB317.A16;Acanthophyllum
SB;SB317.A2;Agave
SB;SB317.A64;Aquatic plants
SB;SB317.A68;Argania spinosa
SB;SB317.A69;Arid regions plants
SB;SB317.A75;Astragalus
SB;SB317.A85;Atriplex
SB;SB317.A94;Azolla
SB;SB317.B16;Babassu
SB;SB317.B2;Bamboo
SB;SB317.B23;Baobab
SB;SB317.B25;Basil
SB;SB317.B65;Brassica
SB;SB317.B8;Broomcorn
SB;SB317.C2;Cactus
SB;SB317.C24;Calamus margaritae
SB;SB317.C25;Calliandra calothyrsus
SB;SB317.C255;Carob
SB;SB317.C26;Caryota
SB;SB317.C44;Chiranthodendron pentadactylon
SB;SB317.C56;Coastal plants
SB;SB317.C58;Cogon grass
SB;SB317.C6;Comfrey
SB;SB317.D82;Duckweeds
SB;SB317.E58;Ensete
SB;SB317.F33;Faidherbia albida
SB;SB317.F44;Fenugreek
SB;SB317.F52;Ficus
SB;SB317.F85;Fuller's teasel
SB;SB317.G5;Giant reed
SB;SB317.G57;Gliricidia sepium
SB;SB317.G68;Gourds
SB;SB317.G74;Grevillea robusta
SB;SB317.G75;Guar
SB;SB317.G77;Guazuma ulmifolia
SB;SB317.H45;Herbicide-resistant crops
SB;SB317.H64;Hops
SB;SB317.I4;Ilala palm
SB;SB317.I58;Inulin-containing plants
SB;SB317.K38;Kava
SB;SB317.L37;Lavenders
SB;SB317.L4;Lead tree
SB;SB317.L43;Legumes
SB;SB317.L48;Leucaena
SB;SB317.L87;Lupines
SB;SB317.M28;Madhuca latifolia
SB;SB317.M33;Manna plants
SB;SB317.M38;Mauritia flexuosa
SB;SB317.M47;Mesquite
SB;SB317.M67;Moringa oleifera
SB;SB317.M85;Mung bean
SB;SB317.N43;Neem
SB;SB317.N87;Nutgrass
SB;SB317.N9;Nymphaea
SB;SB317.O68;Opuntia
SB;SB317.P3;Palms (General)
SB;SB317.P32;Palmyra palm
SB;SB317.P35;Papaya
SB;SB317.P36;Parkia biglobosa
SB;SB317.P37;Paspalum hieronymii
SB;SB317.P43;Peach palm
SB;SB317.P54;Pigeon pea
SB;SB317.P76;Prosopis
SB;SB317.R35;Raffia
SB;SB317.R37;Rattan palms
SB;SB317.R4;Reed
SB;SB317.S2;Saffron
SB;SB317.S25;Salt-tolerant crops. Halophytes
SB;SB317.S27;Salvinia molesta
SB;SB317.S46;Sesbania
SB;SB317.S7;Spanish broom
SB;SB317.T48;Tequila agave
SB;SB317.T52;Terminalia
SB;SB317.T73;Trapa natans
SB;SB317.T8;Turmeric
SB;SB317.V44;Veld plants
SB;SB317.W37;Water hyacinth
SB;SB317.W47;Wetland plants
SB;SB317.Y82;Yucca
SB;SB317.Z49;Zizania latifolia
SB;SB317.5;Periodicals. Societies. Serials
SB;SB317.52;Collected works (nonserial)
SB;SB317.53;Congresses
SB;SB317.55;General
SB;SB317.56.A-Z;By region or country, A-Z
SB;SB317.58;Dictionaries. Encyclopedias. Terminology
SB;SB317.6;Vocational guidance
SB;SB317.63;General works
SB;SB317.65.A-Z;By region or country, A-Z
SB;SB317.68;Volunteer workers in horticulture. Master gardeners
SB;SB317.7;General works
SB;SB317.73.A-Z;International. By place, A-Z
SB;SB317.74;General works
SB;SB317.75.A-Z;By region or state, A-Z
SB;SB317.76.A-Z;Other countries, A-Z
SB;SB317.78;Judging. Standards
SB;SB317.8;Through 1800
SB;SB317.9;1801-1950
SB;SB318;1851-
SB;SB318.3;General works
SB;SB318.34.A-Z;By region or country, A-Z
SB;SB318.36;Language. Authorship
SB;SB318.5;General works
SB;SB319;General works
SB;SB319.2.A-Z;By region or state, A-Z
SB;SB319.3.A-Z;Other regions or countries, A-Z
SB;SB319.4;Economic aspects of culture. Costs (General)
SB;SB319.5;General works
SB;SB319.53;Water requirements. Irrigation
SB;SB319.58;General works
SB;SB319.6;Breeding
SB;SB319.625;Cell and tissue culture
SB;SB319.65;Seeds
SB;SB319.7;General works
SB;SB319.73;Harvesting
SB;SB319.75;Grading. Standards. Quality
SB;SB319.76;Transportation
SB;SB319.77;Storage
SB;SB319.85;General works
SB;SB319.86;General works
SB;SB319.863.A-Z;By region or state, A-Z
SB;SB319.864.A-Z;Other regions or countries, A-Z
SB;SB319.95;Sustainable horticulture
SB;SB320;Periodicals. Societies. Serials
SB;SB320.2;Congresses
SB;SB320.25;Directories
SB;SB320.27;Vegetable seed and plant catalogs
SB;SB320.3;Dictionaries. Encyclopedias
SB;SB320.4;General works
SB;SB320.43.A-Z;By region or country, A-Z
SB;SB320.5;General works
SB;SB320.6;General works
SB;SB320.7.A-Z;By region or state, A-Z
SB;SB320.8.A-Z;Other regions or countries, A-Z
SB;SB320.9;General works
SB;SB321;General works
SB;SB321.5.A-Z;By region or state, A-Z
SB;SB322;Great Britain
SB;SB323.A-Z;Other regions or countries, A-Z
SB;SB324;Juvenile works
SB;SB324.3;Organic gardening
SB;SB324.4;Container gardening
SB;SB324.5;Indoor gardening
SB;SB324.53;Sprouts
SB;SB324.55;General works
SB;SB324.56;Tropical vegetables
SB;SB324.6;General works
SB;SB324.64;Botanical chemistry. Composition
SB;SB324.65;Water requirements. Irrigation
SB;SB324.7;Breeding
SB;SB324.73;Varieties
SB;SB324.75;Seeds
SB;SB324.85;Care and preparation of vegetables for market
SB;SB325;Asparagus
SB;SB327;Beans. Common bean
SB;SB329;Beets
SB;SB331;Cabbage
SB;SB333;Cauliflower
SB;SB335;Celery
SB;SB337;Cucumber
SB;SB339;Greens. Leafy vegetables
SB;SB341;Onions
SB;SB343;Peas
SB;SB345;Rhubarb
SB;SB347;Squash. Pumpkin
SB;SB349;Tomatoes
SB;SB351.A-Z;Other, A-Z
SB;SB351.A54;Amaranths
SB;SB351.A95;Azuki
SB;SB351.B35;Bambara groundnut
SB;SB351.B7;Brussels sprouts
SB;SB351.C3;Carrots
SB;SB351.C4;Chayote
SB;SB351.C45;Chickpea
SB;SB351.C5;Chicory. Belgian endive
SB;SB351.C53;Chinese cabbage. Bok choy
SB;SB351.C54;Chinese vegetables. Japanese vegetables
SB;SB351.C58;Chive
SB;SB351.C67;Cole crops
SB;SB351.C69;Coriander
SB;SB351.C7;Corn, Sweet
SB;SB351.C75;Cowpea
SB;SB351.C8;Cucurbitaceae
SB;SB351.D54;Dill
SB;SB351.E5;Eggplant
SB;SB351.E58;Endive. Escarole
SB;SB351.F3;Fava bean
SB;SB351.F5;Fiddleheads
SB;SB351.F74;French tarragon
SB;SB351.G3;Garlic
SB;SB351.H5;Herbs
SB;SB351.K3;Kale. Collards
SB;SB351.L36;Lamiaceae
SB;SB351.L38;Lathyrus
SB;SB351.L5;Leeks
SB;SB351.L53;Lemon herbs
SB;SB351.L55;Lentils
SB;SB351.L6;Lettuce
SB;SB351.L92;Lycium chinense
SB;SB351.N48;New Zealand spinach
SB;SB351.O5;Okra
SB;SB351.O7;Orach
SB;SB351.O74;Oregano
SB;SB351.P25;Parsley
SB;SB351.P3;Peanut
SB;SB351.P4;Peppers
SB;SB351.R28;Radicchio
SB;SB351.R3;Radishes
SB;SB351.R65;Root crops
SB;SB351.R67;Rosemary
SB;SB351.S25;Salad greens
SB;SB351.S4;Sea kale
SB;SB351.S7;Spinach
SB;SB351.S76;Stem vegetables
SB;SB351.S94;Swiss chard
SB;SB351.T48;Thymes
SB;SB351.U3;Udo
SB;SB351.U54;Umbelliferae (General)
SB;SB351.V47;Vernonia
SB;SB351.W3;Water-cress
SB;SB351.7;Periodicals. Societies. Serials
SB;SB351.73;Congresses
SB;SB351.8;General works
SB;SB351.83.A-Z;By region or country, A-Z
SB;SB352;General works
SB;SB352.3;General works
SB;SB352.33;General works
SB;SB352.34.A-Z;By region or state, A-Z
SB;SB352.35.A-Z;Other regions or countries, A-Z
SB;SB352.7;Equipment and supplies
SB;SB352.85;Periodicals. Societies. Serials
SB;SB352.87;Congresses
SB;SB353;General works
SB;SB353.3.A-Z;By region or country, A-Z
SB;SB353.5.A-Z;By mushroom or fungus, A-Z
SB;SB353.5.A35;Agaricus campestris
SB;SB353.5.A95;Auricularia auricula-judae
SB;SB353.5.H47;Hericium erinaceus
SB;SB353.5.P55;Pleurotus
SB;SB353.5.P67;Poria cocos
SB;SB353.5.S55;Shiitake
SB;SB353.5.T69;Tremella fuciforms
SB;SB353.5.T74;Tricholoma matsutake
SB;SB353.5.T78;Truffles
SB;SB353.5.V64;Volvariella volvacea
SB;SB353.5.W54;White matsutake
SB;SB354;Periodicals. Societies. Serials
SB;SB354.2;Collected works (nonserial)
SB;SB354.3;Congresses
SB;SB354.4;Dictionaries. Encyclopedias
SB;SB354.47;General works
SB;SB354.48.A-Z;By region or country, A-Z
SB;SB354.485;General works
SB;SB354.486.A-Z;By region or country, A-Z
SB;SB354.5;General works
SB;SB354.6.A-Z;By region or country, A-Z
SB;SB354.8;General works
SB;SB355;General works
SB;SB355.5.A-Z;By region or state, A-Z
SB;SB356;Great Britain
SB;SB357;Other regions or countries
SB;SB357.2;Juvenile works
SB;SB357.24;Organiculture
SB;SB357.26;Container gardening
SB;SB357.27;Indoor gardening
SB;SB357.28;General works
SB;SB357.283;Development
SB;SB357.285;Water requirements. Irrigation
SB;SB357.33;Varieties
SB;SB357.5;Dwarf fruit trees
SB;SB358;Fruit culture under glass, etc.
SB;SB359;Fruits and fruit culture for special physiographic areas
SB;SB359.3;General works
SB;SB359.35;Breeding
SB;SB359.4;Seeds
SB;SB359.45;Vegetative propagation
SB;SB359.5;Pruning. Training
SB;SB360;General works
SB;SB360.3;Harvesting
SB;SB360.4;Transportation
SB;SB360.5;Storage. Ripening
SB;SB360.6;Grading. Standards. Quality
SB;SB361;Illustration and description of choice fruits for culture
SB;SB362;Fruit growers' directories
SB;SB362.3;Fruit seed and plant catalogs
SB;SB363;General works
SB;SB363.2.A-Z;By region or country, A-Z
SB;SB363.3.A1;General
SB;SB363.3.A2-Z;Special, A-Z
SB;SB363.3.C6;Cox's Orange Pippin
SB;SB363.3.J65;Jonagold
SB;SB363.35;Harvesting
SB;SB363.4;Storage. Ripening
SB;SB363.5;Grading
SB;SB363.6;Marketing. Packing, etc.
SB;SB364;Dates
SB;SB365;Fig
SB;SB367;Olive
SB;SB369;General works
SB;SB369.2.A1;General works
SB;SB369.2.A2-Z;By region or state, A-Z
SB;SB369.5.A-Z;Other regions or countries, A-Z
SB;SB370.A-Z;Special, A-Z
SB;SB370.C5;Citrus natsudaidai
SB;SB370.C55;Citrus sudachi
SB;SB370.G7;Grapefruit
SB;SB370.L4;Lemon
SB;SB370.L5;Lime
SB;SB370.M34;Mandarin orange. Tangerine
SB;SB370.O7;Oranges
SB;SB370.P86;Pummelo
SB;SB371;Peach
SB;SB373;Pear
SB;SB375;Pineapple
SB;SB377;Plum
SB;SB378;Stone fruit (General)
SB;SB379.A-Z;Other fruits not grape nor berry, A-Z
SB;SB379.A7;Apricot
SB;SB379.A9;Avocado
SB;SB379.B2;Banana
SB;SB379.B8;Breadfruit
SB;SB379.C34;Camu camu
SB;SB379.C36;Cape gooseberry
SB;SB379.C37;Carambola
SB;SB379.C5;Cherry
SB;SB379.D8;Durian
SB;SB379.G8;Guava
SB;SB379.J33;Jackfruit
SB;SB379.J8;Jujube (Plant). Indian jujube
SB;SB379.K58;Kiwifruit
SB;SB379.L8;Litchi
SB;SB379.L84;Longan
SB;SB379.L85;Loquat
SB;SB379.L87;Lucuma
SB;SB379.M2;Mango
SB;SB379.M25;Margosteen
SB;SB379.M44;Melons. Muskmelon
SB;SB379.M65;Mombin
SB;SB379.M66;Momordica cochinchinensis. Gac
SB;SB379.N28;Nara
SB;SB379.N3;Naranjilla
SB;SB379.P2;Papaya
SB;SB379.P28;Passiflora mollissima
SB;SB379.P3;Passion fruit
SB;SB379.P4;Persimmon
SB;SB379.P53;Pitahayas
SB;SB379.P6;Pomegranate
SB;SB379.P8;Prickly pears
SB;SB379.Q7;Quince
SB;SB379.R34;Rambutan
SB;SB379.R57;Rose hips
SB;SB379.R6;Roselle
SB;SB379.S24;Salak
SB;SB379.S35;Sclerocarya birrea
SB;SB379.S74;Stenocereus
SB;SB379.W38;Watermelon
SB;SB379.W55;Wild loquat
SB;SB381;General works
SB;SB383;Cranberry
SB;SB385;Strawberry
SB;SB386.A-Z;Other, A-Z
SB;SB386.B3;Barberry
SB;SB386.B6;Blackberries
SB;SB386.B7;Blueberries
SB;SB386.B75;Bog blueberry
SB;SB386.B8;Boysenberry
SB;SB386.C73;Crataegus pinnatifida
SB;SB386.C9;Currants
SB;SB386.D48;Dewberry
SB;SB386.G6;Gooseberries
SB;SB386.H83;Huckleberries
SB;SB386.L6;Loganberry
SB;SB386.M39;Mayhaws
SB;SB386.R24;Rabbiteye blueberry
SB;SB386.R3;Raspberries
SB;SB386.R83;Rubus chamaemorus. Cloudberry
SB;SB386.S36;Saskatoon serviceberry
SB;SB386.S4;Sea buckthorn
SB;SB386.S6;Sorbus melanocarpa
SB;SB386.V3;Vaccinium vitis-idaea
SB;SB387;Periodicals. Societies. Serials
SB;SB387.2;Congresses
SB;SB387.4;Directories
SB;SB387.5;Dictionaries. Encyclopedias
SB;SB387.6;General works
SB;SB387.63.A-Z;By region or country, A-Z
SB;SB387.65;Field experiments
SB;SB387.67;Exhibitions
SB;SB387.68;Collective
SB;SB387.682.A-Z;Individual, A-Z
SB;SB387.7;General works
SB;SB387.75;General works
SB;SB387.76.A-Z;By region or state, A-Z
SB;SB387.8.A-Z;Other regions or countries, A-Z
SB;SB388.A1;Documents
SB;SB388.A2-Z;Other works
SB;SB389;United States and general American
SB;SB390.A-Z;Other American. By region or country, A-Z
SB;SB391;General works
SB;SB393;French, Belgian, Swiss
SB;SB395;German, Austrian, Hungarian
SB;SB396;Italian
SB;SB396.2;Portuguese and Spanish
SB;SB396.5;Russian
SB;SB397.A-Z;Other European regions or countries, A-Z
SB;SB398.A-Z;Other regions or countries, A-Z
SB;SB398.2;General works
SB;SB398.25;Water requirements. Irrigation
SB;SB398.28;Varieties
SB;SB398.3;Plant propagation
SB;SB398.4;Organic viticulture
SB;SB398.5;Care and preparation of grapes for market
SB;SB399;Raisins
SB;SB401.A1-.A3;Periodicals. Societies. Serials
SB;SB401.A4;General works
SB;SB401.A45A-.A45Z;By region or country, A-Z
SB;SB401.A5-Z;By plant, A-Z
SB;SB401.A65;Almond
SB;SB401.B7;Brazil nut
SB;SB401.C3;Cashew
SB;SB401.C4;Chestnut
SB;SB401.C6;Coconut
SB;SB401.F5;Filbert
SB;SB401.M32;Macadamia nut
SB;SB401.M326;Manketti
SB;SB401.P4;Pecan
SB;SB401.P46;Pinyon pines
SB;SB401.P5;Pistachio
SB;SB401.W3;Walnut
SB;SB402;Other special
SB;SB403;Periodicals. Societies. Serials
SB;SB403.Z5;History, etc., of garden clubs, etc.
SB;SB403.16;Congresses
SB;SB403.17;Collected works (nonserial)
SB;SB403.2;Dictionaries and encyclopedias
SB;SB403.45;Vocational guidance
SB;SB403.5;Study and teaching. Research
SB;SB404.5;General works
SB;SB404.6.A-Z;By region or country, A-Z
SB;SB404.8.A1;Collective
SB;SB404.8.A2-Z;Individual, A-Z
SB;SB404.9;General works
SB;SB405;General works
SB;SB405.5.A-Z;By region or state, A-Z
SB;SB406.A-Z;Other regions or countries, A-Z
SB;SB406.5;Juvenile works
SB;SB406.53;Organiculture
SB;SB406.55;General works
SB;SB406.57;Water requirements. Irrigation
SB;SB406.6;General works
SB;SB406.64;General works
SB;SB406.65.A-Z;By region or state, A-Z
SB;SB406.66.A-Z;Other regions or countries, A-Z
SB;SB406.68;General works
SB;SB406.685.A-Z;By region or country, A-Z
SB;SB406.7;General works
SB;SB406.8;Breeding
SB;SB406.83;Sowing, planting, transplanting
SB;SB406.87;Flowering
SB;SB406.9;General works
SB;SB406.93.A-Z;By region or country, A-Z
SB;SB407;General works
SB;SB407.3;Other regions or countries, A-Z
SB;SB408;General works
SB;SB408.3.A-Z;Other regions or countries, A-Z
SB;SB409.A1;Periodicals. Societies. Serials
SB;SB409.A2;Congresses
SB;SB409.A3-Z;General works
SB;SB409.3;Pictorial works
SB;SB409.35;General works
SB;SB409.36.A-Z;International. By place, A-Z
SB;SB409.37.A-Z;By region or country, A-Z
SB;SB409.4;Collective
SB;SB409.43.A-Z;Individual, A-Z
SB;SB409.48;History (General)
SB;SB409.5.A-Z;By region or country, A-Z
SB;SB409.55;Economic aspects (General)
SB;SB409.58;General works
SB;SB409.6;Breeding
SB;SB409.7;Varieties
SB;SB409.75;Miniature orchids
SB;SB409.8.A-Z;By group, type, or genus, A-Z
SB;SB409.8.A53;Angraecum
SB;SB409.8.B84;Bulbophyllum
SB;SB409.8.C36;Catasetums
SB;SB409.8.C38;Cattleyas
SB;SB409.8.C95;Cymbidium
SB;SB409.8.D45;Dendrobium
SB;SB409.8.M38;Masdevallia
SB;SB409.8.O53;Oncidium
SB;SB409.8.P36;Paphiopedilum
SB;SB409.8.P47;Phalaenopsis
SB;SB409.8.S65;Slipper orchids
SB;SB409.8.V36;Vanda
SB;SB410.9;Periodicals. Societies. Serials
SB;SB410.93;Congresses
SB;SB410.95;Dictionaries. Encyclopedias
SB;SB411;General works
SB;SB411.3;Pictorial works
SB;SB411.34;General works
SB;SB411.35;Judging
SB;SB411.36.A-Z;International. By place, A-Z
SB;SB411.37.A-Z;By region or country, A-Z
SB;SB411.4;Collective
SB;SB411.42.A-Z;Individual, A-Z
SB;SB411.45;History (General)
SB;SB411.5.A-Z;By region or country, A-Z
SB;SB411.54;Breeding
SB;SB411.6;General works
SB;SB411.65.A-Z;By group, type, or variety, A-Z
SB;SB411.65.C55;Climbing roses
SB;SB411.65.D35;Damask roses
SB;SB411.65.E53;English roses
SB;SB411.65.G34;Gallica roses
SB;SB411.65.H93;Hybrid tea roses
SB;SB411.65.M55;Miniature roses
SB;SB411.65.O55;Old roses
SB;SB411.65.R84;Rugosa roses
SB;SB411.65.S45;Shrub roses
SB;SB411.7;Harvesting and postharvest technology
SB;SB411.8;General works
SB;SB411.83.A-Z;By region or country, A-Z
SB;SB413.A-Z;Other plants, A-Z
SB;SB413.A23;Acacia
SB;SB413.A4;African violets
SB;SB413.A43;Agapanthus
SB;SB413.A45;Allium
SB;SB413.A46;Aloe
SB;SB413.A5;Amaryllis
SB;SB413.A54;American elm
SB;SB413.A58;Androsace
SB;SB413.A6;Anemones
SB;SB413.A64;Anthuriums
SB;SB413.A647;Asparagus ferns
SB;SB413.A7;Aster
SB;SB413.A74;Astilbe
SB;SB413.A8;Auricula
SB;SB413.A9;Azaleas
SB;SB413.B2;Bamboo
SB;SB413.B4;Begonia
SB;SB413.B57;Birthflowers
SB;SB413.B65;Bougainvillea
SB;SB413.B66;Boxwood
SB;SB413.B7;Bromeliads
SB;SB413.B76;Brugmansia
SB;SB413.B86;Butterfly bushes
SB;SB413.C14;Calendula
SB;SB413.C16;California poppy
SB;SB413.C17;Calla lilies
SB;SB413.C175;Callistemon
SB;SB413.C18;Camellias
SB;SB413.C2;Campanula
SB;SB413.C25;Canna
SB;SB413.C3;Carnation
SB;SB413.C4;Ceanothus
SB;SB413.C45;Chamaedorea
SB;SB413.C5;Cherries, Flowering
SB;SB413.C53;Christmas rose
SB;SB413.C55;Chrysanthemum
SB;SB413.C6;Clematis
SB;SB413.C63;Coleus
SB;SB413.C634;Columbines
SB;SB413.C64;Cornus
SB;SB413.C644;Crabapples, Flowering
SB;SB413.C65;Crocuses
SB;SB413.C86;Cyatheaceae
SB;SB413.C88;Cycads
SB;SB413.C9;Cyclamen
SB;SB413.D112;Dactylanthus taylorii
SB;SB413.D12;Daffodil. Jonquil. Narcissus
SB;SB413.D13;Dahlia
SB;SB413.D2;Daisies
SB;SB413.D25;Daphnes
SB;SB413.D3;Daylilies
SB;SB413.D4;Delphinium
SB;SB413.D68;Douglas fir
SB;SB413.D72;Dracaena
SB;SB413.E25;Easter lily
SB;SB413.E27;Eastern hemlock
SB;SB413.E34;Echeveria
SB;SB413.E35;Echinacea
SB;SB413.E5;Elm
SB;SB413.E68;Eremophila
SB;SB413.E7;Ericaceae
SB;SB413.E72;Ericas
SB;SB413.E92;Eucalyptus
SB;SB413.E95;Euphorbia
SB;SB413.F6;Forsythia
SB;SB413.F73;Freesias
SB;SB413.F74;Fritillaria
SB;SB413.F8;Fuchsia
SB;SB413.G27;Gardenia
SB;SB413.G3;Gentian
SB;SB413.G35;Geraniums. Pelargoniums
SB;SB413.G36;Gerbera
SB;SB413.G37;Gesneriaceae
SB;SB413.G5;Gladiolus
SB;SB413.G55;Gloxinias
SB;SB413.G6;Gourds
SB;SB413.G73;Grevillea
SB;SB413.H38;Haworthia
SB;SB413.H42;Heather
SB;SB413.H43;Hebe
SB;SB413.H44;Heliconia
SB;SB413.H443;Hellebores
SB;SB413.H52;Heuchera
SB;SB413.H6;Hibiscus
SB;SB413.H7;Hollies
SB;SB413.H72;Honeysuckle
SB;SB413.H73;Hosta
SB;SB413.H9;Hyacinth
SB;SB413.H93;Hydrangeas
SB;SB413.I8;Iris
SB;SB413.I84;Ivy
SB;SB413.J32;Japanese black pine
SB;SB413.J34;Japanese maple
SB;SB413.K3;Kalmia. Mountain laurel
SB;SB413.L34;Lagerstroemia
SB;SB413.L48;Lewisia
SB;SB413.L65;Lilacs
SB;SB413.L69;Lilies of the valley
SB;SB413.L7;Lily
SB;SB413.L73;Linden
SB;SB413.L82;Lotus, East Indian
SB;SB413.L86;Lupines
SB;SB413.L88;Lupinus texensis
SB;SB413.M34;Magnolias
SB;SB413.M35;Maidenhair ferns
SB;SB413.M36;Mammillaria (Cactus)
SB;SB413.M365;Maple
SB;SB413.M37;Marigolds
SB;SB413.M42;Meconopsis
SB;SB413.M64;Monkshoods
SB;SB413.M65;Moonflower
SB;SB413.M67;Morning glories
SB;SB413.M95;Myrica
SB;SB413.N48;New Guinea impatiens
SB;SB413.O34;Oak
SB;SB413.O43;Oleander
SB;SB413.P17;Palms
SB;SB413.P2;Pansy
SB;SB413.P3;Passiflora
SB;SB413.P37;Penstemons
SB;SB413.P4;Peonies
SB;SB413.P43;Petunias
SB;SB413.P47;Philodendrons
SB;SB413.P5;Phlox
SB;SB413.P54;Pine
SB;SB413.P55;Pinks
SB;SB413.P556;Platycerium
SB;SB413.P557;Plectranthus
SB;SB413.P56;Plumeria
SB;SB413.P57;Plums, Flowering
SB;SB413.P63;Poinsettias
SB;SB413.P66;Poplar
SB;SB413.P7;Primrose
SB;SB413.P75;Proteaceae
SB;SB413.R35;Ranunculaceae
SB;SB413.R43;Red fescue
SB;SB413.R44;Rhapis excelsa
SB;SB413.R47;Rhododendrons
SB;SB413.R7;Rock-rose
SB;SB413.R8;Rohdea
SB;SB413.R84;Rosaceae
SB;SB413.S22;Salvia
SB;SB413.S25;Sansevieria trifasciata
SB;SB413.S26;Sarcocaulons
SB;SB413.S28;Saxifraga
SB;SB413.S43;Sedum
SB;SB413.S63;Snapdragons
SB;SB413.S64;Spireas
SB;SB413.S83;Strelitzia (Genus)
SB;SB413.S86;Sulcorebutia
SB;SB413.S88;Sunflowers
SB;SB413.S9;Sweet pea
SB;SB413.T5;Thuja
SB;SB413.T52;Tillandsia
SB;SB413.T74;Trilliums
SB;SB413.T9;Tulip
SB;SB413.V8;Violet
SB;SB413.W37;Waratahs
SB;SB413.W44;Weigela
SB;SB413.W54;Willows
SB;SB413.W57;Wisteria
SB;SB413.X36;Xanthorrhoea
SB;SB413.Z54;Zinnia
SB;SB414;Forcing
SB;SB414.6;Periodicals. Societies. Serials
SB;SB414.64;Congresses
SB;SB414.7;Vocational guidance
SB;SB414.73;General works
SB;SB414.75.A-Z;By region or country, A-Z
SB;SB415;General works
SB;SB415.4;General works
SB;SB415.5;General works
SB;SB415.55.A-Z;By region or state, A-Z
SB;SB415.6.A-Z;Other regions or countries, A-Z
SB;SB415.8;General works
SB;SB415.82;General works
SB;SB415.83.A-Z;By region or state, A-Z
SB;SB415.84.A-Z;Other regions or countries, A-Z
SB;SB416;Greenhouse construction
SB;SB416.3;Window greenhouses and window greenhouse gardening
SB;SB417;Glass gardens. Wardian cases
SB;SB418;General works
SB;SB418.4;Equipment and supplies. Potting places
SB;SB419;General works
SB;SB419.2;Juvenile works
SB;SB419.23;Hydroponics
SB;SB419.25;Interior landscaping
SB;SB419.3;House plant industry and marketing
SB;SB419.5;Roof gardening. Balcony gardening
SB;SB421;Alpine plants. Rock-garden plants
SB;SB422;Annuals
SB;SB423;General works
SB;SB423.3;Damp garden plants. Damp gardens
SB;SB423.4;Autumn garden plants. Autumn gardening
SB;SB423.7;General works
SB;SB423.75.A-Z;By region or country, A-Z
SB;SB423.8;General works
SB;SB423.83.A-Z;By region or country, A-Z
SB;SB424;Borders
SB;SB425;General works
SB;SB425.3;General works
SB;SB425.34.A-Z;By region or country, A-Z
SB;SB426;Chalk and limestone garden plants and gardens
SB;SB427;Climbing plants. Vines
SB;SB427.5;Desert plants. Desert gardening
SB;SB427.8;Epiphytes. Air plants
SB;SB428;General works
SB;SB428.3;General works
SB;SB428.34.A-Z;By region or country, A-Z
SB;SB428.5;Everlasting flowers
SB;SB429;Ferns and lycopodiums
SB;SB431;Foliage plants
SB;SB431.7;Grasses, Ornamental
SB;SB432;Ground cover plants
SB;SB432.5;Hanging plants
SB;SB432.7;Insectivorous plants. Carnivorous plants
SB;SB433;General works
SB;SB433.15;General works
SB;SB433.16.A-Z;By region or state, A-Z
SB;SB433.17.A-Z;Other regions or countries, A-Z
SB;SB433.2;Equipment and supplies
SB;SB433.27;Lawn care industry
SB;SB433.3;General works
SB;SB433.34.A-Z;By region or country, A-Z
SB;SB433.4;Low-allergen plants. Low-allergen gardens
SB;SB433.5;Miniature plants. Miniature gardens
SB;SB433.55;Mosses. Moss gardening
SB;SB433.6;Night-flowering plants. Night gardens
SB;SB433.8;Peat garden plants
SB;SB434;Perennials
SB;SB434.3;Prairie plants. Prairie gardening
SB;SB434.5;Rain forest plants. Rain forest gardens
SB;SB434.7;Shade-tolerant plants. Gardening in the shade
SB;SB435;General works
SB;SB435.2;Equipment and supplies
SB;SB435.3;Indoor trees (General)
SB;SB435.5;General works
SB;SB435.52.A-Z;By region or state, A-Z
SB;SB435.6.A-Z;Other regions or countries, A-Z
SB;SB435.65;Plant introduction
SB;SB435.7;General works
SB;SB435.73;Breeding
SB;SB435.76;Pruning
SB;SB435.8;Tree repairing. Tree surgery
SB;SB435.85;Tree climbing
SB;SB436;Street trees. Trees in cities (General). Urban forestry
SB;SB437;Hedges, screens, and windbreaks
SB;SB437.6;General works
SB;SB437.65.A-Z;By region or country, A-Z
SB;SB437.7;Tree hazard evaluation
SB;SB438;General works
SB;SB438.3;General works
SB;SB438.34.A-Z;By region or country, A-Z
SB;SB438.8;Variegated plants
SB;SB439;General works
SB;SB439.24.A-Z;By region or state, A-Z
SB;SB439.26.A-Z;Other regions or countries, A-Z
SB;SB439.28;Seeds
SB;SB439.3;General works
SB;SB439.35.A-Z;By region or country, A-Z
SB;SB439.5;Winter garden plants. Winter gardening
SB;SB439.6;Woodland garden plants. Woodland gardening
SB;SB439.8;Xerophytes. Drought-enduring plants. Dry gardens
SB;SB441;General works
SB;SB441.4;Judging
SB;SB441.5;Floral parades
SB;SB441.6.A-Z;International. By place, A-Z
SB;SB441.7;General works
SB;SB441.73.A-Z;By region or state, A-Z
SB;SB441.75.A-Z;Other regions or countries, A-Z
SB;SB442.5;Care and preparation of cut flowers, foliage, and potted ornamental plants for market
SB;SB442.8;Periodicals. Societies. Serials
SB;SB442.85;Congresses
SB;SB442.87;General works
SB;SB442.873.A-Z;By region or country, A-Z
SB;SB443;General works
SB;SB443.3;General works
SB;SB443.35.A-Z;By region or state, A-Z
SB;SB443.4.A-Z;Other regions or countries, A-Z
SB;SB445;Florists' designs, catalogs, etc.
SB;SB445.5;Dried flower industry
SB;SB446;Periodicals. Serials
SB;SB446.2;Congresses
SB;SB446.25;Directories
SB;SB446.38;Vocational guidance
SB;SB446.4;Study and teaching. Research
SB;SB446.44;Problems, exercises, examinations
SB;SB446.5;General works
SB;SB446.55;General works
SB;SB446.57.A-Z;By region or state, A-Z
SB;SB446.6.A-Z;Other regions or countries, A-Z
SB;SB447;Preservation and reproduction of flowers, fruits, etc.
SB;SB447.5;Bonkei. Tray landscapes
SB;SB449;General works
SB;SB449.12;History
SB;SB449.13;Collective
SB;SB449.132.A-Z;Individual, A-Z
SB;SB449.15;Flower arrangement shows
SB;SB449.2;Equipment (Containers, accessories, etc.)
SB;SB449.3.A-Z;Special materials, A-Z
SB;SB449.3.A7;Artificial materials
SB;SB449.3.C3;Candles
SB;SB449.3.D7;Dried materials
SB;SB449.3.D8;Driftwood
SB;SB449.3.F6;Foliage
SB;SB449.3.F7;Fruits and vegetables
SB;SB449.3.G46;Gesneriaceae
SB;SB449.3.H47;Herbs
SB;SB449.3.P65;Potted plants
SB;SB449.3.P7;Pressed flowers
SB;SB449.3.R67;Roses
SB;SB449.3.S44;Silk flowers
SB;SB449.3.T76;Tropical flowers
SB;SB449.3.W5;Wild flowers
SB;SB449.48;General works
SB;SB449.5.A-Z;By application or type, A-Z
SB;SB449.5.B65;Bouquets. Posies
SB;SB449.5.B7;Bridal bouquets
SB;SB449.5.C3;Christmas decorations
SB;SB449.5.C4;Church decoration
SB;SB449.5.C6;Corsages
SB;SB449.5.F84;Funeral decorations
SB;SB449.5.J4;Jewish festivals
SB;SB449.5.L4;Leis
SB;SB449.5.M56;Miniature flower arrangement
SB;SB449.5.P3;Parties
SB;SB449.5.T86;Tussie mussies
SB;SB449.5.W4;Weddings
SB;SB449.5.W74;Wreaths
SB;SB450;General works
SB;SB450.2;History
SB;SB450.28;Collective
SB;SB450.3.A-Z;Individual, A-Z
SB;SB450.5.A-Z;Special schools, A-Z
SB;SB450.5.E67;Enshū school
SB;SB450.5.I4;Ikenobō school
SB;SB450.5.K67;Ko school
SB;SB450.5.K68;Koryū Sokenryū
SB;SB450.5.K69;Kōshū school
SB;SB450.5.M56;Mishō school
SB;SB450.5.O4;Ohara school
SB;SB450.5.O68;Omuro school
SB;SB450.5.R54;Rikyū Koryū
SB;SB450.5.R89;Ryūsei school
SB;SB450.5.S4;Senkei school
SB;SB450.5.S58;Sōbi school
SB;SB450.5.S6;Sōgetsu school
SB;SB450.6;Utensils
SB;SB450.65;Special applications
SB;SB450.67;American flower arrangement
SB;SB450.7;Chinese flower arrangement
SB;SB450.73;French flower arrangement
SB;SB450.78;Indonesian flower arrangement
SB;SB450.8;Korean flower arrangement
SB;SB450.87;Thai flower arrangement
SB;SB450.9;Periodicals. Societies. Serials
SB;SB450.92;Collected works (nonserial)
SB;SB450.93;Congresses
SB;SB450.94;General works
SB;SB450.943.A-Z;By region or country, A-Z
SB;SB450.95;Dictionaries. Encyclopedias
SB;SB450.96;Handbooks, charts, etc.
SB;SB450.965;Almanacs. Calendars. Yearbooks
SB;SB450.97;General works
SB;SB450.98;Pictorial works
SB;SB451;General works
SB;SB451.3;General works
SB;SB451.34.A-Z;By region or state, A-Z
SB;SB451.36.A-Z;Other regions or countries, A-Z
SB;SB453;General works
SB;SB453.2.A-Z;By region or state, A-Z
SB;SB453.3.A-Z;Other regions or countries, A-Z
SB;SB453.5;General works
SB;SB453.6;Companion planting
SB;SB454;General special
SB;SB454.3.A-Z;Special topics, A-Z
SB;SB454.3.A76;Arts and crafts gardens
SB;SB454.3.B52;Bible plants
SB;SB454.3.C62;Collectibles
SB;SB454.3.C64;Color in gardening
SB;SB454.3.C67;Cottage gardening and gardens
SB;SB454.3.E35;Edible forest gardens
SB;SB454.3.E53;Environmental aspects
SB;SB454.3.E95;Experiments
SB;SB454.3.F45;Feng shui gardens
SB;SB454.3.F7;Fragrant gardens
SB;SB454.3.G84;Guerrilla gardens
SB;SB454.3.M43;Mediterranean climate
SB;SB454.3.P45;Philosophy
SB;SB454.3.P57;Planting time
SB;SB454.3.R37;Rare garden plants
SB;SB454.3.R43;Recycling
SB;SB454.3.S25;Sanctuary gardens
SB;SB454.3.S52;Sheltered gardens
SB;SB454.3.S53;Small plants (General)
SB;SB454.3.S63;Social aspects. Gardens and society
SB;SB454.3.T43;Tea gardens
SB;SB454.3.W43;Weather
SB;SB454.6;Garden centers (Retail trade)
SB;SB454.8;Equipment and supplies. Garden tools
SB;SB455;Light literature. Popular works
SB;SB455.3;Addresses, essays, lectures
SB;SB457;General works
SB;SB457.2;Plants for play environments
SB;SB457.3;Community gardens. Allotment gardens
SB;SB457.35;Monastery gardens
SB;SB457.4.A-Z;Other, A-Z
SB;SB457.4.A34;Aged. Older people
SB;SB457.4.H36;Handicapped. People with disabilities
SB;SB457.4.H64;Homeless persons
SB;SB457.4.T44;Teenagers
SB;SB457.5;General works
SB;SB457.52;Vernacular gardens
SB;SB457.527;African American gardens
SB;SB457.53;American gardens
SB;SB457.534;Australian gardens
SB;SB457.536;Baroque gardens
SB;SB457.54;British gardens
SB;SB457.547;Byzantine gardens
SB;SB457.55;Chinese gardens
SB;SB457.58;Dutch gardens
SB;SB457.585;Edwardian gardens
SB;SB457.6;English gardens
SB;SB457.63;European gardens
SB;SB457.65;French gardens
SB;SB457.68;Georgian gardens
SB;SB457.8;Islamic gardens
SB;SB457.85;Italian gardens
SB;SB458;Japanese gardens
SB;SB458.2;Korean gardens
SB;SB458.3;Latin gardens
SB;SB458.35;Medieval gardens
SB;SB458.4;Mogul gardens
SB;SB458.46;Oriental gardens
SB;SB458.5;Persian gardens
SB;SB458.54;Renaissance gardens
SB;SB458.55;Roman gardens
SB;SB458.6;Turkish gardens
SB;SB458.7;Victorian gardens
SB;SB458.94;High altitude gardening
SB;SB458.95;Hillside gardening
SB;SB459;Rock gardens. Alpine gardens
SB;SB459.6;Sandy soil gardening
SB;SB460;Seaside gardening
SB;SB461;Formal gardens
SB;SB463;Topiary work
SB;SB463.5;Vertical gardening
SB;SB465;General works
SB;SB466.A-Z;By region or country, A-Z
SB;SB466.G3;General works
SB;SB466.G35A-.G35Z;Local, A-Z
SB;SB466.G4A-.G4Z;Special gardens, A-Z
SB;SB466.J3;General works
SB;SB466.J32A-.J32Z;Local, A-Z
SB;SB466.J33A-.J33Z;Special gardens, A-Z
SB;SB466.U6;General works
SB;SB466.U65A-.U65Z;Local, A-Z
SB;SB466.U7A-.U7Z;Special gardens, A-Z
SB;SB466.7;General works
SB;SB466.75.A-Z;By region or country, A-Z
SB;SB467;Conservation and restoration of historic gardens
SB;SB467.8;Management of large gardens
SB;SB469;Periodicals. Societies. Serials
SB;SB469.2;Collected works (nonserial)
SB;SB469.23;Congresses
SB;SB469.25;Dictionaries and encyclopedias
SB;SB469.3;General works
SB;SB469.33;General works
SB;SB469.34.A-Z;By region or state, A-Z
SB;SB469.35.A-Z;Other regions or countries, A-Z
SB;SB469.37;General works
SB;SB469.375;Women in landscape architecture. Women landscape architects
SB;SB469.38;Employment surveys, manpower requirements, distribution and utilization of landscape
SB;SB469.384;General works
SB;SB469.385.A-Z;By region or state, A-Z
SB;SB469.386.A-Z;Other regions or countries, A-Z
SB;SB469.39;General works
SB;SB469.393;Information services
SB;SB469.395;Computer network resources
SB;SB469.4;General works
SB;SB469.43.A-Z;By region or country, A-Z
SB;SB469.5.A-Z;Special schools, A-Z
SB;SB469.6;Problems, exercises, examinations
SB;SB469.75;General works
SB;SB469.77.A-Z;International. By place, A-Z
SB;SB469.78.A-Z;By region or country, A-Z
SB;SB469.9;Collective
SB;SB470.A-Z;Individual, A-Z
SB;SB470.5;General works
SB;SB470.53;General works
SB;SB470.54.A-Z;By region or state, A-Z
SB;SB470.55.A-Z;Other regions or countries, A-Z
SB;SB470.7;Symbolism of gardens
SB;SB471;To 1875
SB;SB472;1876-
SB;SB472.3;General works
SB;SB472.32.A-Z;By region or country, A-Z
SB;SB472.4;Addresses, essays, lectures
SB;SB472.45;Landscape design (General). Garden design (General)
SB;SB472.47;Drawings
SB;SB472.5;General works
SB;SB472.53;General works
SB;SB472.535.A-Z;By region or state, A-Z
SB;SB472.54.A-Z;Other regions or countries, A-Z
SB;SB472.55;Landscape contracting
SB;SB472.56;Specifications
SB;SB472.565;Estimates and cost
SB;SB472.7;Urban landscape architecture. Urban vegetation management
SB;SB472.8;Historic preservation and restoration
SB;SB473;Home grounds. Small estates
SB;SB473.2;Patio gardening. Courtyard gardening
SB;SB473.4;Lighting
SB;SB473.5;Ornaments and furniture
SB;SB475;Mazes. Labyrinths
SB;SB475.5;Stone
SB;SB475.8;General works
SB;SB475.82;Landscape irrigation
SB;SB475.83;Water conservation. Xeriscaping
SB;SB475.9.A-Z;Other special topics, A-Z
SB;SB475.9.A35;Aged. Older people
SB;SB475.9.C55;Climatic factors
SB;SB475.9.D37;Data processing
SB;SB475.9.D47;Desert landscape architecture
SB;SB475.9.E35;Edible landscaping
SB;SB475.9.E53;Energy conservation
SB;SB475.9.F57;Firescaping
SB;SB475.9.F67;Forest landscape design
SB;SB475.9.H54;Hillside landscape architecture
SB;SB475.9.S72;Standards
SB;SB475.9.S95;Surveying
SB;SB475.9.W48;Wetland landscape design
SB;SB476;Miscellaneous
SB;SB481.A1;Periodicals. Societies. Serials
SB;SB481.A2;Congresses
SB;SB481.A4-Z;General works
SB;SB481.3;Juvenile works
SB;SB481.5;Collective
SB;SB481.6.A-Z;Individual, A-Z
SB;SB482.A1-.A29;Serials
SB;SB482.A3;Monographs. By date of publication
SB;SB482.A4;General works
SB;SB482.A5-Z;By region or state, A-Z
SB;SB484.A-Z;By region or country, A-Z
SB;SB484.C2;Canada
SB;SB485.A-Z;By city, A-Z
SB;SB486.A-Z;Special topics, A-Z
SB;SB486.C66;Concessions
SB;SB486.D46;Design. Designs and plans
SB;SB486.F34;Facilities
SB;SB486.F54;Finance
SB;SB486.F56;Fire management
SB;SB486.H35;Handicapped. People with disabilities
SB;SB486.I57;Interpretive programs
SB;SB486.M33;Maintenance
SB;SB486.M35;Management
SB;SB486.P76;Protection
SB;SB486.P82;Public opinion
SB;SB486.P83;Public use
SB;SB486.S53;Search and rescue operations
SB;SB486.S65;Social aspects
SB;SB486.V35;Vandalism
SB;SB486.V62;Vocational guidance
SB;SB486.V64;Volunteer workers
SB;SB599;Periodicals. Societies. Serials
SB;SB599.2;Congresses
SB;SB600;Dictionaries
SB;SB600.5;Directories
SB;SB601;General works
SB;SB603;Minor
SB;SB603.3;General works
SB;SB603.33.A-Z;By region or country, A-Z
SB;SB603.5;Garden pests and diseases
SB;SB605.A-Z;By region or country, A-Z
SB;SB608.A-Z;By individual or type of plant or tree, A-Z
SB;SB608.A2;Abies grandis
SB;SB608.A25;Acacia
SB;SB608.A27;Acer pseudoplatanus
SB;SB608.A37;African violets
SB;SB608.A42;Agathis alba
SB;SB608.A5;Alfalfa
SB;SB608.A515;Almond
SB;SB608.A517;Amaranths
SB;SB608.A518;American chestnut
SB;SB608.A52;Anthuriums
SB;SB608.A6;Apple
SB;SB608.A7;Arabidopsis thaliana
SB;SB608.A77;Ash
SB;SB608.A79;Aspen
SB;SB608.A8;Asparagus
SB;SB608.A84;Avocado
SB;SB608.A9;Azaleas
SB;SB608.B14;Bamboo
SB;SB608.B16;Banana
SB;SB608.B2;Barley
SB;SB608.B3;Bean
SB;SB608.B4;Beets
SB;SB608.B45;Berries
SB;SB608.B5;Birch
SB;SB608.B63;Blueberry
SB;SB608.B65;Bluegrass
SB;SB608.B67;Boxwood
SB;SB608.B68;Brassica
SB;SB608.B7;Brazil nut
SB;SB608.B78;Brussels sprouts
SB;SB608.B85;Bulbs
SB;SB608.B88;Butternut
SB;SB608.C14;Cabbage
SB;SB608.C17;Cacao
SB;SB608.C18;Cactus
SB;SB608.C2;Calla lily
SB;SB608.C24;Callitropsis nootkatensis
SB;SB608.C25;Camphor tree
SB;SB608.C27;Canavalia
SB;SB608.C28;Cannabis. Hemp
SB;SB608.C29;Cardamoms
SB;SB608.C3;Carnation
SB;SB608.C32;Carrots
SB;SB608.C33;Cassava
SB;SB608.C34;Casuarina cunninghamiana
SB;SB608.C35;Cauliflower
SB;SB608.C38;Cedar
SB;SB608.C39;Celery
SB;SB608.C43;Cherry
SB;SB608.C45;Chestnut
SB;SB608.C455;Chickpea
SB;SB608.C46;Chrysanthemum
SB;SB608.C48;Cinchona
SB;SB608.C5;Citrus. Citrus fruits
SB;SB608.C55;Clover
SB;SB608.C58;Coconut palm
SB;SB608.C6;Coffee
SB;SB608.C67;Cole crops
SB;SB608.C7;Conifers
SB;SB608.C76;Cork tree
SB;SB608.C8;Cotton
SB;SB608.C85;Cowpea
SB;SB608.C87;Cranberry
SB;SB608.C875;Crataegus
SB;SB608.C877;Crucifers
SB;SB608.C88;Cucumber
SB;SB608.C885;Cucurbits
SB;SB608.C888;Currant
SB;SB608.C89;Cyclamen
SB;SB608.D3;Dahlia
SB;SB608.D35;Date palm
SB;SB608.D44;Dendrobium
SB;SB608.D6;Douglas fir
SB;SB608.E2;Eggplant
SB;SB608.E5;Elm
SB;SB608.E55;Entandrophragma
SB;SB608.E82;Eucalyptus
SB;SB608.E83;Eucalyptus camaldulensis
SB;SB608.E87;European beech
SB;SB608.F24;Fava bean
SB;SB608.F3;Ferns
SB;SB608.F35;Fig
SB;SB608.F37;Filbert
SB;SB608.F4;Fir
SB;SB608.F5;Flax
SB;SB608.F59;Foliage plants
SB;SB608.F62;Food crops
SB;SB608.F63;Forage plants
SB;SB608.F7;Foxtail
SB;SB608.F8;Fruit
SB;SB608.G38;Gentianella scopulorum
SB;SB608.G4;Gerbera
SB;SB608.G5;Ginseng
SB;SB608.G55;Gladiolus
SB;SB608.G6;Grain
SB;SB608.G7;Grape
SB;SB608.G8;Grasses
SB;SB608.G82;Greenhouse plants
SB;SB608.G9;Guarana
SB;SB608.G93;Guayule
SB;SB608.H3;Hardwoods
SB;SB608.H4;Hemlock
SB;SB608.H45;Herbs
SB;SB608.H47;Heritiera fomes
SB;SB608.H5;Hevea
SB;SB608.H56;Hippophae rhamnoides
SB;SB608.H7;Honeysuckle
SB;SB608.H8;Hops
SB;SB608.H82;Horseradish
SB;SB608.H83;Horticultural crops
SB;SB608.H84;House plants
SB;SB608.I63;Incense cedar
SB;SB608.I7;Iris
SB;SB608.J3;Japanese cherry
SB;SB608.J34;Jarrah
SB;SB608.J4;Jerusalem artichoke
SB;SB608.J77;Jute
SB;SB608.K57;Kiwifruit
SB;SB608.L27;Landscape plants
SB;SB608.L3;Larch
SB;SB608.L4;Legumes
SB;SB608.L5;Lemon
SB;SB608.L52;Lespedeza
SB;SB608.L523;Lettuce
SB;SB608.L53;Lily
SB;SB608.L55;Lima bean
SB;SB608.L58;Liriodendron tulipifera
SB;SB608.L6;Lodgepole pine
SB;SB608.L85;Lupines
SB;SB608.M2;Maize. Corn
SB;SB608.M27;Mangium
SB;SB608.M3;Mango
SB;SB608.M32;Mangrove plants
SB;SB608.M34;Maple
SB;SB608.M38;Medicinal plants
SB;SB608.M4;Melons
SB;SB608.M45;Mesquite
SB;SB608.M5;Millets
SB;SB608.M8;Mulberry
SB;SB608.M9;Mushrooms
SB;SB608.M94;Myrtle beech
SB;SB608.N67;Norway spruce
SB;SB608.N673;Nothofagus
SB;SB608.N674;Nothofagus fusca
SB;SB608.N676;Nursery stock
SB;SB608.N68;Nuts
SB;SB608.O115;Oak
SB;SB608.O2;Oats
SB;SB608.O25;Ohia lehua
SB;SB608.O27;Oil palm
SB;SB608.O3;Oilseed plants
SB;SB608.O4;Olive
SB;SB608.O5;Onions
SB;SB608.O6;Orange
SB;SB608.O65;Orchid
SB;SB608.O7;Ornamental plants (General)
SB;SB608.P15;Pacific madrone
SB;SB608.P22;Palms
SB;SB608.P23;Papaya
SB;SB608.P24;Paulownia kawakamii
SB;SB608.P25;Pea
SB;SB608.P3;Peach
SB;SB608.P37;Peanut
SB;SB608.P4;Pear
SB;SB608.P42;Pearl millet
SB;SB608.P45;Pecan
SB;SB608.P5;Pepper
SB;SB608.P56;Phragmites australis
SB;SB608.P63;Pigeon pea
SB;SB608.P65;Pine
SB;SB608.P72;Pineapple
SB;SB608.P73;Pistachio
SB;SB608.P76;Plane tree
SB;SB608.P77;Plum
SB;SB608.P774;Polish larch
SB;SB608.P7745;Ponderosa pine
SB;SB608.P775;Poplar
SB;SB608.P78;Poppy
SB;SB608.P79;Populus tremuloides
SB;SB608.P8;Potatoes
SB;SB608.P85;Proteaceae
SB;SB608.R2;Rape
SB;SB608.R25;Raspberry
SB;SB608.R33;Red spruce
SB;SB608.R37;Restionaceae
SB;SB608.R43;Rhododendrons
SB;SB608.R5;Rice
SB;SB608.R7;Root crops
SB;SB608.R8;Rose
SB;SB608.R83;Rubber plants
SB;SB608.R85;Rubus
SB;SB608.R9;Rye
SB;SB608.S33;Sandalwood
SB;SB608.S42;Sea buckthorn
SB;SB608.S44;Scots pine
SB;SB608.S46;Siberian larch
SB;SB608.S5;Silk tree
SB;SB608.S54;Silver fir
SB;SB608.S57;Snapdragon
SB;SB608.S59;Solanaceae
SB;SB608.S6;Sorghum
SB;SB608.S7;Soybean
SB;SB608.S8;Spruce
SB;SB608.S83;Stone fruit
SB;SB608.S85;Strawberry
SB;SB608.S88;Sugar beet
SB;SB608.S89;Sugar maple
SB;SB608.S9;Sugarcane
SB;SB608.S92;Sunflower
SB;SB608.S945;Sweet clover
SB;SB608.S95;Sweet pea
SB;SB608.S98;Sweet potato
SB;SB608.T26;Taro
SB;SB608.T28;Taxus
SB;SB608.T3;Tea
SB;SB608.T33;Teak
SB;SB608.T4;Teosinte
SB;SB608.T6;Timothy
SB;SB608.T7;Tobacco
SB;SB608.T75;Tomato
SB;SB608.T8;Tropical crops
SB;SB608.T85;Tulip
SB;SB608.T87;Turfgrasses
SB;SB608.T9;Turnip
SB;SB608.U42;Umbelliferae
SB;SB608.V4;Vegetables (General)
SB;SB608.V44;Veld grass
SB;SB608.W3;Walnut
SB;SB608.W32;Walnut, English
SB;SB608.W33;Watermelon
SB;SB608.W47;Western larch
SB;SB608.W5;Wheat
SB;SB608.W6;White ash
SB;SB608.W64;White spruce
SB;SB608.W65;Willow
SB;SB610;Periodicals. Societies. Serials
SB;SB610.2;Congresses
SB;SB611;General works
SB;SB611.3;General works
SB;SB611.34.A-Z;By region or country, A-Z
SB;SB611.4;Economic aspects (General)
SB;SB611.5;General works
SB;SB611.6;Microbiological methods. Microbial herbicides
SB;SB612.A2;General works
SB;SB612.A3-Z;By region or state, A-Z
SB;SB613.A-Z;Other regions or countries, A-Z
SB;SB613.5;Invasive plants
SB;SB614;General works
SB;SB614.3.A-Z;By region or country, A-Z
SB;SB614.7;Phreatophytes
SB;SB615.A-Z;Individual weeds, etc., A-Z
SB;SB615.A27;Absinth wormwood
SB;SB615.A52;Ambrosia artemisiifolia
SB;SB615.A65;Apera spica-venti
SB;SB615.A78;Artemisia frigida
SB;SB615.B72;Bracken fern
SB;SB615.B74;Broom snakeweed
SB;SB615.C4;Canada thistle
SB;SB615.C42;Celastrus orbiculatus
SB;SB615.C43;Chinese clematis
SB;SB615.C45;Chromolaena odorata
SB;SB615.C47;Cladophora
SB;SB615.C5;Climbing hempweed
SB;SB615.C63;Cogon grass
SB;SB615.C65;Common dandelion
SB;SB615.D29;Dalmatian toadflax
SB;SB615.D6;Docks
SB;SB615.D85;Dwarf mistletoes
SB;SB615.E23;Echium plantagineum
SB;SB615.E54;English ivy
SB;SB615.E87;Eurasian watermilfoil
SB;SB615.F54;Field bindweed
SB;SB615.F68;Fountain grass
SB;SB615.G2;Garlic
SB;SB615.G23;Garlic mustard
SB;SB615.G52;Giant hogweed
SB;SB615.G67;Gorse
SB;SB615.H4;Heather
SB;SB615.H45;Hemp sesbania
SB;SB615.H54;Hieracium lepidulum
SB;SB615.H66;Honey mesquite
SB;SB615.H93;Hydrilla
SB;SB615.H95;Hydrocotyle ranuculoides
SB;SB615.H97;Hymenachne amplexicaulis
SB;SB615.H98;Hypericum perforatum
SB;SB615.I39;Imperata
SB;SB615.J34;Japanese knotweed
SB;SB615.K55;Knapweeds
SB;SB615.K83;Kudzu
SB;SB615.L24;Lagorosiphon major
SB;SB615.L35;Lantana camara
SB;SB615.L42;Lead tree
SB;SB615.L43;Leafy spurge
SB;SB615.L56;Linaria vulgaris
SB;SB615.M25;Madagascar ragwort
SB;SB615.M3;Marsh horsetail
SB;SB615.M38;Medusahead wildrye
SB;SB615.M39;Melaleuca quinquenervia
SB;SB615.M4;Mesquite
SB;SB615.M43;Miconia calvescens
SB;SB615.M45;Mikania micrantha
SB;SB615.M46;Mimosa pigra
SB;SB615.M5;Mistletoes
SB;SB615.M65;Morella faya
SB;SB615.P25;Pampas grasses
SB;SB615.P28;Parthenium hysterophorus
SB;SB615.P3;Paspalum distichum
SB;SB615.P39;Persicaria perfoliata
SB;SB615.P45;Phyla canescens
SB;SB615.P54;Plectonema boryanum
SB;SB615.P66;Populus tremuloides
SB;SB615.P8;Prickly pears
SB;SB615.P83;Prosopis
SB;SB615.P86;Purple loosestrife
SB;SB615.Q3;Quack grass
SB;SB615.R3;Ragweeds
SB;SB615.R4;Red alder
SB;SB615.R43;Red rice
SB;SB615.R44;Reed canary grass
SB;SB615.S2;Sagebrush
SB;SB615.S35;Senna obtusifolia
SB;SB615.S4;Serrated tussock
SB;SB615.S58;Small-leaf spiderwort
SB;SB615.S62;Sow thistles
SB;SB615.S63;Spartina
SB;SB615.S84;Sulphur cinquefoil
SB;SB615.T25;Tamarisks
SB;SB615.T27;Tansy ragwort
SB;SB615.T4;Thistles
SB;SB615.T96;Typha
SB;SB615.V44;Veld grass
SB;SB615.W3;Water hyacinth
SB;SB615.W54;Wild oat
SB;SB615.W56;Willows
SB;SB615.W58;Witchweeds
SB;SB617;General
SB;SB617.4;General works
SB;SB617.45.A-Z;By region or state, A-Z
SB;SB617.5.A-Z;Other regions or countries, A-Z
SB;SB618.A-Z;Individual plants, A-Z
SB;SB618.D4;Death camas
SB;SB618.M5;Milkweed
SB;SB618.M6;Mountain laurel
SB;SB618.P6;Poison ivy
SB;SB618.S7;Sneezeweed
SB;SB621-723;By region or country (Table S1)
SB;SB724;Tropics
SB;SB727;Congresses
SB;SB728;Dictionaries. Encyclopedias
SB;SB729.5;Collective
SB;SB729.6.A-Z;Individual, A-Z
SB;SB731;General works
SB;SB732;Minor miscellaneous
SB;SB732.4;Vocational guidance
SB;SB732.5;General works
SB;SB732.54.A-Z;By region or country, A-Z
SB;SB732.56;Laboratory manuals
SB;SB732.58;Economic aspects (General)
SB;SB732.6;Biological control of phytopathogenic microorganisms (General)
SB;SB732.65;Molecular aspects
SB;SB732.7;Plant-pathogen relationships
SB;SB732.73;Diseased plant anatomy and physiology
SB;SB732.75;Phytotoxins. Allelopathy and allelopathic agents (General)
SB;SB732.8;Seed pathology. Seed-borne plant diseases (General)
SB;SB732.87;Soilborne plant diseases
SB;SB733;Fungus diseases
SB;SB734;Bacterial diseases
SB;SB736;Virus diseases
SB;SB737;Mycoplasma diseases
SB;SB738;Phytoplasma diseases
SB;SB741.A-Z;Individual and groups of diseases or pathogens, A-Z
SB;SB741.A48;Alternaria
SB;SB741.A55;Anthracnose
SB;SB741.A7;Armillaria root rot
SB;SB741.B33;Bacterial wilt diseases
SB;SB741.B6;Black rot
SB;SB741.B73;Botryodiplodia theobromae
SB;SB741.B74;Botrytis. Botryotinia
SB;SB741.C42;Charcoal rot
SB;SB741.C45;Chlorosis
SB;SB741.C6;Clubroot
SB;SB741.C73;Colletotrichum
SB;SB741.C75;Comamonadaceae
SB;SB741.C9;Crown gall
SB;SB741.D3;Damping-off
SB;SB741.D68;Downy mildew
SB;SB741.E7;Ergot
SB;SB741.F6;Fire blight
SB;SB741.F9;Fusarium
SB;SB741.G35;Ganoderma
SB;SB741.H38;Heterobasidion annosum
SB;SB741.L45;Leaf spots
SB;SB741.M65;Mildew
SB;SB741.M75;Mosaic diseases
SB;SB741.P58;Phytophthora
SB;SB741.P59;Phytophthora cinnamomi
SB;SB741.P715;Potyviruses
SB;SB741.P72;Powdery mildews
SB;SB741.P76;Pseudomonas syringae
SB;SB741.P95;Pythium
SB;SB741.R35;Ralstonia solanacearum
SB;SB741.R38;Red band needle blight
SB;SB741.R75;Root rots
SB;SB741.R8;Rusts
SB;SB741.S38;Scleroderris canker
SB;SB741.S6;Smuts
SB;SB741.V45;Verticillium. Verticillium wilts
SB;SB741.W44;Wilt diseases
SB;SB741.X35;Xanthomonas
SB;SB741.5;Tumors
SB;SB742;General works
SB;SB743.A-Z;Special. By compound, element, or group of elements, A-Z
SB;SB743.B6;Boron
SB;SB743.I75;Iron
SB;SB743.M25;Magnesium
SB;SB743.M3;Manganese
SB;SB743.P68;Potassium
SB;SB743.T7;Trace elements
SB;SB743.Z55;Zinc
SB;SB744;General works
SB;SB744.25;Herbicides
SB;SB744.5;General works
SB;SB745;Air pollution, smoke, fumes, etc.
SB;SB745.4;Acid deposition. Acid precipitation
SB;SB746;Radioactive substances
SB;SB747.A-Z;Other pollutants, A-Z
SB;SB747.F58;Fluorides
SB;SB747.O95;Ozone, Atmospheric
SB;SB747.S84;Sulfur dioxide
SB;SB750;Disease and pest resistance
SB;SB761;General works
SB;SB762;General works
SB;SB763.A-Z;By region or state, A-Z
SB;SB764.A-Z;Other regions or countries, A-Z
SB;SB765;Tree and forest declines
SB;SB767;Galls and gall insects
SB;SB770;Tree cavities. Tree hollows. Tree holes
SB;SB781;Damage from frosts, freezing, hail, and ice
SB;SB785;Effect of floods
SB;SB791;Effect of drought
SB;SB793;Effect of wind
SB;SB795.A-Z;Other, A-Z
SB;SB795.F6;Forking
SB;SB818;Periodicals. Societies. Serials
SB;SB818.2;Congresses
SB;SB818.5;Dictionaries. Encyclopedias. Terminology
SB;SB821-923;Documents. By country (Table S1)
SB;SB931;General works
SB;SB931.3;Juvenile works
SB;SB933;Minor works. Pamphlets
SB;SB933.14;General works
SB;SB933.16.A-Z;By region or country, A-Z
SB;SB933.2;Insect resistance. Insect resistant plants
SB;SB933.25;Periodicals. Societies. Serials
SB;SB933.27;Congresses
SB;SB933.3;General works
SB;SB933.32.A-Z;By region or country, A-Z
SB;SB933.33;Entomophagous arthropods and insects
SB;SB933.334;Nematodes
SB;SB933.34;General works
SB;SB933.37;Viral insecticides
SB;SB933.5;Semiochemicals
SB;SB933.6;Sterilization
SB;SB933.7;Temperature
SB;SB934;General works
SB;SB934.5.A-Z;By region or state, A-Z
SB;SB935.A-Z;Other regions or countries, A-Z
SB;SB936;Greenhouse pests
SB;SB937;Storage pests
SB;SB938;Urban pests
SB;SB939;Scale insects
SB;SB940;Mites
SB;SB942;Diseases of insects, mites, etc.
SB;SB945.A-Z;Individual and groups of insects, mites, etc., A-Z
SB;SB945.A22;Acarus siro
SB;SB945.A224;Adelges
SB;SB945.A226;African armyworm
SB;SB945.A23;Agromyzidae
SB;SB945.A24;Aleyrodidae. Whiteflies
SB;SB945.A26;Alfalfa midge
SB;SB945.A3;Alfalfa weevil
SB;SB945.A33;Ambermarked birch leafminer
SB;SB945.A34;Amrasca devastans
SB;SB945.A4;Ants
SB;SB945.A5;Aphids
SB;SB945.A527;Apple clearwing moth
SB;SB945.A74;Argentine ant
SB;SB945.A8;Armyworms
SB;SB945.A83;Asian longhorned beetle
SB;SB945.A86;Atta
SB;SB945.B24;Balsam woolly adelgid
SB;SB945.B28;Banana root borer
SB;SB945.B3;Bark beetles
SB;SB945.B38;Bean aphid
SB;SB945.B422;Beet armyworm
SB;SB945.B424;Beetles
SB;SB945.B427;Bemisia
SB;SB945.B44;Black cutworm
SB;SB945.B65;Blueberry maggot
SB;SB945.B83;Borers
SB;SB945.B89;Brown planthopper
SB;SB945.B9;Browntail moth
SB;SB945.C24;Cabbage maggot
SB;SB945.C26;Cacao pod borer
SB;SB945.C337;Capnodis tenebrionis
SB;SB945.C44;Cercopidae
SB;SB945.C47;Chilo
SB;SB945.C49;Chilotraea polychrysa
SB;SB945.C5;Chinch bug
SB;SB945.C523;Choristoneura murinana
SB;SB945.C525;Chortoicetes terminifera
SB;SB945.C55;Cicada, Periodical
SB;SB945.C67;Coccidae
SB;SB945.C68;Cockchafers
SB;SB945.C7;Codling moth
SB;SB945.C723;Collembola
SB;SB945.C8;Cotton-boll weevil
SB;SB945.C865;Cranberry girdler
SB;SB945.C888;Ctenarytaina eucalypti
SB;SB945.C92;Cutworms
SB;SB945.C95;Cyclamen mite
SB;SB945.D38;Dendroctonus micans
SB;SB945.D44;Desert locust
SB;SB945.D48;Diabrotica
SB;SB945.D5;Diamondback moth
SB;SB945.D53;Diaspididae
SB;SB945.D75;Douglas fir beetle
SB;SB945.D76;Douglas fir tussock moth
SB;SB945.D87;Dysdercus
SB;SB945.E48;Emerald ash borer
SB;SB945.E52;Empoasca fabae
SB;SB945.E65;Epilachna
SB;SB945.E73;European chafer
SB;SB945.E75;European corn borer
SB;SB945.E78;European pine shoot moth
SB;SB945.E845;Eurygaster integriceps
SB;SB945.F535;Fire ants
SB;SB945.F64;Florida wax scale
SB;SB945.F7;Forest tent caterpillar
SB;SB945.F8;Fruit-fly
SB;SB945.G53;Granary weevil
SB;SB945.G65;Grasshoppers
SB;SB945.G73;Green alder sawfly
SB;SB945.G75;Green peach aphid
SB;SB945.G9;Gypsy moth. Lymantria dispar
SB;SB945.H27;Heliothis
SB;SB945.H274;Heliothis armigera
SB;SB945.H28;Heliothis zea
SB;SB945.H29;Hemispherical scale
SB;SB945.H294;Hemlock woolly adelgid
SB;SB945.H9;Hyphantrai cunea
SB;SB945.I68;Ips typographus
SB;SB945.J27;Janetiella oenophila
SB;SB945.J3;Japanese beetle
SB;SB945.K45;Khapra beetle
SB;SB945.L27;Large timberworm
SB;SB945.L5;Leafhoppers
SB;SB945.L55;Leafminers
SB;SB945.L6;Leopard moth
SB;SB945.L63;Lepidoptera
SB;SB945.L65;Leucaena psyllid
SB;SB945.L68;Liriomyza trifolii
SB;SB945.L7;Locusts
SB;SB945.L8;Lucerne flea
SB;SB945.M32;Macrotermes gilvus
SB;SB945.M5;Mediterranean flour moth
SB;SB945.M54;Mediterranean fruit fly
SB;SB945.M56;Melon-flies
SB;SB945.M7;Mole crickets
SB;SB945.M74;Monochamus urussovi
SB;SB945.M78;Mountain pine beetle
SB;SB945.M96;Mythimna separata
SB;SB945.N4;Neodiprion sertifer
SB;SB945.N46;Neotermes
SB;SB945.N53;Nezara viridula
SB;SB945.N57;Nipaecoccus viridis
SB;SB945.N8;Nun moth
SB;SB945.O37;Oligonychus ununguis
SB;SB945.O4;Olive fly
SB;SB945.O57;Oporinia autumnata
SB;SB945.O62;Oribatidae
SB;SB945.O63;Oriental fruit fly
SB;SB945.O65;Oriental fruit moth
SB;SB945.O77;Oryctes rhinoceros
SB;SB945.P2;Pales weevil
SB;SB945.P35;Pea aphis
SB;SB945.P36;Peach twig-borer
SB;SB945.P47;Pentatomidae. Stinkbugs
SB;SB945.P48;Pepper weevil
SB;SB945.P58;Phyllophaga
SB;SB945.P59;Phylloxera
SB;SB945.P618;Pine bud moth
SB;SB945.P619;Pine gall midge
SB;SB945.P644;Planthoppers
SB;SB945.P66;Poplar and willow borer
SB;SB945.P68;Potato beetle
SB;SB945.P7;Potato tuberworm
SB;SB945.P73;Prays oleae
SB;SB945.P78;Psylla
SB;SB945.P95;Pyralidae
SB;SB945.R44;Red locust
SB;SB945.R45;Red spider
SB;SB945.R457;Rhagoletis cerasi
SB;SB945.R458;Rhammatocerus schistocercoides
SB;SB945.R48;Ribbed pine-borer
SB;SB945.R49;Rice gall midge
SB;SB945.R495;Rice hispa
SB;SB945.R57;Rice weevil
SB;SB945.R7;Rocky Mountain locust
SB;SB945.S2;San Jose scale
SB;SB945.S25;Satin moth
SB;SB945.S3;Sawflies
SB;SB945.S35;Scarabaeidae
SB;SB945.S46;Shoot flies
SB;SB945.S5;Sitona
SB;SB945.S57;Sorghum shoot fly
SB;SB945.S635;Southern pine beetle
SB;SB945.S64;Southwestern corn borer
SB;SB945.S645;Sphaeraspis salisburiensis
SB;SB945.S647;Spiders
SB;SB945.S673;Spirea aphid
SB;SB945.S68;Spodoptera littoralis
SB;SB945.S69;Spruce bark beetles
SB;SB945.S697;Spruce bud moth
SB;SB945.S7;Spruce budworm
SB;SB945.S74;Stem borers
SB;SB945.S83;Sugarcane borer
SB;SB945.S86;Sweetpotato whitefly
SB;SB945.T25;Tanymecus dilaticollis
SB;SB945.T27;Tasmanian eucalyptus leaf beetle
SB;SB945.T36;Tent caterpillars
SB;SB945.T45;Termites
SB;SB945.T6;Thrips
SB;SB945.T76;Tomato pinworm
SB;SB945.T78;Tortricidae
SB;SB945.T87;Turnip aphid
SB;SB945.T9;Tyroglyphidae
SB;SB945.W3;Wasps
SB;SB945.W53;Western corn rootworm
SB;SB945.W539;Western spruce budworm
SB;SB945.W56;Wheat bulb fly
SB;SB945.W563;Wheat curl mite
SB;SB945.W57;White-fringed beetles
SB;SB945.W62;White pine weevil
SB;SB945.W65;Wireworms
SB;SB945.W67;Wood ant
SB;SB945.W68;Wood borers
SB;SB945.W7;Woolly apple aphid
SB;SB945.X94;Xyleborus destruens
SB;SB945.Z43;Zeiraphera rufimitrana
SB;SB950.A1;Periodicals. Societies. Serials
SB;SB950.A2;Congresses
SB;SB950.A3-Z;General works, treatises, and textbooks
SB;SB950.15;General works
SB;SB950.152.A-Z;By region or country, A-Z
SB;SB950.2.A1;General works
SB;SB950.2.A2-Z;By region or state, A-Z
SB;SB950.3.A-Z;Other regions or countries, A-Z
SB;SB950.57;Periodicals. Societies. Serials
SB;SB950.6;Congresses
SB;SB950.7;General works
SB;SB950.725.A-Z;International institutions. By name, A-Z
SB;SB950.73.A-Z;By region or country, A-Z
SB;SB950.76.A-Z;Special topics, A-Z
SB;SB950.76.E44;Electrophoresis
SB;SB950.9;Periodicals. Societies. Serials
SB;SB950.92;Collected works (nonserial)
SB;SB950.93;Congresses
SB;SB950.95;Dictionaries. Encyclopedias
SB;SB951;General works
SB;SB951.13;Juvenile works
SB;SB951.14;Addresses, essays, lectures
SB;SB951.145.A-Z;Special types of pesticides, A-Z
SB;SB951.145.B54;Biodegradable pesticides
SB;SB951.145.B68;Botanical pesticides
SB;SB951.145.C65;Controlled release pesticides
SB;SB951.145.L54;Light-activated pesticides
SB;SB951.145.N37;Natural pesticides
SB;SB951.145.S65;Soil pesticides
SB;SB951.145.S97;Systemic pesticides
SB;SB951.15;Algicides
SB;SB951.3;Fungicides
SB;SB951.4;General works
SB;SB951.45;Herbicide safeners
SB;SB951.5;General works
SB;SB951.54;Botanical insecticides
SB;SB951.6;Miticides. Acaricides
SB;SB951.65;Molluscicides
SB;SB951.7;Nematocides
SB;SB951.8;Rodenticides
SB;SB952.A-Z;Individual pesticides, A-Z
SB;SB952.A54;Aminopropiophenones
SB;SB952.A7;Arsenic compounds
SB;SB952.A82;Atrazine
SB;SB952.B43;Benzoylphenyl ureas
SB;SB952.B5;Bipyridinium compounds
SB;SB952.B6;Bordeaux mixture
SB;SB952.B65;Boverin
SB;SB952.B68;Brodifacoum
SB;SB952.B7;Bromides
SB;SB952.B75;Bromomethane
SB;SB952.C3;Carbamates
SB;SB952.C4;Chlordan
SB;SB952.C44;Chlorine compounds (General)
SB;SB952.C45;Chloromethylpropene
SB;SB952.C49;Chlorpyrifos
SB;SB952.C6;Copper compounds
SB;SB952.C62;Copper naphthenate
SB;SB952.D2;DDT
SB;SB952.D33;Deet
SB;SB952.D43;Diatomaceous earth
SB;SB952.D5;Dichlorophenoxyacetic acid
SB;SB952.E63;Endosulfan
SB;SB952.F45;Fenitrothion
SB;SB952.F55;Fluorine compounds
SB;SB952.G58;Glyphosate
SB;SB952.G74;Green Muscle (Trademark)
SB;SB952.I46;Imidazolinones
SB;SB952.I6;Iodine compounds
SB;SB952.L56;Lindane
SB;SB952.M15;MCPA
SB;SB952.M38;Mercury compounds (General)
SB;SB952.N44;Neem insecticide
SB;SB952.N54;Nicotinoids
SB;SB952.O4;Oil
SB;SB952.P3;Parathion
SB;SB952.P37;Pentachlorophenol
SB;SB952.P45;Phenoxyalkanoic acids
SB;SB952.P5;Phosphorus compounds
SB;SB952.P67;Porphyrins
SB;SB952.P68;Potassium cyanide
SB;SB952.P88;Pyrethroids
SB;SB952.P9;Pyrethrum
SB;SB952.P93;Pyributicarb
SB;SB952.Q5;Quinoline
SB;SB952.S6;Sodium fluoroacetate
SB;SB952.S63;Sodium pentachlorophenate
SB;SB952.S94;Sulfur compounds (General)
SB;SB952.T45;Terbutryn
SB;SB952.T7;Trichlorfon
SB;SB952.T72;Trichlorophenoxyacetic acid
SB;SB952.T74;Triclopyr
SB;SB952.5;Safety measures
SB;SB952.8;General works
SB;SB952.85;General works
SB;SB952.86;General works
SB;SB952.863.A-Z;By region or state, A-Z
SB;SB952.87.A-Z;Other regions or countries, A-Z
SB;SB953;Spraying. Dusting
SB;SB955;Fumigation of plants and plant products
SB;SB957;Resistance to pesticides
SB;SB959;Miscellaneous
SB;SB959.6;General works
SB;SB959.7.A-Z;By region or country, A-Z
SB;SB960;Analysis and experiments
SB;SB960.5.A-Z;Special topics, A-Z
SB;SB960.5.R33;Radioactive tracers
SB;SB961;Tables, formulae, etc.
SB;SB964;Evaluation
SB;SB965;Certification
SB;SB969.6;General works
SB;SB969.8.A-Z;By region or country, A-Z
SB;SB970;General works
SB;SB970.4.A-Z;By region or country, A-Z
SB;SB973;General works
SB;SB973.3;Fumigation
SB;SB973.5;Heat treatment
SB;SB974;General works
SB;SB975;General works
SB;SB975.5.A-Z;By region or country, A-Z
SB;SB976.A-Z;Special biological pest control agents, A-Z
SB;SB976.A78;Arthropoda
SB;SB976.F85;Fungi
SB;SB976.I56;Insects
SB;SB976.M55;Microorganisms. Microbial pesticides
SB;SB976.M58;Mites
SB;SB976.N46;Nematoda
SB;SB978;Sterilization of pests
SB;SB979.5;Periodicals. Societies. Serials
SB;SB979.6;Collected works (nonserial)
SB;SB979.7;Congresses
SB;SB980;General works
SB;SB981;General works
SB;SB983.A-Z;By region or state, A-Z
SB;SB985.A-Z;Other regions or countries, A-Z
SB;SB990;General works
SB;SB990.5.A-Z;By region or country, A-Z
SB;SB992;Periodicals. Societies. Serials
SB;SB992.2;Collected works (nonserial)
SB;SB992.3;Congresses
SB;SB992.4;Dictionaries. Encyclopedias
SB;SB993;General works
SB;SB993.23;Juvenile works
SB;SB993.25;Pictorial works
SB;SB993.27;Addresses, essays, lectures
SB;SB993.3;General works
SB;SB993.32.A-Z;By region or state, A-Z
SB;SB993.34.A-Z;Other regions or countries, A-Z
SB;SB993.4;General works
SB;SB993.43;General works
SB;SB993.44.A-Z;By region or state, A-Z
SB;SB993.45.A-Z;Other regions or countries, A-Z
SB;SB993.5;General works
SB;SB993.6;General works
SB;SB993.65.A-Z;By region or state, A-Z
SB;SB993.7.A-Z;Other regions or countries, A-Z
SB;SB994.A-Z;Special mammals, A-Z
SB;SB994.A64;Aplodontia
SB;SB994.C82;Coypu
SB;SB994.D4;Deer
SB;SB994.G58;Goats
SB;SB994.K35;Kangaroos
SB;SB994.M5;Mice
SB;SB994.M7;Moles (Animals)
SB;SB994.M73;Moose
SB;SB994.M85;Muskrats
SB;SB994.P72;Predators
SB;SB994.R15;Rabbits
SB;SB994.R2;Rats
SB;SB994.R6;Rodents
SB;SB994.S55;Skunks
SB;SB994.S67;Squirrels
SB;SB994.T74;Trichosurus vulpecula
SB;SB995;General works
SB;SB995.25;Scarecrows and other crop protection devices
SB;SB995.3;General works
SB;SB995.34.A-Z;By region or state, A-Z
SB;SB995.36.A-Z;Other regions or countries, A-Z
SB;SB996.A-Z;Special birds, A-Z
SB;SB996.C3;Cattle egret
SB;SB996.C6;Crow
SB;SB996.D5;Dickcissel
SB;SB996.M3;Magpie
SB;SB996.M5;Meadowlark
SB;SB996.P8;Purple martin
SB;SB996.Q44;Quelea
SB;SB996.S7;Sparrow
SB;SB996.S75;Starling
SB;SB996.S8;Swallow
SB;SB996.T5;Thrush
SB;SB996.W7;Woodpecker
SB;SB996.Y4;Yellow-bellied sapsucker
SB;SB998.A-Z;Other, A-Z
SB;SB998.B82;Bufo marinus
SB;SB998.B85;Burrowing nematode
SB;SB998.D49;Ditylenchus
SB;SB998.D5;Ditylenchus dipsaci
SB;SB998.E4;Earthworms
SB;SB998.G37;Gastropoda
SB;SB998.G53;Giant African snail
SB;SB998.G64;Golden nematode
SB;SB998.H35;Helicidae
SB;SB998.H46;Heterodera
SB;SB998.I57;Insect nematodes
SB;SB998.L64;Longidoridae
SB;SB998.M45;Meloidogyne. Root-knot nematodes
SB;SB998.M64;Mollusks
SB;SB998.N4;Nematodes
SB;SB998.P54;Pinewood nematode
SB;SB998.R4;Rattlesnakes
SB;SB998.S59;Slugs (Mollusks)
SB;SB998.S68;Soybean cyst nematode
SB;SB998.T75;Trichodoridae
SB;SB1110;Miscellaneous pamphlets
TR;TR1;Periodicals. Societies. Almanacs
TR;TR5;Congresses
TR;TR6.A1;General works
TR;TR6.A2-Z;By region or country, A-Z
TR;TR6.5;Collectors' manuals. Collections of old photographs and photographic equipment
TR;TR7;Collected works (nonserial)
TR;TR9;Dictionaries. Encyclopedias
TR;TR10;General works
TR;TR11;Computer network resources
TR;TR12;Directories. Bluebooks
TR;TR15;History (General)
TR;TR21-127;Country divisions (Table T1a)
TR;TR139;Collective
TR;TR140.A-Z;Individual, A-Z
TR;TR144;Early to 1850
TR;TR145;1850-
TR;TR146;Elementary works. Handbooks, manuals, etc.
TR;TR147;General special
TR;TR148;Photographic amusements. Trick photography. Special effects
TR;TR149;Popular works. Juvenile works
TR;TR150;Photographers' reference handbooks
TR;TR151;Tables, formulas, etc.
TR;TR154;Photography as a profession
TR;TR161;Study and teaching
TR;TR162;Examinations, questions, etc.
TR;TR179;Composition
TR;TR183;Psychology, aesthetics, etc.
TR;TR184;Political aspects
TR;TR185;Addresses, essays, lectures
TR;TR187;Photographic criticism
TR;TR196;General works
TR;TR196.5.A-Z;Special companies, A-Z
TR;TR197;Catalogs of apparatus
TR;TR198;Catalogs of materials and supplies
TR;TR199;Catalogs of photographs (General)
TR;TR200;General works
TR;TR210;General works
TR;TR212;Photographic chemicals
TR;TR215;General works
TR;TR220;Photographic optics
TR;TR222;Properties of the photographic image. Image science
TR;TR225;Recovery of photographic waste
TR;TR250;General works
TR;TR256;Digital cameras
TR;TR257;Medium format cameras
TR;TR257.5;Streak cameras
TR;TR258;View cameras
TR;TR259;Stereoscopic cameras
TR;TR260;Hand cameras
TR;TR260.5;Automatic cameras. Electric eye cameras
TR;TR260.7;Autofocus cameras
TR;TR261;Reflex cameras
TR;TR262;Miniature cameras
TR;TR262.5;Mirrorless interchangeable-lens cameras
TR;TR263.A-Z;Special makes of film and digital cameras, A-Z
TR;TR263.A35;Agfa
TR;TR263.A7;Argus
TR;TR263.C3;Canon
TR;TR263.C5;Ciro-flex
TR;TR263.C6;Contax
TR;TR263.E75;Ernemann
TR;TR263.E9;Exakta
TR;TR263.F85;Fujifilm
TR;TR263.H3;Hasselblad
TR;TR263.K54;Kodak
TR;TR263.K55;Konica
TR;TR263.L4;Leica
TR;TR263.L66;Lomo
TR;TR263.M47;Minolta
TR;TR263.M5;Minox
TR;TR263.N5;Nikon
TR;TR263.O4;Olympus
TR;TR263.P4;Pentax
TR;TR263.P6;Polaroid Land
TR;TR263.R4;Retina
TR;TR263.R6;Rollei
TR;TR263.S66;Sony
TR;TR263.Y3;Yashica
TR;TR263.Z4;Zeiss
TR;TR265;Camera accessories
TR;TR267;General works
TR;TR267.3;Computational photography
TR;TR267.5.A-Z;Special systems, standards, software, A-Z
TR;TR267.5.A25;Adobe Camera Raw
TR;TR267.5.A3;Adobe Photoshop
TR;TR267.5.A33;Adobe Photoshop elements
TR;TR267.5.A355;Adobe Photoshop lightroom
TR;TR267.5.A64;Aperture
TR;TR267.5.A965;Autodesk Smoke
TR;TR267.5.F55;Flickr
TR;TR267.5.G56;GIMP
TR;TR267.5.I57;Instagram
TR;TR267.5.I64;iPhoto
TR;TR267.5.M53;Microsoft Digital image
TR;TR267.5.N56;Nik Software HDR Efex Pro
TR;TR267.5.P35;PaintShop Pro
TR;TR267.5.P53;Picasa
TR;TR267.5.V84;VueScan
TR;TR267.73;General works
TR;TR267.733.A-Z;Special topics, A-Z
TR;TR267.733.M85;Multispectral imaging
TR;TR268;Pinhole photography
TR;TR269;Instant photography
TR;TR270;General works
TR;TR271.A-Z;Special, A-Z
TR;TR271.M33;Macro
TR;TR271.T44;Telephoto
TR;TR271.W53;Wide-angle
TR;TR271.Z65;Zoom
TR;TR272;Shutters
TR;TR280;General works
TR;TR281;Plates
TR;TR283;Films
TR;TR285;Papers
TR;TR287;General works
TR;TR290;General works
TR;TR295;Development
TR;TR299;Intensification and reduction
TR;TR305;Fixing and washing
TR;TR310;Finishing, retouching
TR;TR312;Contact prints
TR;TR320;General works
TR;TR330;General works
TR;TR333;By electric or other artificial light
TR;TR335;Fixing. Toning. Intensification
TR;TR337;Finishing
TR;TR340;Trimming, mounting and framing of prints
TR;TR350;General works
TR;TR360;General works
TR;TR365;Daguerreotype
TR;TR370;Ambrotype
TR;TR375;Ferrotype (Tintype)
TR;TR385;General works
TR;TR390;Collodion process
TR;TR395;Emulsion processes. Aristotypes, calotypes, etc.
TR;TR400;Other processes. Salts of silver and other metals
TR;TR405;General works
TR;TR415;Blueprints from photographic negatives. Cyanotypes
TR;TR416;Chrysotype
TR;TR420;Processes with salts of platinum
TR;TR430;General works
TR;TR433;Chromium. Ozotype, etc.
TR;TR440;Carbon processes. Pigment processes
TR;TR443;Oil processes. Bromoil
TR;TR445;Gum-bichromate process. Photoaquatint
TR;TR453;Photography of colored objects. Orthochromatic, isochromatic, etc.
TR;TR455;Other processes
TR;TR465;Conservation and restoration of photographs
TR;TR470;Copying
TR;TR475;Enlargement and reduction
TR;TR485;Coloring of prints. Airbrush work, etc.
TR;TR487;Photo-oleographs
TR;TR495;Photographs on metal, glass, cloth, leather, etc.
TR;TR500;Photoenamels. Photoceramics
TR;TR501;Photograph albums
TR;TR501.5;Photobooks
TR;TR502;Photo CDs
TR;TR504;General works
TR;TR505;Lantern slides
TR;TR506;General works
TR;TR507;Catalogs
TR;TR508;Overhead projectors
TR;TR510;General works
TR;TR515;Materials, supplies, etc.
TR;TR520;Tricolor
TR;TR525;Interference. Lippmann's process
TR;TR530;General works
TR;TR540;General works
TR;TR545;Printing
TR;TR550;General works
TR;TR560;Darkrooms
TR;TR570;Accessories and apparatus
TR;TR573;Studio lighting
TR;TR575;General works
TR;TR577;Advice to sitters
TR;TR581;Business methods
TR;TR590;General works
TR;TR590.5;Light filters
TR;TR591;General works
TR;TR592;Instantaneous
TR;TR593;High speed
TR;TR594;Multiple exposures
TR;TR595;Daylight
TR;TR600;Artificial light
TR;TR605;General works
TR;TR606;Electronic flash
TR;TR610;Night views
TR;TR615;Open air views
TR;TR620;Interiors
TR;TR624;General works
TR;TR640;Periodicals, societies, congresses, etc.
TR;TR642;General works
TR;TR644;General works
TR;TR645.A-Z;By city, A-Z
TR;TR646.A-Z;Other regions or countries, A-Z
TR;TR647.A-Z;Works of individual photographers. By name of photographer, A-Z
TR;TR650;General works
TR;TR651;1800-1850
TR;TR652;1851-1900
TR;TR653;1901-1950
TR;TR654;1951-2000
TR;TR655;2001-
TR;TR656;Abstract photography
TR;TR656.5;Still life photography
TR;TR656.7;Photography of food
TR;TR657;General works
TR;TR658;Paintings
TR;TR658.3;Sculpture
TR;TR658.5;General works
TR;TR658.58;Ventriloquists' dummies
TR;TR658.7;Photography of toys
TR;TR659;Architectural photography
TR;TR659.5;Outdoor photography
TR;TR659.8;Street photography
TR;TR660;General works
TR;TR660.5;Collections
TR;TR661;Panoramic views
TR;TR662;Gardens
TR;TR663;Markets
TR;TR670;General works
TR;TR670.5;Ships, boats, etc.
TR;TR672;Mines
TR;TR673;Photography of violence
TR;TR674;General works
TR;TR675;Collections
TR;TR676;Erotic photography
TR;TR678;Glamour photography
TR;TR679;Fashion photography
TR;TR679.5;Humorous photography
TR;TR680;Collections
TR;TR681.A-Z;Special classes of persons, A-Z
TR;TR681.A26;Acrobats
TR;TR681.A28;Actors
TR;TR681.A32;Afghans
TR;TR681.A33;Africans
TR;TR681.A35;Aged. Older people
TR;TR681.A38;AIDS patients
TR;TR681.A54;Anglo-Indians
TR;TR681.A67;Architects
TR;TR681.A69;Artisans
TR;TR681.A7;Artists
TR;TR681.A75;Asians
TR;TR681.A84;Athletes
TR;TR681.A85;Authors
TR;TR681.A94;Automobile drivers
TR;TR681.B35;Bald persons
TR;TR681.B37;Baseball players
TR;TR681.B52;Black people
TR;TR681.B54;Blind
TR;TR681.B57;Bodybuilders
TR;TR681.B6;Boys
TR;TR681.B87;Businesspeople
TR;TR681.C37;Cartoonists
TR;TR681.C38;Catholics
TR;TR681.C5;Children
TR;TR681.C62;Coal miners
TR;TR681.C66;Cooks
TR;TR681.C68;Couples
TR;TR681.D43;Dead
TR;TR681.D63;Dog owners
TR;TR681.D74;Dramatists
TR;TR681.D88;Dutch
TR;TR681.E36;Economists
TR;TR681.E94;Exiles
TR;TR681.F28;Families
TR;TR681.F3;Famous persons
TR;TR681.F314;Fans (Persons)
TR;TR681.F316;Farmers
TR;TR681.F32;Father and child
TR;TR681.F325;Fathers
TR;TR681.F33;Fathers and daughters
TR;TR681.F34;Fathers and sons
TR;TR681.F57;Fishers
TR;TR681.G47;Germans
TR;TR681.G5;Girls
TR;TR681.G73;Grandmothers
TR;TR681.G9;Gypsies
TR;TR681.H35;Handicapped. People with disabilities
TR;TR681.H63;Homeless persons
TR;TR681.H65;Homosexuals
TR;TR681.I54;Immigrants
TR;TR681.I58;Indigenous peoples
TR;TR681.I6;Infants
TR;TR681.J35;Janitors
TR;TR681.L4;Legislators
TR;TR681.L44;Leisure class
TR;TR681.L46;Lesbians
TR;TR681.L47;Letter carriers
TR;TR681.L63;Lobbyists
TR;TR681.M38;Mathematicians
TR;TR681.M39;Maya healers
TR;TR681.M395;Mediums
TR;TR681.M4;Men
TR;TR681.M44;Merchants
TR;TR681.M65;Monsters
TR;TR681.M67;Mothers. Mothers-in-law
TR;TR681.M69;Motorcyclists
TR;TR681.M72;Mountain people
TR;TR681.N54;Night people
TR;TR681.N66;Nomads
TR;TR681.P56;Photographers
TR;TR681.P58;Poker players
TR;TR681.P59;Politicians
TR;TR681.P6;Poor
TR;TR681.P67;Pregnant women
TR;TR681.P69;Prisoners
TR;TR681.P73;Prostitutes. Comfort women
TR;TR681.P76;Psychiatric hospital patients
TR;TR681.P84;Punks
TR;TR681.R44;Redheads
TR;TR681.R48;Refugees
TR;TR681.R56;Religious leaders
TR;TR681.S23;Sadhus
TR;TR681.S24;Sailors
TR;TR681.S36;Scholars
TR;TR681.S37;Scientists
TR;TR681.S44;Sexual minorities
TR;TR681.S447;Skateboarders
TR;TR681.S45;Skinheads
TR;TR681.S6;Snapshooters
TR;TR681.S65;Soldiers
TR;TR681.S78;Students
TR;TR681.S87;Surfers
TR;TR681.S88;Swimmers
TR;TR681.T47;Terminally ill
TR;TR681.T68;Transgender people
TR;TR681.T7;Transvestites. Cross-dressers
TR;TR681.T85;Twins
TR;TR681.V56;Vintners
TR;TR681.V58;Visitors, Foreign
TR;TR681.W6;Women
TR;TR681.W62;Women clerks (Retail trade)
TR;TR681.W65;Working class
TR;TR681.Y58;Young men
TR;TR681.Y6;Youth
TR;TR682;Photographic patterns. Textures
TR;TR683;General works
TR;TR683.5;Table-top photography
TR;TR684;Macrophotography
TR;TR685;Composite photography. Photomontage
TR;TR686;Photography of the grotesque
TR;TR687;Wide-angle photography
TR;TR688;Photograms
TR;TR689;Vernacular photography
TR;TR689.5;Appropriation (Art)
TR;TR690;General works
TR;TR690.2;Freelance photography. Amateur photography for profit
TR;TR690.4;Advertising photography
TR;TR690.6;Stock photography
TR;TR692;General works
TR;TR692.5;General special
TR;TR693;General works
TR;TR695;Tables, formulas, etc.
TR;TR696;Instruments, equipment, etc.
TR;TR702;Photography in engineering
TR;TR706;Industrial photography
TR;TR708;Medical photography
TR;TR710;Scientific expeditions
TR;TR713;Space photography
TR;TR714;Photography of airplanes
TR;TR715;Photography of railroads
TR;TR716;Photography of automobiles
TR;TR717;General works
TR;TR717.3.A-Z;Special subjects, A-Z
TR;TR717.3.S49;Sex machines
TR;TR721;General works
TR;TR724;General works
TR;TR726.A-Z;Special subjects, A-Z
TR;TR726.B25;Bamboo
TR;TR726.B3;Bark
TR;TR726.F85;Fungi
TR;TR726.L42;Leaves
TR;TR726.L66;Lotus
TR;TR726.O73;Orchids
TR;TR726.R66;Roses
TR;TR726.T7;Trees
TR;TR727;General works
TR;TR729.A-Z;Special subjects, A-Z
TR;TR729.B5;Birds
TR;TR729.C3;Cats
TR;TR729.C69;Cows
TR;TR729.D6;Dogs
TR;TR729.E45;Elephants
TR;TR729.F5;Fish
TR;TR729.H6;Horses
TR;TR729.I6;Insects
TR;TR729.L5;Livestock
TR;TR729.M37;Marine animals
TR;TR729.P48;Pets
TR;TR729.P74;Primates
TR;TR729.R47;Reptiles
TR;TR729.S54;Shells
TR;TR729.W54;Wildlife
TR;TR732;Rocks
TR;TR732.5;Minerals
TR;TR732.8;General works
TR;TR733;Clouds
TR;TR739;General works
TR;TR739.5;Farms
TR;TR739.6;Grain elevators
TR;TR750;Radiography
TR;TR755;Infrared photography
TR;TR757;Polarized-light photography
TR;TR760;Kirlian photography. High voltage photography
TR;TR770;Telephotography
TR;TR775;Archaeological photography
TR;TR780;Stereophotography
TR;TR786;General works
TR;TR787;Mountain photography
TR;TR788;Subterranean photography. Cave photography
TR;TR790;Travel photography
TR;TR792;Cold weather photography
TR;TR795;Tropical photography
TR;TR800;Underwater photography
TR;TR810;Aerial photography. Photographic interpretation
TR;TR816;Audiovisual photography. Photography in education
TR;TR817;Stage photography. Theater photography
TR;TR817.5;Dance photography
TR;TR818;School photography
TR;TR819;Wedding photography
TR;TR820;Photojournalism
TR;TR820.5;Documentary photography
TR;TR820.6;War photography
TR;TR821;Sports photography
TR;TR822;Photography in criminology and law
TR;TR824;General works
TR;TR824.4;Dictionaries. Encyclopedias
TR;TR824.6;Directories
TR;TR825;Photography of manuscripts, historic documents, etc.
TR;TR835;Microfilming. Microphotography
TR;TR840;Chronophotography
TR;TR845;Periodicals. Societies. Collections
TR;TR846;Congresses
TR;TR847;Dictionaries and encyclopedias
TR;TR847.5;Directories
TR;TR848;History
TR;TR849.A1;Collective
TR;TR849.A2-Z;Individual, A-Z
TR;TR850;Treatises
TR;TR851;Elementary and juvenile works
TR;TR851.8;Tables, calculations, etc.
TR;TR852;Study and teaching
TR;TR853;Color cinematography
TR;TR854;3-D films. Stereoscopic motion pictures
TR;TR855;Wide-screen processes
TR;TR857;Time-lapse photography
TR;TR858;Trick cinematography. Special effects
TR;TR859;Front-screen projection
TR;TR860;Digital cinematography
TR;TR862;High definition video recording
TR;TR878;General works
TR;TR880;Motion picture cameras. Cinematograph
TR;TR882;General works
TR;TR882.3;Camcorders
TR;TR882.5;Television camera operation
TR;TR883.A-Z;Special makes of motion picture cameras, A-Z
TR;TR883.A77;Arriflex
TR;TR883.B6;Bolex
TR;TR883.D4;De Jur
TR;TR883.P36;Panaflex
TR;TR883.R43;Red One
TR;TR885;Other special machines
TR;TR886;General works
TR;TR886.2;Processing of exposed film
TR;TR886.3;Preservation
TR;TR886.5;Splicing
TR;TR886.7;Dubbing
TR;TR886.9;Titling
TR;TR887;Catalogs, etc.
TR;TR889;Classification
TR;TR890;Projection
TR;TR891;Lighting for motion pictures
TR;TR892;General works
TR;TR892.4;Artistic cinematography
TR;TR892.7;Educational cinematography
TR;TR893;General works
TR;TR893.4;General works
TR;TR893.5;Wildlife cinematography
TR;TR893.8;Underwater cinematography
TR;TR894;Industrial cinematography
TR;TR894.3;General works
TR;TR894.4;Freelance cinematography
TR;TR894.6;Advertising cinematography
TR;TR894.8;Fashion cinematography
TR;TR895;Newsreel cinematography
TR;TR895.4;Documentary cinematography
TR;TR895.6;Sports cinematography
TR;TR896;General works
TR;TR896.5;Vacation and travel cinematography
TR;TR896.8;Cineradiography
TR;TR897;Sound motion pictures
TR;TR897.5;General works
TR;TR897.6;Stop-motion animation
TR;TR897.7;General works
TR;TR897.72.A-Z;Special software, A-Z
TR;TR897.72.A14;3ds max
TR;TR897.72.A335;Adobe After effects
TR;TR897.72.A338;Adobe Animate CC
TR;TR897.72.A34;Adobe Edge animate
TR;TR897.72.B53;Blackmagic Fusion
TR;TR897.72.B55;Blender
TR;TR897.72.C36;Camtasia Studio
TR;TR897.72.F53;Flash
TR;TR897.72.M39;Maya
TR;TR897.72.S38;Scratch
TR;TR897.72.T66;Toon Boom animate
TR;TR897.74;Machinima
TR;TR897.75;Morphing
TR;TR897.77;Rigging
TR;TR898;Motion pictures for television
TR;TR899;General works
TR;TR899.5;Time code
TR;TR900;General works
TR;TR905;Enlargements
TR;TR910;Reductions
TR;TR915;General works
TR;TR920;General works
TR;TR921;Blue processes. Blueprints
TR;TR923;Black processes
TR;TR925;General works
TR;TR927;Special applications. Book illustration, etc.
TR;TR930;General works
TR;TR933;Albertype
TR;TR935;Autotype
TR;TR937;Heliotype
TR;TR940;General works
TR;TR950;Aluminium process
TR;TR955;Photozincography
TR;TR960;Photoxylography
TR;TR970;Photoengraving. Relief processes
TR;TR975;Halftone process
TR;TR976;Mezzograph
TR;TR977;Color processes
TR;TR980;Photogravure. Heliogravure. Intaglio process
TR;TR990;Photogalvanography
TR;TR995;Woodburytype. Photoglyptie
TR;TR997;Stannotype
TR;TR1035;General works
TR;TR1042;General works
TR;TR1045;Xerography
TR;TR1050;Ferromagnetography
