classe;cote_range;description
PN;PN1;International (Polyglot)
PN;PN2;American and English
PN;PN3;French
PN;PN4;German
PN;PN5;Italian
PN;PN6;Spanish
PN;PN9;Other
PN;PN20;Aims, scope, utility, etc.
PN;PN21;International
PN;PN22.A2;Collective
PN;PN22.A3-Z;Individual, A-Z
PN;PN22.5.A2;Collective
PN;PN22.5.A3-Z;Individual, A-Z
PN;PN23.A2;Collective
PN;PN23.A3-Z;Individual, A-Z
PN;PN24.A2;Collective
PN;PN24.A3-Z;Individual, A-Z
PN;PN25.A2;Collective
PN;PN25.A3-Z;Individual, A-Z
PN;PN26.A2;Collective
PN;PN26.A3-Z;Individual, A-Z
PN;PN29;Other countries (not A-Z)
PN;PN30;Literary societies in public schools
PN;PN33;Congresses
PN;PN34;Museums. Exhibitions. By author
PN;PN35;Series. Monographs by different authors
PN;PN36.A-Z;Studies in honor of a particular person or institution. Festschriften. By honoree, A-Z
PN;PN37;Collected works, papers, essays, of individual authors
PN;PN41;General
PN;PN43;Miscellaneous and special
PN;PN43.5;General works
PN;PN43.7;Computer network resources
PN;PN44;Digests of literature. Synopses, etc.
PN;PN44.5;Terminology
PN;PN45;General works. Ideals, content, etc. Plots, motives
PN;PN45.5;Forms of literature
PN;PN45.7;Vernacular literature (as a concept)
PN;PN46;Inspiration
PN;PN47;Life
PN;PN48;Nature
PN;PN49;Philosophy, ethics, religion, etc.
PN;PN50;Relation to history
PN;PN51;Relation to sociology, economics, political science, etc. (social ideals, forces, etc. in
PN;PN52;Relation to education
PN;PN53;Relation to art
PN;PN54;Relation to language
PN;PN55;Relation to science
PN;PN56.A-Z;Topics, A-Z
PN;PN56.A23;Abjection
PN;PN56.A235;Abnormalities, Human
PN;PN56.A237;Absence
PN;PN56.A24;Absurdity
PN;PN56.A28;Adoption
PN;PN56.A29;Adultery
PN;PN56.A3;Adventure
PN;PN56.A4;Aeronautics
PN;PN56.A43;Affect (Psychology)
PN;PN56.A44;Alchemy
PN;PN56.A45;Alienation (Social psychology)
PN;PN56.A5;Allegory
PN;PN56.A55;Ambiguity
PN;PN56.A56;Analogy
PN;PN56.A567;Anarchism
PN;PN56.A57;Androgyny (Psychology)
PN;PN56.A58;Androids
PN;PN56.A59;Angels
PN;PN56.A6;Anger
PN;PN56.A64;Animals
PN;PN56.A646;Anonymous persons
PN;PN56.A65;Anorexia nervosa
PN;PN56.A67;Antiquities
PN;PN56.A68;Anxiety
PN;PN56.A69;Apocalyptic literature
PN;PN56.A717;Archaeology
PN;PN56.A72;Archetypes
PN;PN56.A73;Architecture
PN;PN56.A74;Artificial life
PN;PN56.A75;Asceticism
PN;PN56.A77;Astrology
PN;PN56.A8;Astronautics
PN;PN56.A82;Astronomy
PN;PN56.A84;Atlantis
PN;PN56.A85;Aunts
PN;PN56.A87;Authority
PN;PN56.A89;Autobiography
PN;PN56.A9;Automata
PN;PN56.A94;Automobiles
PN;PN56.A96;Autumn
PN;PN56.B23;Babel, Tower of
PN;PN56.B27;Balloons
PN;PN56.B34;Beaches
PN;PN56.B36;Beat literature
PN;PN56.B38;Beauty, Personal
PN;PN56.B4;Beheading
PN;PN56.B48;Betrayal
PN;PN56.B5;Bible
PN;PN56.B53;Biculturalism
PN;PN56.B54;Bicycles
PN;PN56.B55;Biopolitics
PN;PN56.B56;Birds
PN;PN56.B6;Blindness
PN;PN56.B615;Boastfulness
PN;PN56.B62;Body, Human
PN;PN56.B63;Bohemianism
PN;PN56.B64;Books
PN;PN56.B7;Boredom
PN;PN56.B73;Botany
PN;PN56.B74;Boundaries
PN;PN56.B78;Bridges
PN;PN56.B87;Bureaucracy
PN;PN56.C32;Cancer
PN;PN56.C34;Cannibalism
PN;PN56.C355;Capital punishment
PN;PN56.C36;Captivity
PN;PN56.C365;Casuistry
PN;PN56.C367;Catastrophical, The
PN;PN56.C37;Cats
PN;PN56.C38;Causation
PN;PN56.C39;Caves
PN;PN56.C43;Chance
PN;PN56.C44;Change
PN;PN56.C45;Character
PN;PN56.C47;Chess
PN;PN56.C49;Childbirth
PN;PN56.C5;Children
PN;PN56.C53;Chivalry
PN;PN56.C54;Cholera
PN;PN56.C55;Cities and towns
PN;PN56.C58;Civil disobedience
PN;PN56.C583;Civil service
PN;PN56.C6;Classicism
PN;PN56.C612;Climate
PN;PN56.C614;Cockaigne
PN;PN56.C618;Collective memory
PN;PN56.C62;Collectors and collecting
PN;PN56.C63;Colonies
PN;PN56.C65;Color
PN;PN56.C657;Coma
PN;PN56.C66;The comic
PN;PN56.C662;Communication
PN;PN56.C6624;Compassion
PN;PN56.C6625;Complaints (Rhetoric)
PN;PN56.C663;Concentration camps
PN;PN56.C67;Confession
PN;PN56.C674;Conscience
PN;PN56.C675;Conspiracy
PN;PN56.C676;Contradiction
PN;PN56.C68;Cosmology
PN;PN56.C683;Cosmopolitanism
PN;PN56.C684;Costume
PN;PN56.C686;Country life
PN;PN56.C687;Couples
PN;PN56.C69;Creation (Artistic, literary, etc.)
PN;PN56.C7;Crime
PN;PN56.C72;Criminology
PN;PN56.C73;Cruelty
PN;PN56.C735;Crusades
PN;PN56.C74;Crying
PN;PN56.C83;Cucurbitaceae
PN;PN56.C85;Culture
PN;PN56.C92;Cyborgs
PN;PN56.C93;Cycling
PN;PN56.C94;Cyclops (Greek mythology)
PN;PN56.D29;Dance
PN;PN56.D36;Danger
PN;PN56.D4;Death
PN;PN56.D45;Decadence (Literary movement)
PN;PN56.D46;Deception
PN;PN56.D463;Decolonization
PN;PN56.D464;Deluge
PN;PN56.D4645;Dementia
PN;PN56.D465;Demonology
PN;PN56.D47;Dependency (Psychology)
PN;PN56.D474;Depression, Mental
PN;PN56.D477;Deserts
PN;PN56.D479;Design
PN;PN56.D48;Desire
PN;PN56.D49;Dictatorship
PN;PN56.D52;Didactic literature
PN;PN56.D54;Digression (Rhetoric)
PN;PN56.D55;Diplomacy
PN;PN56.D553;Disabilities
PN;PN56.D554;Disappointment
PN;PN56.D555;Disasters
PN;PN56.D56;Diseases
PN;PN56.D57;Disguise
PN;PN56.D58;Divorce
PN;PN56.D6;Dogs
PN;PN56.D64;Donkeys
PN;PN56.D65;Doors
PN;PN56.D67;Doubles
PN;PN56.D73;Dragons
PN;PN56.D75;Dreams
PN;PN56.D8;Drinking
PN;PN56.D82;Drugs
PN;PN56.D84;Dueling
PN;PN56.D88;Dwarfs (Folklore)
PN;PN56.D89;Dwellings
PN;PN56.D94;Dystopias
PN;PN56.E25;Earthquakes
PN;PN56.E26;Eating disorders
PN;PN56.E264;Echo
PN;PN56.E265;Ecofeminism (as a theme)
PN;PN56.E267;Ecology
PN;PN56.E27;Ecstasy
PN;PN56.E45;Ekphrasis
PN;PN56.E49;Electromagnetism
PN;PN56.E57;Emblems
PN;PN56.E59;Emigration and immigration
PN;PN56.E6;Emotions
PN;PN56.E62;Empathy
PN;PN56.E63;End of the world
PN;PN56.E635;Enthusiasm
PN;PN56.E638;Environment
PN;PN56.E64;Envy
PN;PN56.E65;Epic literature
PN;PN56.E66;Epilepsy
PN;PN56.E67;Epiphanies
PN;PN56.E7;Erotic motive
PN;PN56.E715;Error
PN;PN56.E72;Escape
PN;PN56.E73;Eschatology
PN;PN56.E735;Ethnicity
PN;PN56.E74;Etiquette
PN;PN56.E75;Evil
PN;PN56.E758;Executives
PN;PN56.E76;Exempla
PN;PN56.E77;Existentialism
PN;PN56.E78;Exoticism
PN;PN56.E785;Expressionism
PN;PN56.E8;Extortion
PN;PN56.E9;Eye
PN;PN56.E92;Eyeglasses
PN;PN56.F24;Face
PN;PN56.F27;Failure (Psychology)
PN;PN56.F29;Fall of man
PN;PN56.F297;Fame
PN;PN56.F3;Family
PN;PN56.F34;Fantastic literature
PN;PN56.F35;Fascism
PN;PN56.F354;Fashion
PN;PN56.F358;Fate and fatalism
PN;PN56.F36;Father-search
PN;PN56.F368;Fathers and daughters
PN;PN56.F37;Fathers and sons
PN;PN56.F39;Fear
PN;PN56.F4;Femininity
PN;PN56.F46;Feminism
PN;PN56.F47;Fetishism
PN;PN56.F5;Fishing. Piscatory literature
PN;PN56.F53;Fleas
PN;PN56.F54;Flight
PN;PN56.F55;Flowers
PN;PN56.F58;Folklore
PN;PN56.F59;Food
PN;PN56.F64;Forests
PN;PN56.F65;Forgiveness
PN;PN56.F67;Fortune
PN;PN56.F68;Forty-seven Rōnin
PN;PN56.F73;Freemasonry
PN;PN56.F735;Friendly fire (Military science)
PN;PN56.F74;Friendship
PN;PN56.F76;Fruit
PN;PN56.F8;Futurism
PN;PN56.G27;Gambling
PN;PN56.G28;Games
PN;PN56.G3;Gardens
PN;PN56.G35;Gastronomy
PN;PN56.G42;Geishas
PN;PN56.G45;Gender identity
PN;PN56.G46;Genealogy
PN;PN56.G47;Generations
PN;PN56.G478;Geographical myths
PN;PN56.G48;Geography
PN;PN56.G52;Geology
PN;PN56.G53;Gesture
PN;PN56.G545;Ghouls and ogres
PN;PN56.G55;Globalization
PN;PN56.G57;God
PN;PN56.G64;Gout
PN;PN56.G65;Government, Resistance to
PN;PN56.G66;Grace (Aesthetics)
PN;PN56.G67;Grail
PN;PN56.G7;Grotesque
PN;PN56.G87;Guilt
PN;PN56.H27;Happiness
PN;PN56.H3;Harmony (Aesthetics)
PN;PN56.H33;Haunted houses
PN;PN56.H35;Healing
PN;PN56.H37;Health resorts, watering-places, etc.
PN;PN56.H374;Heart
PN;PN56.H375;Hearths
PN;PN56.H38;Hell
PN;PN56.H4;Hellenism
PN;PN56.H45;Heroes. Heroines
PN;PN56.H53;Hierarchies
PN;PN56.H55;Holocaust, Jewish (1939-1945)
PN;PN56.H555;Holy, The
PN;PN56.H556;Holy Year
PN;PN56.H557;Home
PN;PN56.H558;Homecoming
PN;PN56.H56;Homeland
PN;PN56.H563;Homesickness
PN;PN56.H57;Homosexuality
PN;PN56.H58;Honor
PN;PN56.H585;Hope
PN;PN56.H59;Horizon
PN;PN56.H6;Horror
PN;PN56.H63;Horses and horsemen
PN;PN56.H66;Hospitality
PN;PN56.H68;Hotels
PN;PN56.H75;Human body and technology
PN;PN56.H76;Human ecology
PN;PN56.H79;Human rights
PN;PN56.H82;Human sacrifice
PN;PN56.H825;Humanism
PN;PN56.H826;Humanity
PN;PN56.H83;Humor
PN;PN56.H835;Hunger
PN;PN56.H84;Hunting
PN;PN56.H93;Hybridity (Social sciences)
PN;PN56.I4;Idealism
PN;PN56.I42;Identity (Psychology)
PN;PN56.I424;Idols and images
PN;PN56.I426;Ignorance (Theory of knowledge)
PN;PN56.I43;Illusion
PN;PN56.I44;Imaginary places
PN;PN56.I45;Imagination
PN;PN56.I455;Immortality
PN;PN56.I46;Imperfection
PN;PN56.I465;Imperialism
PN;PN56.I47;Impersonation in literature
PN;PN56.I475;Implements, utensils, etc.
PN;PN56.I48;Implication (Logic)
PN;PN56.I49;Impostors and imposture
PN;PN56.I5;Impressionism
PN;PN56.I55;Incest
PN;PN56.I57;Individualism. Individuation
PN;PN56.I58;Industry
PN;PN56.I59;Ineffable
PN;PN56.I593;Influence (Literary, artistic, etc.)
PN;PN56.I594;Infrastructure (Economics)
PN;PN56.I595;Innocence
PN;PN56.I63;Insects
PN;PN56.I635;Internalization
PN;PN56.I64;Internet
PN;PN56.I6445;Intimacy (Psychology)
PN;PN56.I645;Intrigue
PN;PN56.I648;Invective
PN;PN56.I65;Irony
PN;PN56.I7;Islands
PN;PN56.J38;Jazz
PN;PN56.J43;Jealousy
PN;PN56.J68;Journalism
PN;PN56.J87;Justice
PN;PN56.K52;Kindness
PN;PN56.K53;Kings and rulers
PN;PN56.K54;Kissing
PN;PN56.K62;Knowledge
PN;PN56.K65;Korean War, 1950-1953
PN;PN56.K66;Kosovo, Battle of, 1389
PN;PN56.K73;Kraken
PN;PN56.L22;Labor. Working classes
PN;PN56.L223;Labyrinths
PN;PN56.L24;Lakes
PN;PN56.L25;Lameness
PN;PN56.L26;Landscape
PN;PN56.L27;Language and languages
PN;PN56.L3;Laughter
PN;PN56.L33;Law
PN;PN56.L38;Laziness
PN;PN56.L39;Leadership
PN;PN56.L4;Leisure
PN;PN56.L45;Lesbianism
PN;PN56.L47;Liberty
PN;PN56.L48;Libraries
PN;PN56.L52;Life cycle, Human
PN;PN56.L53;Light and darkness
PN;PN56.L535;Liminality
PN;PN56.L537;Lingering
PN;PN56.L54;Lists
PN;PN56.L55;Local color
PN;PN56.L56;Loneliness
PN;PN56.L58;Loss (Psychology)
PN;PN56.L6;Love. Lovesickness
PN;PN56.M2;Machinery
PN;PN56.M23;Magic
PN;PN56.M24;Magic realism
PN;PN56.M25;Man
PN;PN56.M255;Man-woman relationships
PN;PN56.M26;Manners and customs
PN;PN56.M265;Maps
PN;PN56.M27;Marginality, Social
PN;PN56.M28;Marriage
PN;PN56.M29;Martyrdom
PN;PN56.M3;The Marvelous, miracles, wonders, etc.
PN;PN56.M316;Masculinity
PN;PN56.M318;Masks
PN;PN56.M32;Masochism
PN;PN56.M33;Masquerades
PN;PN56.M34;Massacres
PN;PN56.M348;Material culture
PN;PN56.M35;Materialism
PN;PN56.M36;Mathematics
PN;PN56.M37;Meaning (Philosophy)
PN;PN56.M376;Mediation
PN;PN56.M38;Medicine
PN;PN56.M4;Melancholy
PN;PN56.M44;Memory
PN;PN56.M45;Mental illness
PN;PN56.M48;Mentoring
PN;PN56.M515;Mercy
PN;PN56.M52;Mesmerism
PN;PN56.M525;Messianism
PN;PN56.M53;Metamorphosis
PN;PN56.M532;Metaphysics
PN;PN56.M533;Mexican Revolution, 1910-1920
PN;PN56.M534;Middle Ages
PN;PN56.M535;Middle class
PN;PN56.M536;Mimesis
PN;PN56.M5363;Miniature dolls
PN;PN56.M537;Mirrors
PN;PN56.M5375;Mise en abyme
PN;PN56.M538;Misogyny
PN;PN56.M5385;Missing persons
PN;PN56.M54;Modernism (Literature)
PN;PN56.M547;Money
PN;PN56.M55;Monsters
PN;PN56.M57;Mood (Psychology)
PN;PN56.M58;Moon
PN;PN56.M59;Moral conditions
PN;PN56.M68;Mothers-in-law
PN;PN56.M7;Mountains
PN;PN56.M8;Multiculturalism
PN;PN56.M85;Murder
PN;PN56.M86;Museums
PN;PN56.M87;Music in literature
PN;PN56.M94;Myth
PN;PN56.M95;Mythology
PN;PN56.N16;Names
PN;PN56.N18;Narcotics
PN;PN56.N188;National characteristics
PN;PN56.N19;Nationalism
PN;PN56.N35;Negation (Logic)
PN;PN56.N36;Negritude (Literary movement)
PN;PN56.N4;Neuroses
PN;PN56.N5;Night
PN;PN56.N55;Nihilism
PN;PN56.N6;"""No"" as a literary motif"
PN;PN56.N63;Nobility of character
PN;PN56.N65;North and south
PN;PN56.N67;Nose
PN;PN56.N68;Nostalgia
PN;PN56.N69;Nothingness
PN;PN56.N83;Nuclear warfare
PN;PN56.N86;Numbers
PN;PN56.O33;Occultism. Occult sciences
PN;PN56.O4;Old age
PN;PN56.O58;Optical instruments
PN;PN56.O63;Oracles
PN;PN56.O66;Order
PN;PN56.O667;Organ (Musical instrument)
PN;PN56.O67;Originality
PN;PN56.O69;Other (Philosophy)
PN;PN56.O7;Otherworld
PN;PN56.P22;Paganism
PN;PN56.P23;Parables
PN;PN56.P25;Paradise
PN;PN56.P255;Parent and child
PN;PN56.P26;Parody
PN;PN56.P27;Parrots
PN;PN56.P28;Parties
PN;PN56.P3;Pastoral literature
PN;PN56.P32;Paternity
PN;PN56.P35;Peace
PN;PN56.P37;Peasants
PN;PN56.P372;Perception
PN;PN56.P373;Perfumes
PN;PN56.P374;Periodization
PN;PN56.P377;Personal space
PN;PN56.P38;Personification
PN;PN56.P4;Pessimism
PN;PN56.P46;Photography
PN;PN56.P48;Physiognomy
PN;PN56.P49;Place (Philosophy)
PN;PN56.P5;Plague
PN;PN56.P52;Plants
PN;PN56.P53;Play
PN;PN56.P534;Pleasure
PN;PN56.P54;Polish Revolution, 1830-1832
PN;PN56.P547;Popular culture
PN;PN56.P55;Popular literature
PN;PN56.P555;Postcolonialism
PN;PN56.P556;Posthumanism
PN;PN56.P56;Poverty
PN;PN56.P57;Power (Social sciences)
PN;PN56.P58;Prayer
PN;PN56.P6;Pride
PN;PN56.P7;Primitivism
PN;PN56.P72;Prisons
PN;PN56.P73;Privacy
PN;PN56.P74;Progressivism
PN;PN56.P7425;Promiscuity
PN;PN56.P743;Property
PN;PN56.P744;Prophecies
PN;PN56.P75;Proverbs
PN;PN56.P9;Psychiatry
PN;PN56.P914;Psychic trauma
PN;PN56.P92;Psychoanalysis
PN;PN56.P93;Psychology
PN;PN56.P95;Public health
PN;PN56.P96;Pulp literature
PN;PN56.P97;Punishment
PN;PN56.P975;Puppets
PN;PN56.P977;Purity (Philosophy)
PN;PN56.R16;Race
PN;PN56.R18;Racism
PN;PN56.R22;Railroads
PN;PN56.R24;Rape
PN;PN56.R27;Rats
PN;PN56.R3;Realism. Naturalism
PN;PN56.R32;Reality
PN;PN56.R33;Recognition. Anagnorisis
PN;PN56.R34;Reconciliation
PN;PN56.R344;Reference
PN;PN56.R35;Refuge
PN;PN56.R36;Refuse and refuse disposal
PN;PN56.R37;Regeneration
PN;PN56.R45;Repetition
PN;PN56.R46;Resignation
PN;PN56.R465;Respiration
PN;PN56.R47;Resurrection
PN;PN56.R475;Return
PN;PN56.R48;Revenge
PN;PN56.R49;Revolutions
PN;PN56.R52;Riddles
PN;PN56.R54;Risk-taking
PN;PN56.R55;Rites and ceremonies
PN;PN56.R555;Rivers
PN;PN56.R56;Robots
PN;PN56.R58;Roman charity
PN;PN56.R6;Romance
PN;PN56.R7;Romanticism
PN;PN56.R73;Rooms
PN;PN56.R75;Roses
PN;PN56.R87;Ruins
PN;PN56.R93;Russo-Turkish War, 1877-1878
PN;PN56.S25;Sacrifice
PN;PN56.S32;Salt
PN;PN56.S34;Salvation
PN;PN56.S36;Scandals
PN;PN56.S4;Sea
PN;PN56.S42;Seashore
PN;PN56.S43;Secrecy
PN;PN56.S45;Seduction
PN;PN56.S46;Self-knowledge
PN;PN56.S465;Self-presentation
PN;PN56.S466;Self-realization
PN;PN56.S47;Senses and sensation
PN;PN56.S474;Sensuality
PN;PN56.S475;Sentimentalism
PN;PN56.S48;Setting
PN;PN56.S49;Seven (The number)
PN;PN56.S5;Sex
PN;PN56.S516;Sex crimes
PN;PN56.S52;Sex differences
PN;PN56.S53;Sexual deviation
PN;PN56.S536;Shades and shadows
PN;PN56.S538;Shame
PN;PN56.S539;Ships
PN;PN56.S54;Shipwrecks
PN;PN56.S545;Shtetls
PN;PN56.S55;Silence
PN;PN56.S56;Sin
PN;PN56.S57;Sincerity
PN;PN56.S574;Sirens (Mythology)
PN;PN56.S576;Skepticism
PN;PN56.S5762;Skin
PN;PN56.S5765;Slavery
PN;PN56.S577;Sleep
PN;PN56.S58;Smoking
PN;PN56.S6;Snobs and snobbishness
PN;PN56.S62;Snow
PN;PN56.S635;Soccer
PN;PN56.S64;Social classes
PN;PN56.S65;Social conflict. Social problems
PN;PN56.S654;Social structure
PN;PN56.S66;Socialist realism
PN;PN56.S665;Solitude
PN;PN56.S666;Soul mates
PN;PN56.S6665;Sound
PN;PN56.S667;Space
PN;PN56.S67;Spanish Civil War
PN;PN56.S685;Speech disorders
PN;PN56.S69;Speed
PN;PN56.S697;Spirit possession
PN;PN56.S7;Spirituality
PN;PN56.S73;Sports
PN;PN56.S735;Stars
PN;PN56.S7357;Storytelling
PN;PN56.S7358;Strategy
PN;PN56.S7359;Streets
PN;PN56.S736;Striptease
PN;PN56.S737;Stupidity
PN;PN56.S74;Subconsciousness
PN;PN56.S7414;Subjectivity
PN;PN56.S7416;Sublime, The
PN;PN56.S7418;Suburbs
PN;PN56.S742;Suffering
PN;PN56.S744;Suicide
PN;PN56.S746;Sun
PN;PN56.S747;Sunday
PN;PN56.S75;Superficiality
PN;PN56.S78;Superman (Philosophical concept)
PN;PN56.S8;Supernatural
PN;PN56.S87;Surrealism
PN;PN56.S875;Survival
PN;PN56.S88;Suspense
PN;PN56.S9;Symbolism
PN;PN56.S94;Sympathy
PN;PN56.S95;Synesthesia
PN;PN56.S96;Syphilis
PN;PN56.T23;Taboo
PN;PN56.T27;Tattooing
PN;PN56.T34;Tea
PN;PN56.T37;Technology
PN;PN56.T4;Teeth
PN;PN56.T44;Telchines (Greek mythology)
PN;PN56.T4426;Telephone
PN;PN56.T443;Television
PN;PN56.T445;Tennis
PN;PN56.T45;Terrorism
PN;PN56.T46;Theater
PN;PN56.T47;Theodicy
PN;PN56.T5;Time
PN;PN56.T55;Tolerance
PN;PN56.T62;Torture
PN;PN56.T64;Totalitarianism
PN;PN56.T66;Touch
PN;PN56.T68;The tragic
PN;PN56.T685;Transnationalism
PN;PN56.T687;Transplantation of organs, tissues, etc.
PN;PN56.T69;Transvestism. Cross-dressing
PN;PN56.T7;Travel
PN;PN56.T73;Trephining
PN;PN56.T74;Trials
PN;PN56.T76;Trojan War
PN;PN56.T77;Trust
PN;PN56.T78;Truthfulness and falsehood
PN;PN56.T82;Tuberculosis
PN;PN56.U37;Ugliness
PN;PN56.U43;Umbrellas
PN;PN56.U52;Underground areas
PN;PN56.U54;Universities and colleges
PN;PN56.U8;Utopias
PN;PN56.V26;Vagina
PN;PN56.V28;Values
PN;PN56.V3;Vampires
PN;PN56.V44;Veils
PN;PN56.V46;Vertigo
PN;PN56.V5;Vienna. Universität
PN;PN56.V53;Violence
PN;PN56.V54;Visual literature
PN;PN56.V543;Visual perception
PN;PN56.V544;Visualization
PN;PN56.V55;Voice
PN;PN56.V56;Volcanoes
PN;PN56.V57;Vortex-motion
PN;PN56.V59;Voyages, Imaginary
PN;PN56.V6;Voyages, Interplanetary
PN;PN56.V65;Voyeurism
PN;PN56.V85;Vulnerability (Personality trait)
PN;PN56.W215;Waiting (Philosophy)
PN;PN56.W22;Walking
PN;PN56.W3;War
PN;PN56.W326;War on Terrorism, 2001-2009
PN;PN56.W34;Water
PN;PN56.W37;Water spirits
PN;PN56.W38;Waves
PN;PN56.W39;Wayfaring lfe
PN;PN56.W4;Wealth
PN;PN56.W43;Weather
PN;PN56.W45;Werewolves
PN;PN56.W47;Windows
PN;PN56.W49;Winds
PN;PN56.W5;Wine
PN;PN56.W54;Wisdom
PN;PN56.W59;Wolves
PN;PN56.W64;Wonder
PN;PN56.W65;Work
PN;PN56.W66;World War, 1914-1918
PN;PN56.W67;Worldliness
PN;PN56.W68;Worms
PN;PN56.W69;Worry
PN;PN56.Z44;Zen Buddhism
PN;PN56.Z55;Zionism
PN;PN56.Z66;Zombies
PN;PN56.3.A-Z;Regions, countries, cities, ethnic groups, and races, A-Z
PN;PN56.3.A37;Adriatic Sea region
PN;PN56.3.A39;Africa
PN;PN56.3.A42;Alexandria (Egypt)
PN;PN56.3.A43;Algeria
PN;PN56.3.A45;America
PN;PN56.3.A65;Arctic regions
PN;PN56.3.A7;Argentina
PN;PN56.3.A75;Armenia
PN;PN56.3.A9;Australia
PN;PN56.3.A93;Austria
PN;PN56.3.B24;Babylon (Extinct city)
PN;PN56.3.B3;Basques. Basque provinces
PN;PN56.3.B4;Berlin
PN;PN56.3.B55;Black people
PN;PN56.3.B84;Bulgaria
PN;PN56.3.C34;Campania (Italy)
PN;PN56.3.C35;Canada
PN;PN56.3.C37;Capri Island (Italy)
PN;PN56.3.C58;Chile
PN;PN56.3.C6;China
PN;PN56.3.C67;Corsica (France)
PN;PN56.3.C83;Cuba
PN;PN56.3.D35;Dagestan (Russia)
PN;PN56.3.D48;Developing countries
PN;PN56.3.E35;Earth (Planet)
PN;PN56.3.E37;East Asia
PN;PN56.3.E84;Ethiopia
PN;PN56.3.E85;Europe
PN;PN56.3.F53;Flanders
PN;PN56.3.F56;Florence
PN;PN56.3.G3;Georgia (Transcaucasia)
PN;PN56.3.G6;Goths
PN;PN56.3.G69;Greece
PN;PN56.3.H35;Haiti
PN;PN56.3.I57;India
PN;PN56.3.I6;Indians
PN;PN56.3.I74;Istanbul (Turkey)
PN;PN56.3.I76;Italy
PN;PN56.3.J37;Jerusalem
PN;PN56.3.J4;Jews
PN;PN56.3.K3;Karelia
PN;PN56.3.K67;Korea
PN;PN56.3.L29;Latin America
PN;PN56.3.L4;Leningrad
PN;PN56.3.L56;Lithuania
PN;PN56.3.L89;Luxembourg
PN;PN56.3.M35;Malta
PN;PN56.3.M38;Mauritius
PN;PN56.3.M4;Mediterranean Region
PN;PN56.3.M45;Mérida (Spain)
PN;PN56.3.M47;Mexico
PN;PN56.3.M67;Morlaks
PN;PN56.3.N37;Naples (Italy)
PN;PN56.3.O74;Orient
PN;PN56.3.P38;Patagonia (Argentina and Chile)
PN;PN56.3.P66;Pompeii (Extinct city)
PN;PN56.3.P73;Prague (Czech Republic)
PN;PN56.3.R33;Rabat (Morocco)
PN;PN56.3.R58;Romanies
PN;PN56.3.R6;Rome
PN;PN56.3.S47;Sephardim
PN;PN56.3.S53;Sicily
PN;PN56.3.S56;Sinaloa (Mexico : State)
PN;PN56.3.S67;Soviet Union
PN;PN56.3.S7;Spain
PN;PN56.3.T34;Tahiti
PN;PN56.3.T36;Tangier (Morocco)
PN;PN56.3.T87;Turkey
PN;PN56.3.U5;United States
PN;PN56.3.V4;Venice
PN;PN56.3.V47;Ventoux Mountain (France)
PN;PN56.3.V48;Verona (Italy)
PN;PN56.3.V55;Vilnius
PN;PN56.3.W45;White people
PN;PN56.4;General works
PN;PN56.5.A-Z;Special classes of people, A-Z
PN;PN56.5.A33;Accountants
PN;PN56.5.A346;Addicts
PN;PN56.5.A35;Adolescent girls
PN;PN56.5.A64;Apprentices
PN;PN56.5.A78;Artists
PN;PN56.5.A84;Authors
PN;PN56.5.B44;Beggars
PN;PN56.5.B73;Brigands and robbers
PN;PN56.5.B74;Brothers and sisters
PN;PN56.5.B88;Businessmen
PN;PN56.5.C48;Children
PN;PN56.5.C5;Clergy
PN;PN56.5.C65;Comic characters
PN;PN56.5.D32;Dancers
PN;PN56.5.D34;Dandies
PN;PN56.5.D53;Dictators
PN;PN56.5.D82;Dwarfs (Persons)
PN;PN56.5.E96;Exiles
PN;PN56.5.F38;Fathers
PN;PN56.5.F44;Femmes fatales
PN;PN56.5.F53;Flaneurs
PN;PN56.5.F64;Fools and jesters
PN;PN56.5.G53;Giants
PN;PN56.5.H35;Handicapped. People with disabilities
PN;PN56.5.H45;Heroes
PN;PN56.5.I55;Immigrants
PN;PN56.5.I57;Intellectuals
PN;PN56.5.K44;Kings and rulers
PN;PN56.5.K48;Knights
PN;PN56.5.L3;Lawyers
PN;PN56.5.M37;Marranos
PN;PN56.5.M4;Men
PN;PN56.5.M44;Mentally handicapped. People with mental disabilities
PN;PN56.5.M46;Merchants
PN;PN56.5.M5;Miners
PN;PN56.5.M53;Missionaries
PN;PN56.5.M67;Mothers
PN;PN56.5.M87;Muslims
PN;PN56.5.N66;Nomads
PN;PN56.5.O95;Outsiders
PN;PN56.5.P35;Parasites (Social sciences)
PN;PN56.5.P37;Passersby
PN;PN56.5.P4;Peasants
PN;PN56.5.P56;Physicians
PN;PN56.5.P66;Popes
PN;PN56.5.P69;Princesses
PN;PN56.5.P7;Printers
PN;PN56.5.P74;Prostitutes
PN;PN56.5.P75;Protagonists
PN;PN56.5.P8;Psychologists
PN;PN56.5.R63;Rogues and vagabonds
PN;PN56.5.S35;Scientists
PN;PN56.5.S54;Sibyls
PN;PN56.5.S75;Strangers
PN;PN56.5.S78;Students
PN;PN56.5.T73;Translators
PN;PN56.5.T74;Trickster
PN;PN56.5.T85;Twins
PN;PN56.5.V48;Vikings
PN;PN56.5.V5;Villains
PN;PN56.5.W46;White collar workers
PN;PN56.5.W5;Wild men
PN;PN56.5.W56;Witches
PN;PN56.5.W64;Women
PN;PN56.5.Y67;Youth
PN;PN57.A-Z;Individual characters, A-Z
PN;PN57.A26;Aeneas (Legendary character)
PN;PN57.A33;Agamemnon
PN;PN57.A34;Ajax
PN;PN57.A35;Alarcos
PN;PN57.A37;Alcestis
PN;PN57.A4;Alexander, the Great
PN;PN57.A42;Ambrose, Saint, Bishop of Milan, d. 397
PN;PN57.A43;Amphitryon
PN;PN57.A44;Anacaona, -1504
PN;PN57.A45;Anne of Brittany
PN;PN57.A47;Antigone
PN;PN57.A49;Apollo (Greek deity)
PN;PN57.A5;Apollonius of Tyre
PN;PN57.A53;Arachne (Greek mythology)
PN;PN57.A54;Ariadne (Greek mythology)
PN;PN57.A55;Arminius, Prince of the Cherussi
PN;PN57.A6;Arthur and Arthurian legends
PN;PN57.A74;Ashurbanipal, King of Assyria, fl. 668-627 B.C.
PN;PN57.A8;Attila
PN;PN57.A84;Augustus, Emperor of Rome, 63 B.C.-14 A.D.
PN;PN57.B25;Barlaam and Joasaph
PN;PN57.B3;Beatrix Sacrista
PN;PN57.B4;Belisarius, approximately 505-565
PN;PN57.B47;Berenice, b. ca. 28
PN;PN57.B55;Bluebeard
PN;PN57.C2;Caesar
PN;PN57.C25;Cain
PN;PN57.C27;Callisto
PN;PN57.C3;Carlos, Prince of Asturias, 1545-1568
PN;PN57.C33;Carmen
PN;PN57.C38;Cassandra
PN;PN57.C39;Castro, Ines de, d. 1355
PN;PN57.C45;Charadrius
PN;PN57.C48;Charlemagne
PN;PN57.C5;El Cid Campeador
PN;PN57.C52;Circe
PN;PN57.C55;Cleopatra
PN;PN57.C57;Clytemnestra
PN;PN57.C6;Columbus, Christopher
PN;PN57.C64;Cook, James
PN;PN57.C85;Cupid (Roman deity)
PN;PN57.D38;David, King of Israel
PN;PN57.D39;Demogorgon (Roman deity)
PN;PN57.D4;Devil
PN;PN57.D5;Dido, Queen of Carthage
PN;PN57.D55;Dietrich von Bern
PN;PN57.D57;Dionysus (Greek deity)
PN;PN57.D7;Don Juan
PN;PN57.D74;Don Quixote
PN;PN57.E26;Echo (Greek mythology)
PN;PN57.E4;Electra
PN;PN57.E54;Endymion
PN;PN57.E68;Erauso, Catalina de, b. ca. 1592
PN;PN57.E69;Esther, Queen of Persia
PN;PN57.E7;Eteocles and Polynices
PN;PN57.E8;Europa
PN;PN57.E9;Everyman
PN;PN57.F25;Fantômas
PN;PN57.F3;Faust
PN;PN57.F6;Flying Dutchman
PN;PN57.F67;Fortuna (Roman deity)
PN;PN57.F73;Francis, of Assisi, Saint, 1182-1226
PN;PN57.F8;Friedrich II, der Grosse, King of Prussia, 1712-1786
PN;PN57.G3;Galahad
PN;PN57.G33;Gandhi, Mohandas Karamchand
PN;PN57.G35;Garibaldi
PN;PN57.G4;Geneviève of Brabant
PN;PN57.G56;Golem
PN;PN57.G6;The Graces
PN;PN57.G75;Grendel
PN;PN57.G8;Griselda
PN;PN57.G85;Guenevere
PN;PN57.G9;Gyges
PN;PN57.H3;Hairy anchorite
PN;PN57.H32;Hamlet
PN;PN57.H4;Helen of Troy
PN;PN57.H42;Hengist
PN;PN57.H43;Hercules
PN;PN57.H435;Hermione
PN;PN57.H44;Hero and Leander
PN;PN57.H45;Herod I, the Great, King of Judea, d. 4 B.C.
PN;PN57.H87;Hurrem, consort of Süleyman I, Sultan of the Turks, ca. 1504-1558?
PN;PN57.H96;Hypatia -415
PN;PN57.H97;Hypsipyle
PN;PN57.I3;Icarus
PN;PN57.I6;Inkle and Yarico
PN;PN57.I7;Iphigenia
PN;PN57.J35;Jan III Sobieski, King of Poland, 1629-1696
PN;PN57.J4;Jeanne d'Arc
PN;PN57.J44;Jephthah, Judge of Israel
PN;PN57.J47;Jesus Christ
PN;PN57.J57;Job, the Patriarch
PN;PN57.J6;John the Baptist
PN;PN57.J65;Jonah (Biblical prophet)
PN;PN57.J68;Joseph, the Patriarch
PN;PN57.J78;Judas Iscariot
PN;PN57.J8;Judith
PN;PN57.J83;Julian, Emperor of Rome, 331-363
PN;PN57.J84;Jupiter (Roman deity)
PN;PN57.K27;Karađorđe Petrović
PN;PN57.K3;Karl XII, King of Sweden
PN;PN57.K46;Khmelʹnyt͡sʹkyĭ, Bohdan, approximately 1594-1657
PN;PN57.K67;Kosciuszko, Tadeusz, 1746-1817
PN;PN57.K8;Kundrie
PN;PN57.L3;Lancelot
PN;PN57.L65;Lorelei
PN;PN57.L8;Lucretia, Roman matron
PN;PN57.L9;Luther
PN;PN57.M23;Mansong, Jack, -1781
PN;PN57.M233;Manuzio, Aldo, 1449 or 1450-1515
PN;PN57.M24;Marat, Jean Paul, 1743-1793
PN;PN57.M27;Mary, Virgin
PN;PN57.M28;Mary Magdalene, Saint
PN;PN57.M3;Mary Stuart, Queen of the Scots
PN;PN57.M37;Medea
PN;PN57.M38;Medici, Lorenzino de'
PN;PN57.M384;Medusa (Greek mythology)
PN;PN57.M39;Melusine (Legendary character)
PN;PN57.M4;Merlin
PN;PN57.M44;Merope, wife of Cresphontes
PN;PN57.M53;Midas
PN;PN57.M65;Moses (Biblical leader)
PN;PN57.M73;Muḥammad, Prophet, -632
PN;PN57.M77;Munchausen
PN;PN57.M8;Mustapha und Zeangir
PN;PN57.N3;Napoleon I
PN;PN57.N33;Narcissus
PN;PN57.O3;Odysseus
PN;PN57.O35;Oedipus
PN;PN57.O4;Ogier le Danois
PN;PN57.O65;Orpheus
PN;PN57.O7;Oswald, Saint, King of Northumbria
PN;PN57.P25;Pan (Deity)
PN;PN57.P255;Pandora
PN;PN57.P27;Panza, Sancho
PN;PN57.P3;Parsifal
PN;PN57.P4;Pedro I, el Cruel, King of Castile and Leon, 1334-1369
PN;PN57.P43;Penelope (Greek mythology)
PN;PN57.P45;Persephone (Greek deity)
PN;PN57.P48;Phaedra
PN;PN57.P485;Phaeton
PN;PN57.P487;Philemon and Baucis
PN;PN57.P4875;Philip II, King of Spain, 1527-1598
PN;PN57.P488;Philoctetes
PN;PN57.P49;Pierrot
PN;PN57.P495;Pilate, Pontius, active 1st century
PN;PN57.P5;Piper of Hamelin
PN;PN57.P62;Pocahontas, d. 1617
PN;PN57.P64;Polyphemus
PN;PN57.P69;Procula, Claudia
PN;PN57.P73;Prometheus
PN;PN57.P76;Proteus (Greek deity)
PN;PN57.P77;Psyche (Greek deity)
PN;PN57.P79;Punchinello
PN;PN57.P86;Pygmalion
PN;PN57.P9;Pyramus and Thisbe
PN;PN57.R33;Rais, Gilles de, 1404-1440
PN;PN57.R35;Rama (Hindu deity)
PN;PN57.R48;Reynard the Fox
PN;PN57.R57;Roberval, Marguerite de
PN;PN57.R58;Roderick, King of the Visigoths, d. 711?
PN;PN57.R6;Roland or Orlando
PN;PN57.S27;Saladin, Sultan of Egypt and Syria, 1137-1193
PN;PN57.S3;Salome
PN;PN57.S33;Samson, Judge of Israel
PN;PN57.S335;Sappho
PN;PN57.S34;Saturn (Roman deity)
PN;PN57.S35;Saul, King of Israel
PN;PN57.S42;Scheherazade
PN;PN57.S5;Siegfried
PN;PN57.S54;Sleeping Beauty
PN;PN57.S57;Socrates
PN;PN57.S6;Sohrab and Rustum
PN;PN57.S82;Stalin, Joseph, 1879-1953
PN;PN57.S94;The superman
PN;PN57.T3;Tannhäuser
PN;PN57.T5;Thais
PN;PN57.T63;Thersites (Greek mythology)
PN;PN57.T64;Timon of Athens (Legendary character)
PN;PN57.T65;Timur, the Great, 1336-1405
PN;PN57.T8;Tristan and Isolde
PN;PN57.U5;Undine
PN;PN57.V4;Venus (Goddess)
PN;PN57.W25;Waldmann, Hans, ca. 1435-1489
PN;PN57.W257;Walthari, of Aquitaine
PN;PN57.W3;Wandering Jew
PN;PN57.W5;Widow of Ephesus
PN;PN57.W55;Wild huntsman
PN;PN58;Single essays
PN;PN59;General works
PN;PN61;General special
PN;PN61.5;Audiovisual aids
PN;PN62;Examinations, questions, etc.
PN;PN63;Ancient
PN;PN64;Middle ages
PN;PN65;Renaissance
PN;PN66;17th-18th centuries
PN;PN67;19th century
PN;PN68;20th century
PN;PN68.2;21st century
PN;PN70;United States
PN;PN71.A-Z;Other regions or countries, A-Z
PN;PN72.A-Z;By school, A-Z
PN;PN73;Literary research
PN;PN74;Collective
PN;PN75.A-Z;Individual, A-Z
PN;PN80;Periodicals. Societies. Serials
PN;PN80.5;Congresses
PN;PN81;General works
PN;PN83;Popular works
PN;PN85;Addresses, essays, lectures
PN;PN86;General works
PN;PN87;Ancient
PN;PN88;Medieval and Renaissance to 1600
PN;PN89;17th century
PN;PN90;18th century
PN;PN92;19th century
PN;PN94;20th century
PN;PN94.2;21st century
PN;PN98.A-Z;Special topics. By subject, A-Z
PN;PN98.B7;Book reviewing
PN;PN98.C6;Communists as critics
PN;PN98.D43;Deconstruction
PN;PN98.E36;Ecocriticism
PN;PN98.E4;Electronic data processing
PN;PN98.E93;Existentialism
PN;PN98.F6;Formalism
PN;PN98.H57;Historical criticism
PN;PN98.H85;Humanistic psychology
PN;PN98.I54;Information theory
PN;PN98.I58;Intertextuality
PN;PN98.L65;Logical positivism
PN;PN98.M67;Moral and ethical aspects
PN;PN98.N4;New Criticism
PN;PN98.N45;New Historicism
PN;PN98.P64;Politics
PN;PN98.P67;Postmodernism
PN;PN98.P75;Psychoanalytic approach to criticism
PN;PN98.R38;Reader-response criticism. Reception aesthetics
PN;PN98.R4;Realism
PN;PN98.R44;Religious approach to criticism
PN;PN98.R65;Romanticism
PN;PN98.S46;Semiotic approach to literature
PN;PN98.S6;Sociological approach to criticism
PN;PN98.S7;Structuralism
PN;PN98.T6;Toposforschung
PN;PN98.W64;Women critics. Feminist criticism
PN;PN99.A-Z;By region or country, A-Z
PN;PN101;American and English
PN;PN109;Other
PN;PN121;Associations
PN;PN131;International
PN;PN133.A-Z;National (and local). By region or country, A-Z
PN;PN137;Collections
PN;PN141;Dictionaries
PN;PN142;General works
PN;PN142.5;Computer network resources
PN;PN143;Study and teaching. Schools, etc.
PN;PN144;Early to 1800
PN;PN145;General works (Theory and technique)
PN;PN146;Research work. Historical and scientific authorship
PN;PN147;"Popular works. ""Writing for the press"""
PN;PN147.5;Authorship of children's literature
PN;PN148;Writing for new literates
PN;PN149;Addresses, essays, lectures
PN;PN149.8;Collective
PN;PN149.9.A-Z;Individual, A-Z
PN;PN150;Early works
PN;PN151;General works. Treatises
PN;PN153;Popular works
PN;PN154;Literary ethics
PN;PN155;Authors and publishers
PN;PN156;Censorship
PN;PN157;Dilettantism
PN;PN159;Amateur and juvenile writers
PN;PN160;Preparation of manuscripts, etc.
PN;PN161;How to sell manuscripts
PN;PN162;Editing of books and manuscripts
PN;PN163;Literary agents
PN;PN164;Literary landmarks. Homes and haunts of authors. Literary journeys
PN;PN165;Miscellany
PN;PN166;Imitation (in literature)
PN;PN167;General works
PN;PN168.A-Z;Cases. By the name of the author accused, A-Z
PN;PN169;Satire. Humor
PN;PN171.A-Z;Other special topics, A-Z
PN;PN171.A28;Acknowledgments
PN;PN171.A33;Adaptation
PN;PN171.A6;Anonymity
PN;PN171.C3;Cartoon captions
PN;PN171.C5;Child authors
PN;PN171.C65;Collaboration
PN;PN171.C74;Creative nonfiction
PN;PN171.C85;Cultural appropriation
PN;PN171.D37;Data processing
PN;PN171.D4;Dedications
PN;PN171.E3;Eccentric literature
PN;PN171.E76;Erotic literature
PN;PN171.E8;Errors and blunders
PN;PN171.F35;Fairy tales
PN;PN171.F56;Footnotes. Bibliographical citations
PN;PN171.F6;General works
PN;PN171.F7;Cases. By name, A-Z
PN;PN171.G47;Ghostwriting
PN;PN171.G74;Greeting cards
PN;PN171.H67;Housewives as authors
PN;PN171.I6;Insane authors
PN;PN171.I66;Interviews
PN;PN171.I7;Introductions
PN;PN171.L3;Laboring class authors
PN;PN171.M93;Multilingualism. Bilingualism
PN;PN171.M98;Myth
PN;PN171.O3;Obsequies
PN;PN171.O55;Online authorship
PN;PN171.P4;Pensions
PN;PN171.P7;Prefaces
PN;PN171.P75;Prizes
PN;PN171.P8;Prologues and epilogues
PN;PN171.P83;Psychological aspects
PN;PN171.Q6;Quotations
PN;PN171.R45;Religious aspects
PN;PN171.R66;Romance fiction
PN;PN171.S45;Sex differences
PN;PN171.S83;Substance abuse
PN;PN171.T5;Titles of books
PN;PN171.W74;Writer's block
PN;PN171.4;Periodicals
PN;PN171.6;Congresses
PN;PN172;Dictionaries. Terminology
PN;PN173;Early works
PN;PN175;English
PN;PN176;French
PN;PN179;Other
PN;PN181;Study and teaching
PN;PN183;History
PN;PN185;Early works
PN;PN187;English
PN;PN189;Other
PN;PN191;Compends
PN;PN193;Elementary manuals
PN;PN195;Quizzes
PN;PN197;General works
PN;PN198;Lists of subjects, outlines
PN;PN203;Style
PN;PN204;Readability
PN;PN205;Exposition
PN;PN207;Argumentation
PN;PN209;Analysis
PN;PN212;Narration
PN;PN213;Implied author
PN;PN218;Other
PN;PN221;Invention
PN;PN222;Openings (Rhetoric)
PN;PN223;Imitation
PN;PN224;Circular narratives (Rhetoric)
PN;PN225;Amplification
PN;PN226;Foregrounding
PN;PN227;General works
PN;PN228.A-Z;Special, A-Z
PN;PN228.C45;Chiasmus
PN;PN228.H46;Hendiadys
PN;PN228.M35;Metalepsis
PN;PN228.M4;Metaphor
PN;PN228.P2;Paradox
PN;PN228.S5;Simile
PN;PN228.S95;Synecdoche
PN;PN229;Use of adjectives, epithets, etc.
PN;PN229.E9;Expletives
PN;PN235;Epistolary
PN;PN239.A-Z;Other, A-Z
PN;PN239.P64;Political
PN;PN241.A1;Periodicals. Societies. Serials
PN;PN241.A3-Z;General works
PN;PN241.5.A-Z;By region or country, A-Z
PN;PN245;Aids. Scrapbooks, commonplace books
PN;PN441;Theory and method
PN;PN451;Comprehensive
PN;PN452;Minor
PN;PN453;Collected memoirs, letters, etc.
PN;PN456;Comprehensive
PN;PN457;Minor
PN;PN458;Collected memoirs, letters, etc.
PN;PN461;Comprehensive
PN;PN462;Minor
PN;PN463;Collected memoirs, letters, etc.
PN;PN466;Other
PN;PN471;English works
PN;PN472;French works
PN;PN473;German works
PN;PN479;Other
PN;PN481;Feminine influence in literature. Authors' relations to women. Love, marriage, etc.
PN;PN485;Catholic authors
PN;PN490;Black authors
PN;PN491;Blind authors
PN;PN491.2;Feminist authors
PN;PN491.3;Gay authors
PN;PN491.4;Indigenous authors
PN;PN491.5;Minority authors
PN;PN492;Physicians as authors
PN;PN494;Prisoners as authors
PN;PN494.5;Psychoanalysts as authors
PN;PN495;Exiled authors. Expatriates
PN;PN497;Authors of children's literature
PN;PN500;Early through 1800
PN;PN500.5;Polyglot
PN;PN501;American and English
PN;PN502;Dutch
PN;PN503;French
PN;PN504;German
PN;PN505;Italian
PN;PN506;Scandinavian
PN;PN507;Slavic
PN;PN508;Spanish and Portuguese
PN;PN509.A-Z;Other, A-Z
PN;PN510;Early through 1800
PN;PN510.5;Polyglot
PN;PN511;American and English
PN;PN512;Dutch
PN;PN513;French
PN;PN514;German
PN;PN515;Italian
PN;PN516;Scandinavian
PN;PN517;Slavic
PN;PN518;Spanish and Portuguese
PN;PN519.A-Z;Other languages, A-Z
PN;PN521;Early through 1800
PN;PN522;1801-1860
PN;PN523;Treatises
PN;PN524;Compends, textbooks, outlines
PN;PN531;Early through 1800
PN;PN532;1801-1860
PN;PN533;Treatises
PN;PN534;Compends, textbooks, outlines
PN;PN541;Early through 1800
PN;PN542;1801-1860
PN;PN543;Treatises
PN;PN544;Compends, textbooks, outlines
PN;PN551;Early through 1800
PN;PN552;1801-1860
PN;PN553;Treatises
PN;PN554;Compends, textbooks, outlines
PN;PN561;Early through 1800
PN;PN562;1801-1860
PN;PN563;Treatises
PN;PN564;Compends, textbooks, outlines
PN;PN571;Early through 1800
PN;PN572;1801-1860
PN;PN573;Treatises
PN;PN574;Compends, textbooks, outlines
PN;PN581;Early through 1800
PN;PN582;1801-1860
PN;PN583;Treatises
PN;PN584;Compends, textbooks, outlines
PN;PN591;Early through 1800
PN;PN592;1801-1860
PN;PN593;Treatises
PN;PN594;Compends, textbooks, outlines
PN;PN595.A-Z;Other languages, A-Z
PN;PN597;Literary movements (General)
PN;PN599;Idealism
PN;PN601;Realism. Naturalism
PN;PN603;Romanticism
PN;PN605.A-Z;Other, A-Z
PN;PN605.C2;Catholic church - Influence on literature
PN;PN605.Z9;Curiosa. Eccentric literary history
PN;PN610;Ancient and medieval
PN;PN611;Origins
PN;PN620;Early through 1800
PN;PN620.5;Polyglot
PN;PN621;American and English
PN;PN622;Dutch
PN;PN623;French
PN;PN624;German
PN;PN625;Italian
PN;PN626;Scandinavian
PN;PN627;Slavic
PN;PN628;Spanish and Portuguese
PN;PN629.A-Z;Other, A-Z
PN;PN630;Addresses, essays, lectures
PN;PN640;Early through 1800
PN;PN640.5;Polyglot
PN;PN641;American and English
PN;PN642;Dutch
PN;PN643;French
PN;PN644;German
PN;PN645;Italian
PN;PN646;Scandinavian
PN;PN647;Slavic
PN;PN648;Spanish and Portuguese
PN;PN649.A-Z;Other, A-Z
PN;PN661;Periodicals and societies
PN;PN663;Congresses
PN;PN665;General works
PN;PN667;Selections
PN;PN669;Dictionaries
PN;PN670;Early through 1800
PN;PN670.5;Polyglot
PN;PN671;American and English
PN;PN672;Dutch
PN;PN673;French
PN;PN674;German
PN;PN675;Italian
PN;PN676;Scandinavian
PN;PN677;Slavic
PN;PN678;Spanish and Portuguese
PN;PN679.A-Z;Other, A-Z
PN;PN681;Addresses, essays, lectures
PN;PN681.5;Classical literature in relation to medieval literature
PN;PN682.A-Z;Special topics, A-Z
PN;PN682.A48;Alexander, the Great, 356-323 B.C.
PN;PN682.A5;Allegory
PN;PN682.A55;Anger
PN;PN682.A57;Animals
PN;PN682.A67;Arab influences
PN;PN682.A7;Art
PN;PN682.A75;Artisans
PN;PN682.A88;Authors
PN;PN682.B55;Birds
PN;PN682.B56;Blood
PN;PN682.B63;Body and soul
PN;PN682.B65;Books and reading
PN;PN682.B68;Boundaries
PN;PN682.C2;Catholic church and literature
PN;PN682.C3;Castles
PN;PN682.C37;Castration
PN;PN682.C5;Characters and characteristics
PN;PN682.C53;Chivalry
PN;PN682.C538;Circumcision
PN;PN682.C54;Cities and towns
PN;PN682.C545;Claustrophobia
PN;PN682.C547;Color
PN;PN682.C56;Communication
PN;PN682.C58;Confession
PN;PN682.C59;Couples
PN;PN682.C6;Courtly love
PN;PN682.C72;Crime
PN;PN682.C728;Crusades
PN;PN682.C73;Crying
PN;PN682.C82;Cuckolds
PN;PN682.C85;Curiosities and wonders
PN;PN682.D4;Death
PN;PN682.D48;Devil
PN;PN682.D54;Dietetics
PN;PN682.D56;Digression (Rhetoric)
PN;PN682.D72;Dragons
PN;PN682.E46;Ekphrasis
PN;PN682.E48;Emotions
PN;PN682.E88;Exoticism
PN;PN682.F27;Fairies
PN;PN682.F3;Fall of man
PN;PN682.F34;Family violence
PN;PN682.F36;Fantasy
PN;PN682.F6;Forests
PN;PN682.F64;Four elements (Philosophy)
PN;PN682.F7;Franciscans
PN;PN682.F74;Friendship
PN;PN682.G36;Games
PN;PN682.G4;Geis (tabu)
PN;PN682.G45;Geography
PN;PN682.G48;Gesture
PN;PN682.G6;Glory
PN;PN682.G64;Go-betweens
PN;PN682.G65;Goddesses
PN;PN682.G74;Grief
PN;PN682.H35;Hair
PN;PN682.H43;Heart
PN;PN682.H47;Hermits
PN;PN682.H48;Heroes
PN;PN682.H65;Homosexuality
PN;PN682.H68;Horns
PN;PN682.H76;Humor
PN;PN682.H8;Hunting
PN;PN682.I33;Identity
PN;PN682.I46;Image of God
PN;PN682.I47;Incest
PN;PN682.I5;Individuality
PN;PN682.I67;Inspiration
PN;PN682.J47;Jerusalem
PN;PN682.K54;Knights and knighthood
PN;PN682.L38;Law
PN;PN682.L57;Lists
PN;PN682.L68;Love
PN;PN682.M34;Magic
PN;PN682.M37;Marriage
PN;PN682.M38;Marvelous, The, in literature
PN;PN682.M42;Mediterranean Region
PN;PN682.M43;Memory
PN;PN682.M44;Mental illness
PN;PN682.M47;Metaphor
PN;PN682.M53;Microcosm and macrocosm
PN;PN682.M57;Military religious orders
PN;PN682.M58;Miracles
PN;PN682.M65;Monsters
PN;PN682.M87;Muslims
PN;PN682.N3;Nature
PN;PN682.N54;Nightingales
PN;PN682.N65;Nonverbal communication
PN;PN682.N84;Nudity
PN;PN682.N86;Numbers
PN;PN682.N87;Nuns
PN;PN682.O43;Old age
PN;PN682.O7;Ordeal
PN;PN682.O75;Orient
PN;PN682.O84;Other (Philosophy)
PN;PN682.O87;Outlaws
PN;PN682.P24;Paganism
PN;PN682.P25;Pain
PN;PN682.P27;Paradise
PN;PN682.P28;Parent and child
PN;PN682.P3;Patrons
PN;PN682.P35;Peasantry
PN;PN682.P45;People with disabilities
PN;PN682.P47;Personality
PN;PN682.P475;Personification
PN;PN682.P5;Pilgrims and pilgrimages
PN;PN682.P65;Point of view
PN;PN682.Q44;Queens
PN;PN682.R37;Reality
PN;PN682.R4;Religion
PN;PN682.R66;Romanians
PN;PN682.S29;Sea. Ocean
PN;PN682.S316;Secrecy
PN;PN682.S32;Seduction
PN;PN682.S34;Self
PN;PN682.S345;Semiramis, Queen, consort of Shamshi-Adad V, King of Assyria (active 9th century
PN;PN682.S35;Senses and sensation
PN;PN682.S37;Sex. Sex role
PN;PN682.S38;Sexual deviation
PN;PN682.S7;Social life
PN;PN682.S73;Space perception
PN;PN682.S75;Strangers
PN;PN682.S94;Swine
PN;PN682.T55;Time
PN;PN682.T68;The tragic
PN;PN682.T69;Trails
PN;PN682.T7;Travel
PN;PN682.T75;Trees
PN;PN682.T76;Troubadours
PN;PN682.U4;Ugliness
PN;PN682.U5;Unicorns
PN;PN682.U75;Utopias
PN;PN682.V4;Venality
PN;PN682.V55;Violence
PN;PN682.V56;Virginity
PN;PN682.V57;Visions
PN;PN682.V59;Visual perception
PN;PN682.W35;War
PN;PN682.W37;Water
PN;PN682.W6;Women
PN;PN683;General works
PN;PN684;Hero legends (Heldensage)
PN;PN685;General works
PN;PN686.A-Z;Special, A-Z
PN;PN686.A7;Arthur
PN;PN686.B3;Balin and Balan
PN;PN686.B63;Body, Human
PN;PN686.B65;Bran, son of Llyr
PN;PN686.B68;Brocêliande. Paimpont Forest
PN;PN686.C66;Comic, The
PN;PN686.G3;Gawain
PN;PN686.G7;Grail
PN;PN686.G85;Guinglain
PN;PN686.K3;Kay
PN;PN686.L3;Lancelot
PN;PN686.L68;Love
PN;PN686.M33;Magic
PN;PN686.M4;Merlin
PN;PN686.P4;Perceval (Parsifal, etc.)
PN;PN686.T7;Tristan
PN;PN686.W37;Water
PN;PN686.W65;Women
PN;PN686.Y8;Ywain
PN;PN687.A-Z;Other special subjects, A-Z
PN;PN687.A3;Adalbert, Saint, Bp. of Prague, 950-977
PN;PN687.A46;Aeneas (Legendary character)
PN;PN687.A5;Alexander, the Great
PN;PN687.A73;Argonauts (Greek mythology)
PN;PN687.B6;Body and soul
PN;PN687.C5;Charlemagne
PN;PN687.C53;Chess
PN;PN687.C55;El Cid Campeador
PN;PN687.D3;Dathi, King
PN;PN687.D33;David, King of Israel
PN;PN687.D4;Death
PN;PN687.D47;Devil
PN;PN687.D7;Dracula
PN;PN687.E4;Eginhard and Emma
PN;PN687.F4;Feast of the Crucifix
PN;PN687.F45;The fifteen tokens before the last judgment
PN;PN687.F5;Flights
PN;PN687.F55;Fortuna (Roman deity)
PN;PN687.F6;The four daughters of God
PN;PN687.G4;Geneviève of Brabant
PN;PN687.G84;Guy of Warwick
PN;PN687.H34;Hagen
PN;PN687.H37;Heaven
PN;PN687.H38;Heinrich der Löwe
PN;PN687.H4;Herbortsage
PN;PN687.J4;Jewish boy
PN;PN687.J62;Job, the patriarch
PN;PN687.J8;Judas Iscariot
PN;PN687.K3;Kaisersage
PN;PN687.L68;Lovers of Teruel
PN;PN687.M37;Mary, Blessed Virgin, Saint
PN;PN687.M42;Medea (Greek mythology)
PN;PN687.M44;Melusine
PN;PN687.M54;Milon d'Angers
PN;PN687.M58;Monk and the bird's song
PN;PN687.N36;Names
PN;PN687.N5;Nicodemus
PN;PN687.O7;Orpheus
PN;PN687.P27;Paris (Greek mythology)
PN;PN687.P3;Saint Patrick's purgatory
PN;PN687.R4;Reinoldlegende
PN;PN687.R6;Rodrick
PN;PN687.S3;Seth (Biblical character)
PN;PN687.S37;Seven against Thebes (Greek mythology)
PN;PN687.S43;Seven Sages
PN;PN687.S5;Seven sleepers
PN;PN687.S56;Sibille, Queen
PN;PN687.S6;Sindbad, the philosopher
PN;PN687.S8;Swan-knight
PN;PN687.S86;Swords
PN;PN687.T5;Theophilus
PN;PN687.V3;Valentine and Orson
PN;PN687.W2;Wade
PN;PN687.W26;Walthari, of Aquitane
PN;PN687.W3;Wandering Jew
PN;PN688;General works
PN;PN689;General works
PN;PN690.A-Z;Special topics, A-Z
PN;PN690.A6;Animal epics
PN;PN690.B53;Bible stories
PN;PN690.C7;Crusades
PN;PN690.D73;Dreams
PN;PN690.F56;Floire et Blancheflor (Romance)
PN;PN690.R5;Reynard the Fox
PN;PN690.T7;Tristan
PN;PN690.W66;Women
PN;PN691;Lyric poetry
PN;PN692;General works
PN;PN693.A-Z;Special tales, A-Z
PN;PN694.A-Z;Other special forms, A-Z
PN;PN694.E6;Epic literature
PN;PN694.F3;Fabliaux
PN;PN695;Collections
PN;PN700;Early through 1800
PN;PN700.5;Polyglot
PN;PN701;American and English
PN;PN702;Dutch
PN;PN703;French
PN;PN704;German
PN;PN705;Italian
PN;PN706;Scandinavian
PN;PN707;Slavic
PN;PN708;Spanish and Portuguese
PN;PN709.A-Z;Other, A-Z
PN;PN710;Addresses, essays, lectures
PN;PN715;Collections
PN;PN720;Early through 1800
PN;PN720.5;Polyglot
PN;PN721;American and English
PN;PN722;Dutch
PN;PN723;French
PN;PN724;German
PN;PN725;Italian
PN;PN726;Scandinavian
PN;PN727;Slavic
PN;PN728;Spanish and Portuguese
PN;PN729.A-Z;Other, A-Z
PN;PN730;Early through 1800
PN;PN730.5;Polyglot
PN;PN731;American and English
PN;PN732;Dutch
PN;PN733;French
PN;PN734;German
PN;PN735;Italian
PN;PN736;Scandinavian
PN;PN737;Slavic
PN;PN738;Spanish and Portuguese
PN;PN739.A-Z;Other, A-Z
PN;PN740;Early through 1800
PN;PN740.5;Polyglot
PN;PN741;American and English
PN;PN742;Dutch
PN;PN743;French
PN;PN744;German
PN;PN745;Italian
PN;PN746;Scandinavian
PN;PN747;Slavic
PN;PN748;Spanish and Portuguese
PN;PN749.A-Z;Other, A-Z
PN;PN750;Early through 1800
PN;PN750.5;Polyglot
PN;PN751;American and English
PN;PN752;Dutch
PN;PN753;French
PN;PN754;German
PN;PN755;Italian
PN;PN756;Scandinavian
PN;PN757;Slavic
PN;PN758;Spanish and Portuguese
PN;PN759.A-Z;Other, A-Z
PN;PN760.5;Polyglot
PN;PN761;American and English
PN;PN762;Dutch
PN;PN763;French
PN;PN764;German
PN;PN765;Italian
PN;PN766;Scandinavian
PN;PN767;Slavic
PN;PN768;Spanish and Portuguese
PN;PN769.A-Z;Other languages, A-Z
PN;PN770.5;Polyglot
PN;PN771;American and English
PN;PN772;Dutch
PN;PN773;French
PN;PN774;German
PN;PN775;Italian
PN;PN776;Scandinavian
PN;PN777;Slavic
PN;PN778;Spanish and Portuguese
PN;PN779.A-Z;Other languages, A-Z
PN;PN780.5;Polyglot
PN;PN781;American and English
PN;PN782;Dutch
PN;PN783;French
PN;PN784;German
PN;PN785;Italian
PN;PN786;Scandinavian
PN;PN787;Slavic
PN;PN788;Spanish and Portuguese
PN;PN789.A-Z;Other, A-Z
PN;PN801;Periodicals and societies
PN;PN802;Congresses
PN;PN803;Two or more authors
PN;PN804;Individual authors
PN;PN806;Study and teaching
PN;PN808;History and general works. Criticism, etc.
PN;PN810.A-Z;Special topics, A-Z
PN;PN810.A45;America
PN;PN810.A7;Architecture
PN;PN810.B3;Basques
PN;PN810.C66;Consciousness
PN;PN810.E32;Ecology
PN;PN810.E46;Emotions
PN;PN810.F24;Fantastic, The
PN;PN810.F3;Fate and fatalism
PN;PN810.G86;Gypsies. Romanies
PN;PN810.H57;History in literature
PN;PN810.H65;Holocaust, Jewish (1939-1945)
PN;PN810.H86;Human body
PN;PN810.L33;Labyrinths
PN;PN810.L52;Liberty
PN;PN810.L65;Love
PN;PN810.N35;Narcissus (Greek mythology)
PN;PN810.N36;Narration (Rhetoric)
PN;PN810.N37;Navarre (Spain)
PN;PN810.O35;Ocean travel
PN;PN810.S35;Science
PN;PN810.S44;Senses and sensation
PN;PN810.S47;Sex differences
PN;PN810.S63;Space
PN;PN810.T56;Time
PN;PN810.T73;Travel
PN;PN810.W6;Women
PN;PN810.W67;World War, 1939-1945
PN;PN811;Medieval
PN;PN812;Modern, to 1800
PN;PN813;19th-20th centuries
PN;PN814;Poetry
PN;PN815;Drama
PN;PN816;Prose (General and fiction)
PN;PN817;Miscellaneous
PN;PN818;General works
PN;PN819;Minor collections
PN;PN820;Translations
PN;PN821;Periodicals and societies
PN;PN822;Congresses
PN;PN823;Two or more authors
PN;PN824;Individual authors
PN;PN826;Study and teaching
PN;PN828;History and general works. Criticism, etc.
PN;PN830.A-Z;Special topics, A-Z
PN;PN831;Medieval
PN;PN832;Modern, to 1800
PN;PN833;19th-20th centuries
PN;PN834;Poetry
PN;PN835;Drama
PN;PN836;Prose (General and fiction)
PN;PN837;Miscellaneous
PN;PN838;General works
PN;PN839;Minor collections
PN;PN840;Translations
PN;PN841;Black literature (General)
PN;PN842;Jewish literature in various languages
PN;PN843;History and general works. Criticism, etc.
PN;PN845;Early to 1800
PN;PN846;19th-20th centuries
PN;PN849.A-Z;Other regions or countries, A-Z
PN;PN849.A35-.A352;Africa (Table P-PZ26)
PN;PN849.A355-.A3552;Africa, North. Maghreb (Table P-PZ26)
PN;PN849.A95-.A952;Australia (Table P-PZ26)
PN;PN849.B3-.B32;Balkan Peninsula (Table P-PZ26)
PN;PN849.B44-.B442;Baltic Sea Region (Table P-PZ26)
PN;PN849.B46-.B462;Belize (Table P-PZ26)
PN;PN849.C28-.C282;Canada (Table P-PZ26)
PN;PN849.C3-.C32;Caribbean Area. West Indies (Table P-PZ26)
PN;PN849.C5-.C52;Commonwealth of Nations (Table P-PZ26)
PN;PN849.C6-.C62;Communist countries (Table P-PZ26)
PN;PN849.E38-.E382;Egypt (Table P-PZ26)
PN;PN849.E87-.E872;Europe, Central (Table P-PZ26)
PN;PN849.E9-.E92;Europe, Eastern (Table P-PZ26)
PN;PN849.G74-.G742;Great Britain (Table P-PZ26)
PN;PN849.I24-.I242;Iberian Peninsula (Table P-PZ26)
PN;PN849.I8-.I82;Israel (Table P-PZ26)
PN;PN849.L29-.L292;Latin America (Table P-PZ26)
PN;PN849.L88-.L882;Luxembourg (Table P-PZ26)
PN;PN849.M38-.M382;Mauritius (Table P-PZ26)
PN;PN849.M42-.M422;Mediterranean Region (Table P-PZ26)
PN;PN849.O26-.O262;Oceania (Table P-PZ26)
PN;PN849.P7-.P72;Poland (Table P-PZ26)
PN;PN849.R4-.R42;Réunion (Table P-PZ26)
PN;PN849.R9-.R92;Russia. Soviet Union (Table P-PZ26)
PN;PN849.S25-.S252;Scandinavia (Table P-PZ26)
PN;PN849.S45-.S452;Seychelles (Table P-PZ26)
PN;PN849.S6-.S62;Spain (Table P-PZ26)
PN;PN849.S75-.S752;Suriname (Table P-PZ26)
PN;PN849.S9-.S92;Switzerland (Table P-PZ26)
PN;PN849.U43-.U432;Underdeveloped countries (Table P-PZ26)
PN;PN849.U5-.U52;United States (Table P-PZ26)
PN;PN851;Periodicals. Serials
PN;PN855;Societies
PN;PN858;Congresses
PN;PN861;Series. Monographs by different authors
PN;PN863;Collected works, essays, papers by different authors
PN;PN865;Theory. Philosophy. Comparative literature as a discipline
PN;PN867;General works
PN;PN868.A-Z;By region or country, A-Z
PN;PN869.A-Z;By school, A-Z
PN;PN870;Early through 1800
PN;PN870.5;Polyglot
PN;PN871;American and English
PN;PN872;Dutch
PN;PN873;French
PN;PN874;German
PN;PN875;Italian
PN;PN876;Scandinavian
PN;PN877;Slavic
PN;PN878;Spanish and Portuguese
PN;PN879.A-Z;Other, A-Z
PN;PN883;Classical antiquity and literature in relation to modern literature
PN;PN886;General works
PN;PN970;General works
PN;PN980;History. Origins. Theory
PN;PN980.5;Polyglot
PN;PN981.A2;History
PN;PN981.A3-Z;Collections
PN;PN982.A2;History
PN;PN982.A3-Z;Collections
PN;PN983.A2;History
PN;PN983.A3-Z;Collections
PN;PN984.A2;History
PN;PN984.A3-Z;Collections
PN;PN985.A2;History
PN;PN985.A3-Z;Collections
PN;PN986.A2;History
PN;PN986.A3-Z;Collections
PN;PN987.A2;History
PN;PN987.A3-Z;Collections
PN;PN988.A2;History
PN;PN988.A3-Z;Collections
PN;PN989.A-Z;Other languages (or countries), A-Z
PN;PN989.A53;Albanian
PN;PN989.I5;India
PN;PN989.I5B4-.I5B6;Bidpai
PN;PN989.I5B4;English translations
PN;PN989.I5B5;Spanish translations
PN;PN993;Plant fables
PN;PN994.A-Z;Other special topics, A-Z
PN;PN994.F3;The family in fables
PN;PN995.A-Z;Individual fables, A-Z
PN;PN995.B44;Belly and the members
PN;PN995.F68;Fox and the stork
PN;PN999;Prose romances, etc.
PN;PN1008.A-Z;Other, A-Z
PN;PN1008.2;Periodicals
PN;PN1008.3;Congresses
PN;PN1008.4;Directories
PN;PN1008.5;Dictionaries
PN;PN1008.8;Study and teaching
PN;PN1009.A1;General works. History
PN;PN1009.5.A-Z;Special topics, A-Z
PN;PN1009.5.A33;Adaptations
PN;PN1009.5.A336;Adulthood
PN;PN1009.5.A34;Aesthetics
PN;PN1009.5.A37;Air
PN;PN1009.5.A47;Africans
PN;PN1009.5.A55;Animals
PN;PN1009.5.A73;Architecture
PN;PN1009.5.A94;Authority
PN;PN1009.5.A96;Autonomy
PN;PN1009.5.C43;Characters and characteristics
PN;PN1009.5.C44;Children with disabilities. Youth with disabilities
PN;PN1009.5.C444;Children's rights
PN;PN1009.5.C45;Christianity
PN;PN1009.5.C58;Civilization, Classical
PN;PN1009.5.C65;Communism
PN;PN1009.5.D43;Death
PN;PN1009.5.D46;Democracy
PN;PN1009.5.D48;Developing countries
PN;PN1009.5.E23;Earth (Planet)
PN;PN1009.5.E25;Ecology
PN;PN1009.5.E84;Ethnic attitudes
PN;PN1009.5.F35;Family
PN;PN1009.5.F37;Fantasy literature
PN;PN1009.5.F45;Femininity
PN;PN1009.5.F66;Food
PN;PN1009.5.F68;Foreign countries
PN;PN1009.5.G37;Gardens
PN;PN1009.5.G46;Genocide
PN;PN1009.5.G48;Geography
PN;PN1009.5.G57;Girls
PN;PN1009.5.G73;Grandmothers
PN;PN1009.5.H47;Heroes
PN;PN1009.5.H57;History
PN;PN1009.5.H64;Holocaust, Jewish (1939-1945)
PN;PN1009.5.H65;Home
PN;PN1009.5.H66;Homicide
PN;PN1009.5.L53;Life
PN;PN1009.5.L56;Little Red Riding Hood (Tale)
PN;PN1009.5.M35;Maps
PN;PN1009.5.M37;Masculinity
PN;PN1009.5.M54;Middle Ages
PN;PN1009.5.M64;Money
PN;PN1009.5.M67;Moral and ethical aspects
PN;PN1009.5.M84;Multiculturalism
PN;PN1009.5.M98;Mythology
PN;PN1009.5.N34;Names, Personal
PN;PN1009.5.N35;National characteristics
PN;PN1009.5.N36;National socialism
PN;PN1009.5.N38;Nature
PN;PN1009.5.O43;Old age
PN;PN1009.5.P54;Philosophy
PN;PN1009.5.P58;Plants
PN;PN1009.5.P64;Political aspects
PN;PN1009.5.P67;Postmodernism
PN;PN1009.5.P78;Psychological aspects
PN;PN1009.5.R32;Racism
PN;PN1009.5.R66;Romanies
PN;PN1009.5.S477;Sex
PN;PN1009.5.S48;Sexism. Sex role
PN;PN1009.5.S54;Sick children
PN;PN1009.5.S62;Social classes
PN;PN1009.5.S623;Social justice
PN;PN1009.5.S625;Socialization
PN;PN1009.5.S63;Society
PN;PN1009.5.S67;Sports
PN;PN1009.5.S73;Stereotypes (Social psychology)
PN;PN1009.5.S77;Superheroes
PN;PN1009.5.S87;Survival
PN;PN1009.5.T43;Technology
PN;PN1009.5.T47;Terror
PN;PN1009.5.T55;Time
PN;PN1009.5.T7;Tragic, The
PN;PN1009.5.T75;Translating. Translations
PN;PN1009.5.T78;Truthfulness and falsehood
PN;PN1009.5.U85;Utopias
PN;PN1009.5.V54;Violence
PN;PN1009.5.W35;War
PN;PN1009.5.W65;Wolves
PN;PN1010;Periodicals. Serials
PN;PN1012;Societies
PN;PN1014;Congresses
PN;PN1016;Collections of monographs
PN;PN1021;Dictionaries
PN;PN1022;General
PN;PN1023;Children's poetry
PN;PN1024;Poetry by women
PN;PN1025;Black poetry
PN;PN1031;General works
PN;PN1035;History of the theory of poetry
PN;PN1039;Polyglot
PN;PN1040;Greek and Latin
PN;PN1041;Early through 1800
PN;PN1042;1801-
PN;PN1043;French
PN;PN1044;German
PN;PN1045;Italian
PN;PN1046;Scandinavian
PN;PN1047;Slavic
PN;PN1048;Spanish and Portuguese
PN;PN1049.A-Z;Other languages, A-Z
PN;PN1055;Miscellaneous essays, etc.
PN;PN1059.A-Z;Special topics, A-Z
PN;PN1059.A9;Authorship
PN;PN1059.C9;Cycles
PN;PN1059.D45;Dhvani
PN;PN1059.E35;Editing
PN;PN1059.E47;Enjambement
PN;PN1059.E5;Enumeration
PN;PN1059.H8;Hypnotism
PN;PN1059.I17;Iambic
PN;PN1059.M3;Marketing
PN;PN1059.M4;Metaphor
PN;PN1059.M8;Multilingualism
PN;PN1059.M92;Mysticism
PN;PN1059.P47;Personification
PN;PN1059.P7;Poetic license
PN;PN1059.P86;Puns and punning
PN;PN1059.R37;Rasas
PN;PN1059.R4;Readership
PN;PN1059.R5;Rhyme
PN;PN1059.R53;Rhythm
PN;PN1059.S7;Song-writing
PN;PN1059.S83;Stanza
PN;PN1059.S88;Surrealism
PN;PN1059.S94;Symbolism
PN;PN1059.S96;Syntax
PN;PN1059.T5;Titles
PN;PN1059.T7;Translating
PN;PN1064;Poets on poetry. Anthologies in praise of poetry, etc.
PN;PN1065;Nature, landscape, etc.
PN;PN1069;Relation to art
PN;PN1072;Relation to other forms of literature
PN;PN1075;Relation to life
PN;PN1076;Relation to love
PN;PN1077;Relation to philosophy, ethics, religion, myth, etc. Religion and theology of the poets
PN;PN1080;Relation to history and patriotism
PN;PN1081;Relation to politics, social progress, etc.
PN;PN1082;Relation to economics
PN;PN1082.5;Relation to the classics
PN;PN1083.A-Z;Other special, A-Z
PN;PN1083.A28;Advertising
PN;PN1083.A48;America
PN;PN1083.A5;Animals
PN;PN1083.A72;Architecture
PN;PN1083.B5;Birds
PN;PN1083.B53;Birthdays
PN;PN1083.B55;Black people
PN;PN1083.C64;Columbus, Christopher
PN;PN1083.D34;Dance
PN;PN1083.D43;Death
PN;PN1083.D74;Dreams
PN;PN1083.E73;Eschatology
PN;PN1083.E95;Exiles. Exile (Punishment)
PN;PN1083.F35;Fame
PN;PN1083.H37;Happiness
PN;PN1083.H66;Homosexuality
PN;PN1083.I47;Impotence
PN;PN1083.I85;Islands
PN;PN1083.M3;Mathematical linguistics
PN;PN1083.M36;Medicine
PN;PN1083.M4;Memory
PN;PN1083.M45;Metamorphosis
PN;PN1083.M54;Mimesis
PN;PN1083.M64;Mothers
PN;PN1083.N49;New York (N.Y.)
PN;PN1083.O33;Occultism
PN;PN1083.O86;Other (Philosophy)
PN;PN1083.P43;Pearls
PN;PN1083.P48;Philosophers
PN;PN1083.P74;Psychoanalysis
PN;PN1083.R37;Rarity
PN;PN1083.R47;Revolutionary poetry
PN;PN1083.R63;Roca, Julio Argentino
PN;PN1083.S43;Science
PN;PN1083.S46;Self
PN;PN1083.S63;Spanish Civil War
PN;PN1083.S73;Stars
PN;PN1083.T42;Technology
PN;PN1083.W37;War
PN;PN1083.W65;Women (as a theme)
PN;PN1083.W67;World War, 1914-1918
PN;PN1085;Poetry and children
PN;PN1091;Women and poetry. Feminine influence
PN;PN1097;Uneducated poets
PN;PN1101;Study and teaching
PN;PN1103;Characters: Heroes, heroines, etc.
PN;PN1110;Early through 1800
PN;PN1110.5;Polyglot
PN;PN1111;American and English
PN;PN1112;Dutch
PN;PN1113;French
PN;PN1114;German
PN;PN1115;Italian
PN;PN1116;Scandinavian
PN;PN1117;Slavic
PN;PN1118;Spanish and Portuguese
PN;PN1119.A-Z;Other, A-Z
PN;PN1126;General special
PN;PN1136;Essays
PN;PN1140-1149;Ancient (Table PN5)
PN;PN1160-1169;Medieval and modern (Table PN5)
PN;PN1180-1189;Renaissance (Table PN5)
PN;PN1200-1209;16th century (Table PN5)
PN;PN1220-1229;17th century (Table PN5)
PN;PN1240-1249;18th century (Table PN5)
PN;PN1260-1269;19th century (Table PN5a)
PN;PN1270-1279;20th century (Table PN5a)
PN;PN1280-1289;21st century (Table PN5a)
PN;PN1300;General works
PN;PN1301;Early
PN;PN1303;Recent
PN;PN1305;Minor
PN;PN1307;Ancient
PN;PN1317;Modern (since 1500)
PN;PN1323;National heroic epics
PN;PN1326;Romantic epics. Romances of chivalry
PN;PN1329;Allegorical epics
PN;PN1332;Descriptive epics
PN;PN1333.A-Z;Other, A-Z
PN;PN1333.A6;Animal epics
PN;PN1341;General works
PN;PN1345;General collections
PN;PN1347;Primitive
PN;PN1351;Early
PN;PN1356;Recent
PN;PN1361;Minor
PN;PN1365;Study and teaching
PN;PN1371;Odes
PN;PN1376;Ballads
PN;PN1381;General
PN;PN1386;Hymns and sacred poems
PN;PN1389;Elegies. Laments
PN;PN1393;Computer poetry
PN;PN1401;Didactic poetry
PN;PN1411;Descriptive poetry
PN;PN1412;Erotic poetry
PN;PN1414;Haiku
PN;PN1415;Heroids
PN;PN1419;Laudatory poetry
PN;PN1421;Pastoral and bucolic poetry
PN;PN1431;Christmas poetry. Carols
PN;PN1435;Satire
PN;PN1441;The poetic epigram. Epitaphs, etc.
PN;PN1443;Occasional verse
PN;PN1445;Novels in verse
PN;PN1451;Vers de société
PN;PN1455;Visual poetry. Concrete poetry
PN;PN1470;General works
PN;PN1471;Ballads
PN;PN1475;Cantos, pasticcios, etc.
PN;PN1479;Chant royal
PN;PN1481;Epithalamia
PN;PN1482;Euphonic poetry
PN;PN1483;Experimental poetry
PN;PN1484;Free verse
PN;PN1485;Kyrielle
PN;PN1489;Macaronic verse (History and collections)
PN;PN1489.Z7;Individual authors, A-Z
PN;PN1493;Madrigal
PN;PN1496;Palinode
PN;PN1497;Pantoum
PN;PN1498;Prose poems
PN;PN1499;Quatrain
PN;PN1501;Rondeau
PN;PN1504;Rondel
PN;PN1507;Roundelay
PN;PN1511;Sestina
PN;PN1514;Sonnet
PN;PN1517;Triolot
PN;PN1521;Villanelle
PN;PN1523;Virelai
PN;PN1525;Other
PN;PN1530;The monologue
PN;PN1551;The dialogue
PN;PN1560;Early through 1800
PN;PN1560.5;Polyglot
PN;PN1561;American and English
PN;PN1562;Dutch
PN;PN1563;French
PN;PN1564;German
PN;PN1565;Italian
PN;PN1566;Scandinavian
PN;PN1567;Slavic
PN;PN1568;Spanish and Portuguese
PN;PN1569.A-Z;Other languages, A-Z
PN;PN1570;International
PN;PN1572;United States
PN;PN1573.A-Z;Other regions or countries, A-Z
PN;PN1574;Congresses, conferences, etc.
PN;PN1575;Expositions
PN;PN1575.5;Archives
PN;PN1576;General works
PN;PN1576.5;Audiovisual aids
PN;PN1577;United States
PN;PN1578.A-Z;Other regions or countries, A-Z
PN;PN1579;Dictionaries. Terminology
PN;PN1580;Performing arts as a profession
PN;PN1581;History
PN;PN1583;Collective (more than one country)
PN;PN1584;General works
PN;PN1585;General works
PN;PN1586;General works
PN;PN1587.A-Z;By state, region, etc., A-Z
PN;PN1588.A-Z;By city, A-Z
PN;PN1589.A-Z;Other regions or countries, A-Z
PN;PN1590.A-Z;Special topics, A-Z
PN;PN1590.A27;Absence
PN;PN1590.A34;Age
PN;PN1590.A54;Animals
PN;PN1590.A58;Anthropology
PN;PN1590.A74;Archival resources
PN;PN1590.A9;Audiences
PN;PN1590.A94;Autistic people
PN;PN1590.B5;Blacklisting of entertainers
PN;PN1590.B53;Black people
PN;PN1590.C43;Characters and characteristics
PN;PN1590.C45;Children and performing arts
PN;PN1590.C6;Collecting of theatrical paraphernalia
PN;PN1590.C65;Corrupt practices
PN;PN1590.D37;Data processing
PN;PN1590.D63;Dogs
PN;PN1590.E46;Emotions
PN;PN1590.F47;Festivals
PN;PN1590.F55;Finance
PN;PN1590.G39;Gays
PN;PN1590.G73;Graphic arts
PN;PN1590.H36;Handicapped. People with disabilities
PN;PN1590.H57;Hispanic Americans
PN;PN1590.I75;Irish Americans
PN;PN1590.J48;Jews
PN;PN1590.M23;Management
PN;PN1590.M24;Maori (New Zealand people)
PN;PN1590.M27;Marketing
PN;PN1590.M28;Masculinity
PN;PN1590.M3;Masters of ceremonies
PN;PN1590.M66;Monsters
PN;PN1590.M87;Museums and the performing arts
PN;PN1590.M97;Mysticism
PN;PN1590.O7;Oriental influences
PN;PN1590.P64;Political aspects
PN;PN1590.P7;Press agents
PN;PN1590.P74;Production and direction
PN;PN1590.P75;Programs
PN;PN1590.P76;Psychological aspects
PN;PN1590.R33;Race
PN;PN1590.R45;Religious aspects
PN;PN1590.S24;Science
PN;PN1590.S26;Semiotics
PN;PN1590.S3;Sex
PN;PN1590.S6;Social aspects
PN;PN1590.S65;Social media
PN;PN1590.S67;Social problems
PN;PN1590.S7;Sponsorship
PN;PN1590.T43;Technique
PN;PN1590.T53;Tickets
PN;PN1590.W64;Women
PN;PN1600;Early through 1800
PN;PN1600.5;Polyglot
PN;PN1601;American and English
PN;PN1602;Dutch
PN;PN1603;French
PN;PN1604;German
PN;PN1605;Italian
PN;PN1606;Scandinavian
PN;PN1607;Slavic
PN;PN1608;Spanish and Portuguese
PN;PN1609.A-Z;Other, A-Z
PN;PN1611;American and English
PN;PN1612;Dutch
PN;PN1613;French
PN;PN1614;German
PN;PN1615;Italian
PN;PN1616;Scandinavian
PN;PN1617;Slavic
PN;PN1618;Spanish and Portuguese
PN;PN1619.A-Z;Other, A-Z
PN;PN1620.A1;General works
PN;PN1620.A3-Z;Special institutions, A-Z
PN;PN1621;Various authors
PN;PN1623;Collected essays of individual authors
PN;PN1625;Dictionaries
PN;PN1627;Indexes to children's plays
PN;PN1631;General works
PN;PN1633.A-Z;Special topics, A-Z
PN;PN1633.C6;Communism
PN;PN1633.F45;Feminism
PN;PN1633.I3;Idealism
PN;PN1633.J37;Japonism
PN;PN1633.N16;National socialism
PN;PN1633.N2;Naturalism
PN;PN1633.R65;Romanticism
PN;PN1633.S45;Semiotics
PN;PN1633.S9;Symbolism
PN;PN1635;Relation to other forms of literature
PN;PN1637;Relation to pictorial art
PN;PN1641;Relation to life
PN;PN1643;Relation to sociology, economics, political science, etc.
PN;PN1647;Relation to philosophy, ethics, and religion
PN;PN1649;Relation to the church
PN;PN1650.A-Z;Other special, A-Z
PN;PN1650.A42;Alchemy
PN;PN1650.A44;Americans
PN;PN1650.A54;Animals
PN;PN1650.B53;Bible
PN;PN1650.B6;Body, Human
PN;PN1650.C36;Cannibalism
PN;PN1650.C48;Christian symbolism
PN;PN1650.C57;Cities and towns
PN;PN1650.C58;Civilization, Western
PN;PN1650.C59;Clowns
PN;PN1650.C78;Cruelty
PN;PN1650.D4;Death
PN;PN1650.D47;Desire
PN;PN1650.D65;Don Juan
PN;PN1650.D67;Doubles
PN;PN1650.E26;Ecology
PN;PN1650.E44;Electra
PN;PN1650.E53;End of the world
PN;PN1650.E95;Evil
PN;PN1650.F35;Families
PN;PN1650.F44;Femmes fatales
PN;PN1650.F5;Filicide
PN;PN1650.F66;Fools and jesters
PN;PN1650.F74;French Revolution
PN;PN1650.F88;Future
PN;PN1650.G46;Genocide
PN;PN1650.G56;Ghosts
PN;PN1650.G7;Grotesque
PN;PN1650.H64;Holocaust, Jewish (1939-1945)
PN;PN1650.H66;Homosexuality
PN;PN1650.I58;Integrity
PN;PN1650.J48;Jews
PN;PN1650.K55;Kings and rulers
PN;PN1650.L34;Language and languages
PN;PN1650.L66;Lookalikes
PN;PN1650.L68;Love
PN;PN1650.M43;Medea
PN;PN1650.M435;Memory
PN;PN1650.M44;Men
PN;PN1650.M45;Mental illness
PN;PN1650.M53;Midlife crisis
PN;PN1650.M57;Misanthropy
PN;PN1650.M65;Money
PN;PN1650.M68;Mothers. Motherhood
PN;PN1650.N38;Naturalism
PN;PN1650.N83;Nuclear energy
PN;PN1650.O33;Occultism
PN;PN1650.P37;Parasitism (Social sciences)
PN;PN1650.P39;Petroleum
PN;PN1650.P45;Phaedra
PN;PN1650.P74;Prisons. Prisoners
PN;PN1650.P76;Prometheus
PN;PN1650.Q36;Quantum theory
PN;PN1650.R44;Regicides
PN;PN1650.R48;Revenge
PN;PN1650.R63;Robots
PN;PN1650.S34;Science
PN;PN1650.S48;Sex role
PN;PN1650.S52;Shamanism
PN;PN1650.S63;Space and time
PN;PN1650.T47;Terrorism
PN;PN1650.T5;Theater rehearsals
PN;PN1650.T56;Time
PN;PN1650.T78;Tuberculosis
PN;PN1650.T84;Twins
PN;PN1650.U86;Utopias
PN;PN1650.V34;Vampires
PN;PN1650.V53;Vietnam War, 1961-1975
PN;PN1650.V54;Vigilance (Psychology)
PN;PN1650.V55;Violence
PN;PN1650.W3;War
PN;PN1650.W65;Women
PN;PN1654;Early works through 1800
PN;PN1655;1801-
PN;PN1660;Early through 1800
PN;PN1660.5;Polyglot
PN;PN1661;American and English
PN;PN1662;Dutch
PN;PN1663;French
PN;PN1664;German
PN;PN1665;Italian
PN;PN1666;Scandinavian
PN;PN1667;Slavic
PN;PN1668;Spanish and Portuguese
PN;PN1669.A-Z;Other, A-Z
PN;PN1670;Pamphlets, etc.
PN;PN1672;General works
PN;PN1672.9;Place. Setting
PN;PN1675;Tragic effect. Tragic fault, poetic justice, etc.
PN;PN1676;Deus ex machina
PN;PN1680;Irony
PN;PN1681;Subtext
PN;PN1683;Plot
PN;PN1685;General works
PN;PN1687;Suspense
PN;PN1689;Character treatment
PN;PN1690;Treatment of masses (Crowds, etc.)
PN;PN1691;General works
PN;PN1692;Play within a play
PN;PN1693;Rhythm
PN;PN1694;Dialogue
PN;PN1695;Point of view
PN;PN1696;Offstage action
PN;PN1697;Narration
PN;PN1701;General works
PN;PN1701.5;Audiovisual aids
PN;PN1707;Criticism
PN;PN1707.9;Collective
PN;PN1708.A-Z;Individual, A-Z
PN;PN1711;Characters, heroes, heroines
PN;PN1720;Early through 1800
PN;PN1720.5;Polyglot
PN;PN1721;American and English
PN;PN1722;Dutch
PN;PN1723;French
PN;PN1724;German
PN;PN1725;Italian
PN;PN1726;Scandinavian
PN;PN1727;Slavic
PN;PN1728;Spanish and Portuguese
PN;PN1729.A-Z;Other, A-Z
PN;PN1731;Compends, outlines, etc.
PN;PN1737;Origins of the drama
PN;PN1741;Ancient
PN;PN1751;General works
PN;PN1761;Miracle plays. Mysteries. Passion plays
PN;PN1771;Moralities
PN;PN1785;General works
PN;PN1791;Special
PN;PN1800;Early to 1550
PN;PN1801;1550-1650
PN;PN1811;General works
PN;PN1821;Special
PN;PN1831;17th century
PN;PN1841;18th century
PN;PN1851;19th century
PN;PN1861;20th century
PN;PN1861.2;21st century
PN;PN1865;One-act plays
PN;PN1872;General works
PN;PN1879.A-Z;Special topics, A-Z
PN;PN1879.H65;Holocaust, Jewish (1939-1945)
PN;PN1879.M37;Mary Stuart, Queen of Scots, 1542-1587
PN;PN1879.M67;More, Thomas, Sir, Saint, 1478-1535
PN;PN1880;Religious plays
PN;PN1883;Pastoral drama
PN;PN1892;General works
PN;PN1899.A-Z;Special topics, A-Z
PN;PN1899.A53;Ambiguity
PN;PN1899.C48;Christianity
PN;PN1899.C6;Comic episodes in tragedies (Drama)
PN;PN1899.F27;Family
PN;PN1899.G74;Greek influences
PN;PN1899.M68;Mourning customs
PN;PN1899.W66;Women prisoners
PN;PN1902;General works
PN;PN1909.A-Z;Special topics, A-Z
PN;PN1912;General works
PN;PN1919.A-Z;Special topics, A-Z
PN;PN1922;General works
PN;PN1929.A-Z;Special topics, A-Z
PN;PN1929.B6;Boastfulness
PN;PN1929.C4;Characters and characteristics
PN;PN1929.C5;Closure (Rhetoric)
PN;PN1929.I7;Irony
PN;PN1929.P65;Political aspects
PN;PN1929.S45;Semiotics
PN;PN1929.S53;Slackers
PN;PN1929.S595;Social aspects
PN;PN1929.S6;Social problems
PN;PN1929.W35;War
PN;PN1934;Interludes, masques, etc.
PN;PN1935;Closet drama
PN;PN1936;Monodrama
PN;PN1942;General works
PN;PN1949.A-Z;Special topics, A-Z
PN;PN1949.S7;Striptease
PN;PN1950;Science fiction plays
PN;PN1951;Fantasy drama
PN;PN1952;Detective and mystery plays
PN;PN1953;Horror plays
PN;PN1954;Domestic drama
PN;PN1955;Clowns
PN;PN1962;General works
PN;PN1968.A-Z;By region or country, A-Z
PN;PN1969.A-Z;Special topics, A-Z
PN;PN1969.C3;Cabarets
PN;PN1969.C34;Café chantants
PN;PN1969.C65;Comedy acts. Stand-up comedy
PN;PN1969.D73;Drag shows. Drag performance
PN;PN1969.H85;Human body
PN;PN1969.M5;Minstrel shows
PN;PN1972;General works
PN;PN1978.A-Z;By region or country, A-Z
PN;PN1979.A-Z;Special topics, A-Z
PN;PN1979.B57;Black box theaters
PN;PN1979.E4;Educational puppetry
PN;PN1979.F48;Festivals
PN;PN1979.G84;Guignol
PN;PN1979.K3;Kamishibai. Kamishibai plays
PN;PN1979.K34;Kasper
PN;PN1979.M87;Museums
PN;PN1979.P53;Playbills
PN;PN1979.P9;Punch and Judy, Punchinello, Polichinelle, etc.
PN;PN1979.S5;Shadow plays, Wayang, etc.
PN;PN1979.T6;Toy theaters
PN;PN1979.W57;Women puppeteers
PN;PN1980;English
PN;PN1981;Other
PN;PN1982.A2;Collective
PN;PN1982.A3-Z;Individual, A-Z
PN;PN1985;General works
PN;PN1986.A2;Collective
PN;PN1986.A3-Z;Individual, A-Z
PN;PN1987.A-Z;By region or country, A-Z
PN;PN1988.A-Z;Special topics, A-Z
PN;PN1988.C57;Christmas entertainments
PN;PN1988.H3;Harlequin
PN;PN1990;Periodicals. Societies. Serials
PN;PN1990.2;Congresses
PN;PN1990.3;Collections. Collected essays
PN;PN1990.36;Archives
PN;PN1990.4;Dictionaries
PN;PN1990.5;History
PN;PN1990.55;Vocational guidance
PN;PN1990.6.A-Z;By region or country, A-Z
PN;PN1990.7;Collective
PN;PN1990.72.A-Z;Individual, A-Z
PN;PN1990.8;General works
PN;PN1990.83;General special
PN;PN1990.85;Juvenile works
PN;PN1990.87;Anecdotes, facetiae, etc.
PN;PN1990.9.A-Z;Special topics, A-Z
PN;PN1990.9.A54;Announcing
PN;PN1990.9.A88;Authorship. Technique of script writing
PN;PN1990.9.C45;Children's programs
PN;PN1990.9.C73;Criticism
PN;PN1990.9.E74;Ethnic broadcasting and programs
PN;PN1990.9.H64;Homosexuality. Gays
PN;PN1990.9.L3;Language
PN;PN1990.9.M56;Minorities
PN;PN1990.9.P76;Production and direction
PN;PN1990.9.P82;Public service programs
PN;PN1990.9.T34;Talk shows
PN;PN1990.9.W64;Women
PN;PN1991;Periodicals. Societies. Serials
PN;PN1991.15;Collections
PN;PN1991.2;History
PN;PN1991.3.A-Z;By region or country, A-Z
PN;PN1991.4.A2;Collective
PN;PN1991.4.A3-Z;Individual, A-Z
PN;PN1991.5;General works
PN;PN1991.55;General special
PN;PN1991.57;Juvenile works
PN;PN1991.58;Anecdotes, facetiae, etc.
PN;PN1991.6;Influence. Moral and religious aspects
PN;PN1991.65;The drama in radio
PN;PN1991.66;General works
PN;PN1991.67.A-Z;Special format stations, A-Z
PN;PN1991.67.C64;College radio stations
PN;PN1991.67.M86;Music radio stations
PN;PN1991.67.P67;Popular music stations
PN;PN1991.7;General works
PN;PN1991.73;Radio plays
PN;PN1991.75;Production and direction
PN;PN1991.77.A1;Collections
PN;PN1991.77.A2-Z;Individual, A-Z. By title of program
PN;PN1991.8.A-Z;Other special topics, A-Z
PN;PN1991.8.A32;Acting
PN;PN1991.8.A35;African Americans. Black people
PN;PN1991.8.A6;Announcing
PN;PN1991.8.B66;Book review programs
PN;PN1991.8.C45;Children's programs
PN;PN1991.8.C65;Comedy programs
PN;PN1991.8.D47;Detective and mystery programs
PN;PN1991.8.D63;Documentary programs
PN;PN1991.8.E84;Ethnic broadcasting and programs
PN;PN1991.8.E94;Experimental radio programs
PN;PN1991.8.H63;Holocaust, Jewish (1939-1945)
PN;PN1991.8.H66;Horror radio programs
PN;PN1991.8.I53;Indians
PN;PN1991.8.I57;Interviewing
PN;PN1991.8.L3;Language
PN;PN1991.8.L5;Literature
PN;PN1991.8.M5;Microphone technique
PN;PN1991.8.P6;Poetry and radio
PN;PN1991.8.P65;Police
PN;PN1991.8.P79;Psychic reading programs
PN;PN1991.8.P83;Public service programs
PN;PN1991.8.Q58;Quiz shows. Game shows
PN;PN1991.8.R48;Rhetoric
PN;PN1991.8.S34;Science fiction programs
PN;PN1991.8.S4;Serials. Soap operas
PN;PN1991.8.S44;Sex
PN;PN1991.8.S46;Sex role
PN;PN1991.8.S69;Sound effects
PN;PN1991.8.S87;Supernatural
PN;PN1991.8.T35;Talk shows
PN;PN1991.8.W47;Westerns
PN;PN1991.8.W65;Women
PN;PN1991.9;Miscellaneous works
PN;PN1992;Periodicals. Societies. Serials
PN;PN1992.13;Congresses
PN;PN1992.15;Collections
PN;PN1992.16;Archives
PN;PN1992.18;Dictionaries
PN;PN1992.2;History
PN;PN1992.3.A-Z;By region or country, A-Z
PN;PN1992.4.A2;Collective
PN;PN1992.4.A3-Z;Individual, A-Z
PN;PN1992.45;Study and teaching
PN;PN1992.5;General works
PN;PN1992.55;General special
PN;PN1992.56;Relation to history
PN;PN1992.57;Juvenile works
PN;PN1992.58;Anecdotes. Humor. Quotations, maxims, etc.
PN;PN1992.6;Influence. Political, moral, social, and religious aspects
PN;PN1992.63;Motion pictures and television
PN;PN1992.65;Drama in television
PN;PN1992.655;Literature and television
PN;PN1992.66;Performing arts and television
PN;PN1992.7;Authorship. Technique of script writing. Selling the script
PN;PN1992.75;Production and direction
PN;PN1992.77.A1;Collections
PN;PN1992.77.A2-Z;Individual programs. By title of program, A-Z
PN;PN1992.78;General works
PN;PN1992.783.A-Z;By place, A-Z
PN;PN1992.8.A-Z;Other special topics, A-Z
PN;PN1992.8.A3;Acting
PN;PN1992.8.A317;Action and adventure programs
PN;PN1992.8.A32;Advertising of television programs
PN;PN1992.8.A34;African Americans. Black people
PN;PN1992.8.A37;Aging
PN;PN1992.8.A58;Animals
PN;PN1992.8.A59;Animated programs
PN;PN1992.8.A6;Announcing. Voice-overs
PN;PN1992.8.A65;Antiheroes
PN;PN1992.8.A67;Apocalyptic television programs
PN;PN1992.8.A7;Arabs
PN;PN1992.8.A75;Art
PN;PN1992.8.A76;Art direction
PN;PN1992.8.A78;Asian Americans
PN;PN1992.8.B35;Battlestar Galactica television programs
PN;PN1992.8.B54;Big Brother television programs
PN;PN1992.8.B64;Body, Human
PN;PN1992.8.B87;Businessmen
PN;PN1992.8.C36;Casting
PN;PN1992.8.C45;Children
PN;PN1992.8.C46;Children's programs
PN;PN1992.8.C5;Christmas
PN;PN1992.8.C55;Clergy
PN;PN1992.8.C56;Clothing and dress
PN;PN1992.8.C64;Collectibles
PN;PN1992.8.C65;Collective memory
PN;PN1992.8.C66;Comedy programs
PN;PN1992.8.C67;Commissario Montalbano television programs
PN;PN1992.8.C68;Cooking shows
PN;PN1992.8.C688;Country life
PN;PN1992.8.C69;Courtesy
PN;PN1992.8.C7;Criticism
PN;PN1992.8.C83;Cult television programs
PN;PN1992.8.C84;Cultural television programs. Arts television programs
PN;PN1992.8.D3;Dance parties
PN;PN1992.8.D4;Death
PN;PN1992.8.D43;Degrassi television programs
PN;PN1992.8.D48;Detective and mystery programs
PN;PN1992.8.D6;Documentary programs
PN;PN1992.8.D72;Dreams
PN;PN1992.8.D74;Drinking of alcoholic beverages
PN;PN1992.8.D97;Dystopian television programs
PN;PN1992.8.E46;Emotions
PN;PN1992.8.E55;Enlightenment
PN;PN1992.8.E84;Ethnic broadcasting and programs
PN;PN1992.8.E85;Ethnicity (as a theme)
PN;PN1992.8.E93;Evaluation
PN;PN1992.8.F325;Fairy tales
PN;PN1992.8.F33;Family and family life
PN;PN1992.8.F35;Fantastic programs
PN;PN1992.8.F37;Fathers
PN;PN1992.8.F5;Films in programming
PN;PN1992.8.F57;Firefighters
PN;PN1992.8.F58;First responders
PN;PN1992.8.F66;Food
PN;PN1992.8.F67;Foreign programs
PN;PN1992.8.G39;Gay men
PN;PN1992.8.G46;Gender nonconformity
PN;PN1992.8.G47;Germany
PN;PN1992.8.G57;Girls
PN;PN1992.8.G66;Globalization
PN;PN1992.8.G7;Graphics
PN;PN1992.8.H36;Handicapped. People with disabilities
PN;PN1992.8.H54;Hispanic Americans
PN;PN1992.8.H56;Historical programs
PN;PN1992.8.H57;HIV infections
PN;PN1992.8.H63;Holocaust, Jewish (1939-1945)
PN;PN1992.8.H64;Homosexuality
PN;PN1992.8.H67;Horror
PN;PN1992.8.I45;Immigrants
PN;PN1992.8.I47;Imperialism
PN;PN1992.8.I64;Indians
PN;PN1992.8.I65;Infotainment
PN;PN1992.8.I66;Intellect
PN;PN1992.8.I68;Interviewing
PN;PN1992.8.J39;Jazz
PN;PN1992.8.J48;Jews
PN;PN1992.8.J87;Justice. Law
PN;PN1992.8.L35;Language
PN;PN1992.8.L43;Leadership
PN;PN1992.8.L47;Lesbianism
PN;PN1992.8.L5;Lighting
PN;PN1992.8.L54;Lincoln, Abraham
PN;PN1992.8.L57;Literacy
PN;PN1992.8.L58;Live television programs
PN;PN1992.8.M33;Magazine format
PN;PN1992.8.M36;Makeup
PN;PN1992.8.M374;Marginality, Social
PN;PN1992.8.M38;Masculinity
PN;PN1992.8.M388;Mediation
PN;PN1992.8.M43;Medicine
PN;PN1992.8.M45;Memory
PN;PN1992.8.M46;Mental illness
PN;PN1992.8.M52;Middle West
PN;PN1992.8.M53;Militarism
PN;PN1992.8.M54;Minorities
PN;PN1992.8.M58;Mothers
PN;PN1992.8.M6;Motion-picture cartoons
PN;PN1992.8.M87;Music
PN;PN1992.8.N35;Nanny television programs
PN;PN1992.8.N37;National socialism
PN;PN1992.8.N65;Nonverbal communication
PN;PN1992.8.N67;Nostalgia
PN;PN1992.8.N87;Nurses
PN;PN1992.8.O24;Obesity
PN;PN1992.8.O27;Occupations (as a theme)
PN;PN1992.8.O72;Organizational behavior
PN;PN1992.8.P33;Peanuts television programs
PN;PN1992.8.P4;Personal appearance
PN;PN1992.8.P54;Pilot programs
PN;PN1992.8.P58;Pink Panther programs
PN;PN1992.8.P585;Politics (as a theme)
PN;PN1992.8.P6;Poverty
PN;PN1992.8.P74;Preteens
PN;PN1992.8.P75;Prisons
PN;PN1992.8.P8;Public service programs
PN;PN1992.8.P83;Public speaking
PN;PN1992.8.P86;Puppets. Puppet plays
PN;PN1992.8.P95;Pyramids (Gymnastics)
PN;PN1992.8.Q5;Quiz shows. Game shows
PN;PN1992.8.R24;Race
PN;PN1992.8.R26;Rape
PN;PN1992.8.R3;Rating
PN;PN1992.8.R32;Real Housewives television programs
PN;PN1992.8.R4;Realism
PN;PN1992.8.R43;Reality programs
PN;PN1992.8.R45;Religion
PN;PN1992.8.R47;Reruns
PN;PN1992.8.R87;Rural comedies
PN;PN1992.8.S33;Science
PN;PN1992.8.S35;Science fiction
PN;PN1992.8.S36;Scooby-Doo television programs
PN;PN1992.8.S37;Sensationalism
PN;PN1992.8.S374;Senses and sensation
PN;PN1992.8.S38;September 11 Terrorist Attacks, 2001
PN;PN1992.8.S39;Serial murderers
PN;PN1992.8.S4;Serials. Series. Soap operas. Telenovelas
PN;PN1992.8.S43;Sex
PN;PN1992.8.S44;Sex role
PN;PN1992.8.S45;Sexual minorities
PN;PN1992.8.S58;Southern States
PN;PN1992.8.S62;Spacebridges
PN;PN1992.8.S64;Special programs. Specials
PN;PN1992.8.S67;Spy television programs
PN;PN1992.8.S7;Stage-setting
PN;PN1992.8.S74;Star Trek television programs
PN;PN1992.8.S78;Student television
PN;PN1992.8.S84;Suffering
PN;PN1992.8.S87;Supernatural
PN;PN1992.8.T3;Talk shows
PN;PN1992.8.T43;Teachers
PN;PN1992.8.T44;Telethons
PN;PN1992.8.T45;Television adaptations
PN;PN1992.8.T47;Terrorism
PN;PN1992.8.T56;Time (as a theme)
PN;PN1992.8.T75;Travel
PN;PN1992.8.T78;True crime programs
PN;PN1992.8.V3;Variety shows
PN;PN1992.8.V55;Violence
PN;PN1992.8.W36;Weddings
PN;PN1992.8.W4;Westerns
PN;PN1992.8.W47;White people
PN;PN1992.8.W58;Witches
PN;PN1992.8.W65;Women
PN;PN1992.8.Y68;Youth. Teenagers
PN;PN1992.9;Miscellaneous works
PN;PN1992.92.A-Z;Individual corporations, A-Z
PN;PN1992.922;Periodicals
PN;PN1992.9225;Congresses
PN;PN1992.923;General works
PN;PN1992.9233.A-Z;By region or country, A-Z
PN;PN1992.9235;Collective
PN;PN1992.9236.A-Z;Individual, A-Z
PN;PN1992.924;General works
PN;PN1992.9245;Juvenile works
PN;PN1992.925.A-Z;Programs. Scripts. By title of program, A-Z
PN;PN1992.926.A-Z;Special topics, A-Z
PN;PN1992.926.A87;Authorship. Technique
PN;PN1992.926.P65;Political aspects
PN;PN1992.926.P76;Production and direction
PN;PN1992.926.R45;Religious aspects
PN;PN1992.927.A-Z;Individual corporations, A-Z
PN;PN1992.93;Periodicals. Societies. Serials
PN;PN1992.934.A-Z;By region or country, A-Z
PN;PN1992.935;General works
PN;PN1992.94;Production and direction
PN;PN1992.945;Other special
PN;PN1992.95;Catalogs
PN;PN1993;Periodicals. Societies. Serials
PN;PN1993.4;General works
PN;PN1993.42.A-Z;By region or country, A-Z
PN;PN1993.43.A-Z;Individual museums, archives, exhibitions, festivals, etc. By place, A-Z
PN;PN1993.44.A-Z;Special topics, A-Z
PN;PN1993.44.G39;Gay and lesbian film festivals
PN;PN1993.44.H83;Human rights film festivals
PN;PN1993.44.J48;Jewish film festivals
PN;PN1993.45;Dictionaries
PN;PN1993.5.A1;General works
PN;PN1993.5.A3-Z;By region or country, A-Z
PN;PN1993.5.E19;East Asia
PN;PN1993.5.I8;India
PN;PN1993.5.I84;Indonesia
PN;PN1993.5.S64;South Asia
PN;PN1993.5.S644;Southeast Asia
PN;PN1993.5.T5;Thailand
PN;PN1993.5.U6;General
PN;PN1993.5.U65;Hollywood, Calif.
PN;PN1993.5.U7-.U8;Other local. By state
PN;PN1993.6;Portuguese-speaking countries
PN;PN1993.7;General works
PN;PN1993.75;Audiovisual aids about motion pictures
PN;PN1993.8.A-Z;By region or country, A-Z
PN;PN1993.85;Examinations, questions, etc.
PN;PN1993.9;General and international
PN;PN1993.92;United States
PN;PN1993.93.A-Z;Other regions or countries, A-Z
PN;PN1994.A52-Z;General works
PN;PN1994.5;Juvenile literature
PN;PN1994.9;Anecdotes, facetiae, satire
PN;PN1995;General special
PN;PN1995.2;Relation to history
PN;PN1995.25;Relation to the arts
PN;PN1995.3;Relation to literature
PN;PN1995.4;Relation to language
PN;PN1995.5;Relation to ethics, etc.
PN;PN1995.6;General works
PN;PN1995.62;General works
PN;PN1995.63.A-.W;By state, A-W
PN;PN1995.64.A-Z;By city, A-Z
PN;PN1995.65.A-Z;Other regions or countries, A-Z
PN;PN1995.67.A1;General works
PN;PN1995.67.A3-Z;By place, A-Z
PN;PN1995.7;Pictures and sound. Talking pictures
PN;PN1995.75;Silent films
PN;PN1995.8;Amateur motion pictures
PN;PN1995.85;Virtual reality films
PN;PN1995.9.A-Z;Other special topics, A-Z
PN;PN1995.9.A24;Abbott and Costello films
PN;PN1995.9.A25;Abjection
PN;PN1995.9.A255;Accents and accentuation
PN;PN1995.9.A26;Acting. Auditions
PN;PN1995.9.A28;Adoption
PN;PN1995.9.A3;Adventure films
PN;PN1995.9.A43;Africa
PN;PN1995.9.A433;Aging
PN;PN1995.9.A435;AIDS (Disease)
PN;PN1995.9.A437;Airplanes
PN;PN1995.9.A44;Alamo (San Antonio, Tex.)
PN;PN1995.9.A443;Alcatraz Island (Calif.)
PN;PN1995.9.A45;Alcoholism
PN;PN1995.9.A457;Alien films
PN;PN1995.9.A46;Alien (Foreign) workers
PN;PN1995.9.A47;Alienation (Social psychology). Rebels
PN;PN1995.9.A48;Aliens
PN;PN1995.9.A483;Amateur films (as a theme)
PN;PN1995.9.A4835;American Dream
PN;PN1995.9.A48354;Amharc Éireann films
PN;PN1995.9.A484;Amnesia
PN;PN1995.9.A487;Anarchism
PN;PN1995.9.A488;Androids
PN;PN1995.9.A49;Angélique films
PN;PN1995.9.A495;Angola
PN;PN1995.9.A5;Animals
PN;PN1995.9.A54;Anti-communist movements
PN;PN1995.9.A55;Antisemitism
PN;PN1995.9.A64;Apocalyptic films
PN;PN1995.9.A68;Arabs
PN;PN1995.9.A69;Archaeology
PN;PN1995.9.A695;Architects
PN;PN1995.9.A6955;Arctic regions
PN;PN1995.9.A7;Argentina
PN;PN1995.9.A72;Armed Forces
PN;PN1995.9.A723;Armenian massacres
PN;PN1995.9.A73;Art and the arts
PN;PN1995.9.A74;Art direction
PN;PN1995.9.A75;Arthur and Arthurian romances
PN;PN1995.9.A76;Artists
PN;PN1995.9.A77;Asian Americans
PN;PN1995.9.A78;Asians
PN;PN1995.9.A8;Audiences
PN;PN1995.9.A83;Auschwitz (Concentration camp)
PN;PN1995.9.A835;Australians, Aboriginal
PN;PN1995.9.A836;Austria
PN;PN1995.9.A837;Auteur theory
PN;PN1995.9.A84;Authors
PN;PN1995.9.A845;Autism
PN;PN1995.9.A85;Automobiles. Motor vehicles
PN;PN1995.9.A93;Avarice
PN;PN1995.9.B2;B films
PN;PN1995.9.B26;Back to the Future films
PN;PN1995.9.B28;Baseball films
PN;PN1995.9.B29;Basques
PN;PN1995.9.B3;Baths
PN;PN1995.9.B34;Batman films
PN;PN1995.9.B38;Beach party films
PN;PN1995.9.B384;Beaches
PN;PN1995.9.B39;Beauty and the Beast (Tale)
PN;PN1995.9.B42;Beauty, Personal
PN;PN1995.9.B46;Berber films
PN;PN1995.9.B47;Berlin (Germany)
PN;PN1995.9.B53;Bible films
PN;PN1995.9.B54;Billy, the Kid
PN;PN1995.9.B545;Bioethics
PN;PN1995.9.B55;Biographical films
PN;PN1995.9.B57;Bisexuality
PN;PN1995.9.B575;Black and white films
PN;PN1995.9.B58;Black Lagoon films
PN;PN1995.9.B585;Black people. African Americans
PN;PN1995.9.B59;Blind
PN;PN1995.9.B598;Blockbusters
PN;PN1995.9.B6;Blood
PN;PN1995.9.B62;Body, Human
PN;PN1995.9.B63;Bogotá (Colombia)
PN;PN1995.9.B635;Bolivia
PN;PN1995.9.B64;Bondage (Sexual behavior)
PN;PN1995.9.B67;Boundaries. Borderlands
PN;PN1995.9.B675;Bourekas films
PN;PN1995.9.B68;Bowery Boys films
PN;PN1995.9.B69;Boxing
PN;PN1995.9.B7;Boys
PN;PN1995.9.B72;Brazil
PN;PN1995.9.B76;Brooklyn
PN;PN1995.9.B79;Buchenwald (Concentration camp)
PN;PN1995.9.B795;Buddhism
PN;PN1995.9.B8;Bullfights
PN;PN1995.9.B85;Bureaucracy
PN;PN1995.9.B865;Bushrangers
PN;PN1995.9.B87;Business
PN;PN1995.9.C32;Calabria (Italy)
PN;PN1995.9.C325;California
PN;PN1995.9.C327;Calligraphy
PN;PN1995.9.C33;Canada
PN;PN1995.9.C332;Cannibalism
PN;PN1995.9.C3325;Capital punishment
PN;PN1995.9.C33255;Capitalism
PN;PN1995.9.C333;Captivity
PN;PN1995.9.C334;Carmen films
PN;PN1995.9.C3343;Carnival (Festival)
PN;PN1995.9.C3344;Carnivals (Amusements)
PN;PN1995.9.C335;Carry on films
PN;PN1995.9.C34;Casting
PN;PN1995.9.C343;Castles
PN;PN1995.9.C344;Castration anxiety
PN;PN1995.9.C345;Catastrophical, The
PN;PN1995.9.C35;Catholic Church. Catholics
PN;PN1995.9.C355;Central America. Central Americans
PN;PN1995.9.C36;Characters and characteristics
PN;PN1995.9.C37;Charlie Chan films
PN;PN1995.9.C39;Child sexual abuse
PN;PN1995.9.C45;Children and adolescents
PN;PN1995.9.C47;China
PN;PN1995.9.C475;Chinatowns
PN;PN1995.9.C48;Chinese
PN;PN1995.9.C49;Christianity. Christians
PN;PN1995.9.C5113;Christmas
PN;PN1995.9.C5118;Cinéma vérité
PN;PN1995.9.C512;Circus
PN;PN1995.9.C5125;Cisco Kid
PN;PN1995.9.C5126;Cities and towns, Ancient
PN;PN1995.9.C5128;Citizenship
PN;PN1995.9.C513;City and town life
PN;PN1995.9.C514;Civil defense
PN;PN1995.9.C515;Civilization, Ancient
PN;PN1995.9.C517;Civilization, Assyro-Babylonian
PN;PN1995.9.C52;Clergy
PN;PN1995.9.C523;Clichés
PN;PN1995.9.C525;Closure (Rhetoric)
PN;PN1995.9.C53;Collectibles. Memorabilia
PN;PN1995.9.C54;Collecting of motion pictures
PN;PN1995.9.C543;College life films
PN;PN1995.9.C544;College teachers
PN;PN1995.9.C546;Colors
PN;PN1995.9.C55;Comedy
PN;PN1995.9.C552;Comfort women
PN;PN1995.9.C553;Composers
PN;PN1995.9.C555;Conspiracy
PN;PN1995.9.C556;Contemporary, The
PN;PN1995.9.C558;Cosmopolitanism
PN;PN1995.9.C56;Costume
PN;PN1995.9.C57;Counterculture
PN;PN1995.9.C58;Country life
PN;PN1995.9.C63;Courage
PN;PN1995.9.C65;Credit titles
PN;PN1995.9.C66;Crime films
PN;PN1995.9.C67;Crowds
PN;PN1995.9.C7;Cruelty
PN;PN1995.9.C84;Cult films
PN;PN1995.9.C844;Cultural fusion
PN;PN1995.9.C847;Culture
PN;PN1995.9.C85;Culture conflict
PN;PN1995.9.C9;Cyborgs
PN;PN1995.9.D35;Deaf
PN;PN1995.9.D37;Death
PN;PN1995.9.D38;Dentists
PN;PN1995.9.D385;Depth (Philosophy)
PN;PN1995.9.D39;Desire
PN;PN1995.9.D4;Detective and mystery films
PN;PN1995.9.D44;Developing countries
PN;PN1995.9.D46;Devil
PN;PN1995.9.D49;Dialogue
PN;PN1995.9.D52;Dinners and dining
PN;PN1995.9.D53;Dinosaurs
PN;PN1995.9.D54;Dirty Harry films
PN;PN1995.9.D55;Disasters
PN;PN1995.9.D554;Discomfort (Psychology)
PN;PN1995.9.D555;Discrimination
PN;PN1995.9.D56;Diseases
PN;PN1995.9.D57;Distribution of motion pictures
PN;PN1995.9.D58;Doctor Mabuse films
PN;PN1995.9.D6;Documentary films
PN;PN1995.9.D62;Documentary-style films
PN;PN1995.9.D625;Don Camillo films
PN;PN1995.9.D63;Don Juan films
PN;PN1995.9.D633;Don Quixote
PN;PN1995.9.D634;Donets Basin (Ukraine and Russia)
PN;PN1995.9.D6345;Double features
PN;PN1995.9.D635;Doubles
PN;PN1995.9.D64;Dracula
PN;PN1995.9.D67;Dreams
PN;PN1995.9.D68;Drifters
PN;PN1995.9.D777;Drug traffic
PN;PN1995.9.D78;Drugs
PN;PN1995.9.D84;Dwellings
PN;PN1995.9.D97;Dystopian films
PN;PN1995.9.E23;East Asia. East Asians
PN;PN1995.9.E25;Ecclesiastical law
PN;PN1995.9.E27;Economics
PN;PN1995.9.E32;Egypt
PN;PN1995.9.E34;Eighteenth century
PN;PN1995.9.E38;Electronic surveillance
PN;PN1995.9.E42;Elizabeth I, Queen of England,1533-1603
PN;PN1995.9.E44;Emigration and immigration
PN;PN1995.9.E45;Emotional maturity
PN;PN1995.9.E46;Emotions
PN;PN1995.9.E47;Emperors
PN;PN1995.9.E54;Enemies
PN;PN1995.9.E77;Entertainers
PN;PN1995.9.E777;Environmental degradation
PN;PN1995.9.E78;Environmentalism
PN;PN1995.9.E79;Epic films
PN;PN1995.9.E793;Epidemics
PN;PN1995.9.E83;Eskimos
PN;PN1995.9.E86;Etiquette
PN;PN1995.9.E87;Etna, Mount (Italy)
PN;PN1995.9.E9;Evaluation
PN;PN1995.9.E93;Evil
PN;PN1995.9.E935;Evil Dead films
PN;PN1995.9.E94;Evolution
PN;PN1995.9.E945;Existentialism
PN;PN1995.9.E947;Exorcism
PN;PN1995.9.E95;Exoticism
PN;PN1995.9.E96;Experimental films
PN;PN1995.9.E963;Explorers
PN;PN1995.9.E965;Expressionism
PN;PN1995.9.E97;Extras (Actors)
PN;PN1995.9.E974;Extraterrestrial beings
PN;PN1995.9.F27;Face
PN;PN1995.9.F34;Fairy tales
PN;PN1995.9.F347;Fame
PN;PN1995.9.F35;Family
PN;PN1995.9.F355;Fan films
PN;PN1995.9.F36;Fantastic films
PN;PN1995.9.F38;Fantômas films
PN;PN1995.9.F39;Fantozzi films
PN;PN1995.9.F396;Fascism
PN;PN1995.9.F398;Fast and Furious films
PN;PN1995.9.F42;Fathers and sons. Fatherhood
PN;PN1995.9.F43;Fear
PN;PN1995.9.F44;Femmes fatales
PN;PN1995.9.F53;Film commissions
PN;PN1995.9.F54;Films noirs
PN;PN1995.9.F543;Film within a film
PN;PN1995.9.F545;Financial services industry
PN;PN1995.9.F55;Flagellation
PN;PN1995.9.F556;Flamenco
PN;PN1995.9.F557;Flaneurs
PN;PN1995.9.F558;Flash Gordon films
PN;PN1995.9.F56;Flashbacks
PN;PN1995.9.F58;Flight. Aeronautics
PN;PN1995.9.F65;Food
PN;PN1995.9.F67;Foreign films
PN;PN1995.9.F78;France
PN;PN1995.9.F79;Francis, of Assisi, Saint, 1182-1226
PN;PN1995.9.F795;Frank, Leo, 1884-1915
PN;PN1995.9.F8;Frankenstein
PN;PN1995.9.F825;Free will and determinism
PN;PN1995.9.F83;Friday the 13th films
PN;PN1995.9.F833;Friendship
PN;PN1995.9.F848;Future life
PN;PN1995.9.F85;Futurism in motion pictures
PN;PN1995.9.G26;Gambling
PN;PN1995.9.G3;Gangster films
PN;PN1995.9.G33;Gardens
PN;PN1995.9.G35;Gay pornographic films
PN;PN1995.9.G37;Genocide
PN;PN1995.9.G39;Geopolitics
PN;PN1995.9.G43;German reunification question (1949-1990)
PN;PN1995.9.G45;Germans
PN;PN1995.9.G48;Gesture
PN;PN1995.9.G52;Ghostbusters films
PN;PN1995.9.G57;Girls
PN;PN1995.9.G58;Global Financial Crisis, 2008-2009
PN;PN1995.9.G59;Globalization
PN;PN1995.9.G6;Godfather films
PN;PN1995.9.G63;Godzilla
PN;PN1995.9.G66;Gogh, Vincent van, 1853-1890
PN;PN1995.9.G73;Grail
PN;PN1995.9.G74;Greece
PN;PN1995.9.G76;Grotesque
PN;PN1995.9.G84;Guerrillas
PN;PN1995.9.H25;Hairdressing
PN;PN1995.9.H26;Halloween films
PN;PN1995.9.H295;Hand-to-hand fighting
PN;PN1995.9.H3;Hand-to-hand fighting, Oriental. Martial arts films
PN;PN1995.9.H34;Handicapped. People with disabilities
PN;PN1995.9.H36;Happiness
PN;PN1995.9.H364;Harry Potter films
PN;PN1995.9.H367;Haunted houses
PN;PN1995.9.H37;Hausa films
PN;PN1995.9.H38;Hawaii
PN;PN1995.9.H39;Health
PN;PN1995.9.H4;Heimatfilme
PN;PN1995.9.H42;Hellraiser films
PN;PN1995.9.H43;Helsinki (Finland)
PN;PN1995.9.H44;Heroes
PN;PN1995.9.H45;Heterosexuality
PN;PN1995.9.H46;Hip-hop
PN;PN1995.9.H47;Hispanic Americans
PN;PN1995.9.H5;Historical films
PN;PN1995.9.H514;Hitler, Adolf, 1889-1945
PN;PN1995.9.H52;Hô Chí Minh, 1890-1969
PN;PN1995.9.H5225;Hockey films
PN;PN1995.9.H525;Holliday, John Henry, 1851-1887
PN;PN1995.9.H53;Holocaust, Jewish (1939-1945)
PN;PN1995.9.H535;Holy fools
PN;PN1995.9.H54;Home
PN;PN1995.9.H55;Homosexuality
PN;PN1995.9.H56;Hopalong Cassidy films
PN;PN1995.9.H6;Horror films
PN;PN1995.9.H65;Horse racing
PN;PN1995.9.H68;Hotels. Motels
PN;PN1995.9.H69;House furnishings
PN;PN1995.9.H76;Human ecology
PN;PN1995.9.H79;Human experimentation in medicine
PN;PN1995.9.H826;Human reproduction
PN;PN1995.9.H83;Human rights
PN;PN1995.9.H833;Human trafficking
PN;PN1995.9.H835;Humor
PN;PN1995.9.H84;Hunting
PN;PN1995.9.H95;Hypnotism
PN;PN1995.9.I34;Identity (Psychology)
PN;PN1995.9.I42;Imperialism
PN;PN1995.9.I43;Impersonators
PN;PN1995.9.I45;Impressionism
PN;PN1995.9.I457;Independent films
PN;PN1995.9.I46;India
PN;PN1995.9.I47;Indiana Jones films
PN;PN1995.9.I48;Indians
PN;PN1995.9.I49;Indigenous peoples. Indigenous films
PN;PN1995.9.I53;Inquisition
PN;PN1995.9.I54;Intellectual property
PN;PN1995.9.I55;Intercultural communication
PN;PN1995.9.I57;International relations
PN;PN1995.9.I573;Internet (as a theme)
PN;PN1995.9.I575;Intimacy (Psychology)
PN;PN1995.9.I58;Introspection
PN;PN1995.9.I59;Invisibility
PN;PN1995.9.I65;Ireland
PN;PN1995.9.I67;Irish Americans
PN;PN1995.9.I68;Irish question
PN;PN1995.9.I684;Irish Republican Army
PN;PN1995.9.I686;Iron Man films
PN;PN1995.9.I69;Ischia Island
PN;PN1995.9.I697;Islam. Muslims
PN;PN1995.9.I698;Islands
PN;PN1995.9.I7;Islands of the Pacific
PN;PN1995.9.I72;Israel
PN;PN1995.9.I725;Istanbul. Constantinople
PN;PN1995.9.I73;Italian Americans
PN;PN1995.9.I75;Italy
PN;PN1995.9.J23;Jack, the Ripper
PN;PN1995.9.J28;Jamaica
PN;PN1995.9.J3;James Bond films
PN;PN1995.9.J32;James, Jesse, 1847-1882
PN;PN1995.9.J34;Japan
PN;PN1995.9.J37;Jazz. Jazz films
PN;PN1995.9.J38;Jazz musicians
PN;PN1995.9.J4;Jesus Christ
PN;PN1995.9.J45;Jewish-Arab relations
PN;PN1995.9.J46;Jews
PN;PN1995.9.J57;Joan, of Arc, Saint, 1412=1431
PN;PN1995.9.J6;Journalists. Journalism
PN;PN1995.9.J8;Justice. Law
PN;PN1995.9.J87;Juvenile delinquency
PN;PN1995.9.K35;Kanagawa-ken (Japan)
PN;PN1995.9.K55;King Kong films
PN;PN1995.9.K57;Kissing
PN;PN1995.9.K67;Korean reunification question (1945- )
PN;PN1995.9.K75;Ku Klux Klan
PN;PN1995.9.K87;Kurds
PN;PN1995.9.K93;Kwangju Uprising, Kwangju-si, Korea, 1980
PN;PN1995.9.K95;Kyūshū Region (Japan)
PN;PN1995.9.L28;Labor. Working class
PN;PN1995.9.L282;Labor laws and legislation
PN;PN1995.9.L285;Labyrinths
PN;PN1995.9.L29;Landscapes
PN;PN1995.9.L37;Latin America. Latin Americans
PN;PN1995.9.L38;Latin lovers
PN;PN1995.9.L39;Laughter
PN;PN1995.9.L395;Laziness
PN;PN1995.9.L43;Leadership
PN;PN1995.9.L46;Lenin, Vladimir Ilʹich, 1870-1924
PN;PN1995.9.L48;Lesbianism
PN;PN1995.9.L49;Libraries
PN;PN1995.9.L53;Lincoln, Abraham, 1809-1865
PN;PN1995.9.L55;Lisbon (Portugal)
PN;PN1995.9.L57;London (England)
PN;PN1995.9.L58;Lord of the Rings films
PN;PN1995.9.L59;Loss (Psychology)
PN;PN1995.9.L595;Lost films
PN;PN1995.9.L6;Love
PN;PN1995.9.L87;Lust
PN;PN1995.9.M18;Machinery
PN;PN1995.9.M187;Mad Max films
PN;PN1995.9.M2;Mad scientist films
PN;PN1995.9.M23;Mafia
PN;PN1995.9.M25;Makeup
PN;PN1995.9.M26;Malta
PN;PN1995.9.M27;Man-woman relationships
PN;PN1995.9.M275;Manic-depressive illness
PN;PN1995.9.M28;Maps
PN;PN1995.9.M283;Marijuana
PN;PN1995.9.M285;Marionettes
PN;PN1995.9.M29;Marketing
PN;PN1995.9.M3;Marriage. Weddings
PN;PN1995.9.M315;Mars (Planet)
PN;PN1995.9.M32;Marseille (France)
PN;PN1995.9.M33;Marx Brothers films
PN;PN1995.9.M334;Mary, Blessed Virgin, Saint
PN;PN1995.9.M34;Masculinity
PN;PN1995.9.M36;Masks
PN;PN1995.9.M38;Masochism
PN;PN1995.9.M39;Mass media
PN;PN1995.9.M393;Masturbation
PN;PN1995.9.M395;Mathematics
PN;PN1995.9.M43;Medici, House of
PN;PN1995.9.M44;Medicine. Medical sciences
PN;PN1995.9.M445;Melancholy
PN;PN1995.9.M45;Melodrama
PN;PN1995.9.M455;Memory
PN;PN1995.9.M46;Men
PN;PN1995.9.M4613;Men in Black film franchise
PN;PN1995.9.M4615;Men, White
PN;PN1995.9.M4618;Menstruation
PN;PN1995.9.M462;Mental health personnel
PN;PN1995.9.M463;Mental illness
PN;PN1995.9.M468;Mesrine, Jacques, 1936-1979
PN;PN1995.9.M472;Metaphor
PN;PN1995.9.M48;Mexican-American Border region
PN;PN1995.9.M49;Mexican-Americans
PN;PN1995.9.M5;Mexico
PN;PN1995.9.M52;Middle Ages
PN;PN1995.9.M523;Middle East
PN;PN1995.9.M527;Milan (Italy)
PN;PN1995.9.M53;Mimesis
PN;PN1995.9.M54;Miners
PN;PN1995.9.M56;Minorities
PN;PN1995.9.M565;Mirrors
PN;PN1995.9.M57;Miscegenation
PN;PN1995.9.M575;Missing children
PN;PN1995.9.M58;Mockbusters
PN;PN1995.9.M59;Money
PN;PN1995.9.M6;Monsters
PN;PN1995.9.M623;Moon
PN;PN1995.9.M626;Morocco
PN;PN1995.9.M627;Moscow (Russia)
PN;PN1995.9.M63;Mothers. Mothers and daughters
PN;PN1995.9.M64;Mothra films
PN;PN1995.9.M65;Motion picture industry in motion pictures
PN;PN1995.9.M66;Motorcycles. Biker films
PN;PN1995.9.M67;Mountain whites (Southern States). Appalachians (People)
PN;PN1995.9.M68;Mountains
PN;PN1995.9.M683;Mourning customs
PN;PN1995.9.M685;Movement, Aesthetics of
PN;PN1995.9.M69;Moviemaking (as a theme)
PN;PN1995.9.M79;Multiculturalism
PN;PN1995.9.M83;Mummies
PN;PN1995.9.M835;Murder
PN;PN1995.9.M84;Museums
PN;PN1995.9.M86;Musical films. Rock musical films
PN;PN1995.9.M96;Myth
PN;PN1995.9.M97;Mythology
PN;PN1995.9.N3;Naples (Italy)
PN;PN1995.9.N32;Napoleon I, Emperor of the French, 1769-1821
PN;PN1995.9.N33;National characteristics
PN;PN1995.9.N34;National characteristics, American
PN;PN1995.9.N35;National characteristics, Australian
PN;PN1995.9.N352;National characteristics, British
PN;PN1995.9.N353;National characteristics, East Asian
PN;PN1995.9.N354;National characteristics, German
PN;PN1995.9.N355;National characteristics, Japanese
PN;PN1995.9.N358;National characteristics, Scandinavian
PN;PN1995.9.N3585;National security
PN;PN1995.9.N36;National socialism. Nazis
PN;PN1995.9.N37;Nationalism
PN;PN1995.9.N38;Nature films
PN;PN1995.9.N47;New Deal, 1933-1939
PN;PN1995.9.N49;New York
PN;PN1995.9.N494;New Zealand
PN;PN1995.9.N53;Nightmare on Elm Street films
PN;PN1995.9.N55;Nihilism (Philosophy)
PN;PN1995.9.N57;Niskavuori films
PN;PN1995.9.N59;Nixon, Richard M. (Richard Milhous), 1913-
PN;PN1995.9.N66;North Africans
PN;PN1995.9.N663;North (The concept)
PN;PN1995.9.N664;Northern Ireland
PN;PN1995.9.N67;Nostalgia
PN;PN1995.9.N92;Nudity
PN;PN1995.9.N95;Nuns
PN;PN1995.9.O25;Object (Philosophy)
PN;PN1995.9.O28;Occultism
PN;PN1995.9.O43;Older people
PN;PN1995.9.O64;Opera
PN;PN1995.9.O75;Organizational behavior
PN;PN1995.9.O76;Orphans
PN;PN1995.9.O77;Other (Philosophy)
PN;PN1995.9.O8;Our Gang films
PN;PN1995.9.O84;Outlaws
PN;PN1995.9.P23;Pacifism
PN;PN1995.9.P24;Palestine
PN;PN1995.9.P25;Paradise
PN;PN1995.9.P27;Paranoia
PN;PN1995.9.P3;Paris
PN;PN1995.9.P32;Parody
PN;PN1995.9.P34;Passion plays
PN;PN1995.9.P357;Peace
PN;PN1995.9.P36;Peasants
PN;PN1995.9.P37;Peplum films
PN;PN1995.9.P38;Peronism
PN;PN1995.9.P39;Petroleum industry and trade
PN;PN1995.9.P42;Philosophy (as a theme)
PN;PN1995.9.P43;Photography (as a theme)
PN;PN1995.9.P44;Physicians. Medical personnel
PN;PN1995.9.P47;Piano
PN;PN1995.9.P48;Picasso, Pablo, 1881-1973
PN;PN1995.9.P487;Pioneers
PN;PN1995.9.P49;Pirates
PN;PN1995.9.P493;Pirates of the Caribbean films
PN;PN1995.9.P495;Planet of the Apes films
PN;PN1995.9.P497;Plants
PN;PN1995.9.P5;Playbills. Posters
PN;PN1995.9.P528;Poisoners. Poisons
PN;PN1995.9.P53;Pokémon films
PN;PN1995.9.P54;Poland
PN;PN1995.9.P57;Police films. Police (as a theme)
PN;PN1995.9.P6;Politics
PN;PN1995.9.P63;Poor
PN;PN1995.9.P64;Populist films
PN;PN1995.9.P65;Portraits
PN;PN1995.9.P653;Postage stamps
PN;PN1995.9.P654;Posthumanism
PN;PN1995.9.P655;Postmodernism
PN;PN1995.9.P656;Power resources
PN;PN1995.9.P657;Power (Social sciences)
PN;PN1995.9.P6575;Prayer
PN;PN1995.9.P658;Precarious employment
PN;PN1995.9.P66;Pregnancy
PN;PN1995.9.P67;Prehistoric animals
PN;PN1995.9.P674;Prehistoric peoples
PN;PN1995.9.P678;Presidents
PN;PN1995.9.P68;Prison films
PN;PN1995.9.P684;Prisoners of war
PN;PN1995.9.P7;Production and direction
PN;PN1995.9.P75;Profession, Motion pictures as
PN;PN1995.9.P755;Progressivism (United States politics)
PN;PN1995.9.P76;Prostitutes
PN;PN1995.9.P765;Protagonists (Persons)
PN;PN1995.9.P77;Prussia
PN;PN1995.9.P78;Psychiatry
PN;PN1995.9.P7825;Psychic ability
PN;PN1995.9.P7828;Psychic trauma
PN;PN1995.9.P783;Psychoanalysis
PN;PN1995.9.P784;Psychological games
PN;PN1995.9.P785;Psychopaths
PN;PN1995.9.P7855;Public interest
PN;PN1995.9.P79;Public relations
PN;PN1995.9.P793;Puerto Rico
PN;PN1995.9.P795;Punishment
PN;PN1995.9.P796;Punk culture
PN;PN1995.9.P8;Puppet films
PN;PN1995.9.P83;Puppet Master films
PN;PN1995.9.Q35;Queens
PN;PN1995.9.Q36;Queensland
PN;PN1995.9.R23;Racially mixed people
PN;PN1995.9.R24;Radio
PN;PN1995.9.R25;Railroads
PN;PN1995.9.R26;Rain and rainfall
PN;PN1995.9.R27;Rape
PN;PN1995.9.R3;Realism
PN;PN1995.9.R326;Redemption
PN;PN1995.9.R33;Rednecks
PN;PN1995.9.R34;Refugees
PN;PN1995.9.R35;Regeneration
PN;PN1995.9.R4;Religion
PN;PN1995.9.R45;Remakes
PN;PN1995.9.R46;Renaissance
PN;PN1995.9.R488;Revelation
PN;PN1995.9.R49;Revolutions
PN;PN1995.9.R54;Rimini (Italy)
PN;PN1995.9.R55;Rio de Janeiro (Brazil)
PN;PN1995.9.R555;Risk perception
PN;PN1995.9.R56;Rites and ceremonies
PN;PN1995.9.R63;Road films
PN;PN1995.9.R65;Robin Hood
PN;PN1995.9.R657;RoboCop films
PN;PN1995.9.R66;Robots
PN;PN1995.9.R665;Rock musicians
PN;PN1995.9.R666;Rocky films
PN;PN1995.9.R67;Romanies
PN;PN1995.9.R675;Romans
PN;PN1995.9.R68;Rome
PN;PN1995.9.R83;Rubble films
PN;PN1995.9.R98;Ryukyu Islands
PN;PN1995.9.S23;Sadism
PN;PN1995.9.S233;Saint Louis (Mo.)
PN;PN1995.9.S234;Saints
PN;PN1995.9.S236;Salem (Mass.)
PN;PN1995.9.S237;Sami (European people)
PN;PN1995.9.S24;Samurai films
PN;PN1995.9.S245;Sasquatch
PN;PN1995.9.S246;Saw films
PN;PN1995.9.S247;Schizophrenia
PN;PN1995.9.S249;Schleswig-Holstein (Germany)
PN;PN1995.9.S253;Schools
PN;PN1995.9.S26;Science fiction films
PN;PN1995.9.S265;Science films
PN;PN1995.9.S267;Scientists
PN;PN1995.9.S27;Scotland
PN;PN1995.9.S274;Sculpture
PN;PN1995.9.S28;Sea
PN;PN1995.9.S284;Sensationalism. Exploitation films
PN;PN1995.9.S285;Senses and sensation
PN;PN1995.9.S29;Sequels
PN;PN1995.9.S297;Serial murderers
PN;PN1995.9.S3;Serials
PN;PN1995.9.S34;Series
PN;PN1995.9.S4;Setting and scenery
PN;PN1995.9.S45;Sex. Erotic films. Pornographic films
PN;PN1995.9.S47;Sex role
PN;PN1995.9.S475;Sexual intercourse
PN;PN1995.9.S478;Shades and shadows
PN;PN1995.9.S48;Shamanism
PN;PN1995.9.S49;Shanghai (China)
PN;PN1995.9.S5;Sherlock Holmes films
PN;PN1995.9.S53;Short films
PN;PN1995.9.S54;Sicily (Italy)
PN;PN1995.9.S545;Silence
PN;PN1995.9.S547;Single women
PN;PN1995.9.S55;Sisters
PN;PN1995.9.S553;Skating
PN;PN1995.9.S5533;Skepticism
PN;PN1995.9.S5534;Ski films
PN;PN1995.9.S55345;Skin
PN;PN1995.9.S5535;Skyscrapers
PN;PN1995.9.S554;Slasher films
PN;PN1995.9.S557;Slavery
PN;PN1995.9.S558;Sleep
PN;PN1995.9.S56;Slovakia
PN;PN1995.9.S58;Smoking
PN;PN1995.9.S585;Snow
PN;PN1995.9.S59;Soccer. Soccer films
PN;PN1995.9.S6;Social aspects
PN;PN1995.9.S615;Social guidance films
PN;PN1995.9.S62;Social problems
PN;PN1995.9.S63;Socialist realism
PN;PN1995.9.S635;Soho (London, England)
PN;PN1995.9.S64;Soldiers, Black
PN;PN1995.9.S653;Soundies
PN;PN1995.9.S655;South Africa
PN;PN1995.9.S6555;South Asians
PN;PN1995.9.S66;Southern States
PN;PN1995.9.S665;Soviet Union
PN;PN1995.9.S668;Space and time
PN;PN1995.9.S669;Spain
PN;PN1995.9.S6695;Special features
PN;PN1995.9.S66953;Spectacular, The
PN;PN1995.9.S669535;Speculative fiction films
PN;PN1995.9.S66954;Spider-Man films
PN;PN1995.9.S66955;Splatter films
PN;PN1995.9.S67;Sports
PN;PN1995.9.S68;Spy films. Espionage
PN;PN1995.9.S69;Stage props
PN;PN1995.9.S694;Star Trek films
PN;PN1995.9.S695;Star Wars films
PN;PN1995.9.S6954;Steampunk films
PN;PN1995.9.S6956;Stereotypes (Social psychology)
PN;PN1995.9.S696;Stills
PN;PN1995.9.S6964;Stock footage
PN;PN1995.9.S6967;Strangers
PN;PN1995.9.S697;Strong men
PN;PN1995.9.S7;Stunt men
PN;PN1995.9.S73;Submarine films
PN;PN1995.9.S74;Suburbs. Suburban life
PN;PN1995.9.S75;Subways
PN;PN1995.9.S755;Success
PN;PN1995.9.S7555;Suffrage
PN;PN1995.9.S76;Superhero films
PN;PN1995.9.S77;Superman films
PN;PN1995.9.S777;Superman (Philosophical concept)
PN;PN1995.9.S8;Supernatural. Angels. Ghosts
PN;PN1995.9.S83;Surf films. Surfing
PN;PN1995.9.S85;Surrealism
PN;PN1995.9.S86;Surveillance
PN;PN1995.9.S865;Survival
PN;PN1995.9.S87;Suspense. Thrillers
PN;PN1995.9.S88;Swimming pools
PN;PN1995.9.T25;Taipei (Taiwan)
PN;PN1995.9.T27;Tango (Dance)
PN;PN1995.9.T3;Tarzan
PN;PN1995.9.T4;Teachers
PN;PN1995.9.T43;Technology
PN;PN1995.9.T45;Telephone
PN;PN1995.9.T455;Terminator films
PN;PN1995.9.T46;Terrorism
PN;PN1995.9.T47;Texas
PN;PN1995.9.T48;Theater
PN;PN1995.9.T5;Three Stooges films
PN;PN1995.9.T55;Time
PN;PN1995.9.T555;Time travel
PN;PN1995.9.T56;Titanic (Steamship)
PN;PN1995.9.T57;Titles
PN;PN1995.9.T63;Toilets
PN;PN1995.9.T64;Tokyo
PN;PN1995.9.T668;Toronto (Ontario)
PN;PN1995.9.T67;Torture
PN;PN1995.9.T675;Touch
PN;PN1995.9.T677;Tourism
PN;PN1995.9.T679;Toy story films
PN;PN1995.9.T68;Trailers
PN;PN1995.9.T683;Transcendence (Philosophy)
PN;PN1995.9.T684;Transgender people
PN;PN1995.9.T685;Translating and interpreting
PN;PN1995.9.T6855;Transnationalism
PN;PN1995.9.T69;Transvestism. Cross-dressing
PN;PN1995.9.T72;Trapalhões films
PN;PN1995.9.T728;Travel
PN;PN1995.9.T73;Travelogues
PN;PN1995.9.T75;Trials
PN;PN1995.9.T78;Tricksters
PN;PN1995.9.T79;Trieste (Italy)
PN;PN1995.9.T83;Trigger films
PN;PN1995.9.T84;Tudor, House of
PN;PN1995.9.T87;Turks
PN;PN1995.9.T95;Twilight saga films
PN;PN1995.9.U45;Ukrainians
PN;PN1995.9.U6;Underground movements
PN;PN1995.9.U62;Unidentified flying objects
PN;PN1995.9.U64;United States
PN;PN1995.9.U76;Utopias
PN;PN1995.9.V26;Vacations
PN;PN1995.9.V28;Valencia (Spain)
PN;PN1995.9.V3;Vampire films
PN;PN1995.9.V4;Veneto (Italy)
PN;PN1995.9.V42;Venice (Italy)
PN;PN1995.9.V425;Ventriloquists
PN;PN1995.9.V43;Vernacular architecture
PN;PN1995.9.V44;Veterans
PN;PN1995.9.V46;Video games
PN;PN1995.9.V464;Vigilantes
PN;PN1995.9.V465;Vikings
PN;PN1995.9.V47;Villains
PN;PN1995.9.V5;Violence
PN;PN1995.9.V55;Virginity
PN;PN1995.9.V57;Virtual reality
PN;PN1995.9.V59;Visual perception
PN;PN1995.9.V595;Vitalism
PN;PN1995.9.V63;Voice-overs
PN;PN1995.9.V66;Voodooism
PN;PN1995.9.V85;Vulnerability (Personality trait)
PN;PN1995.9.W25;Walking
PN;PN1995.9.W3;War
PN;PN1995.9.W35;Waxworks
PN;PN1995.9.W37;Weather
PN;PN1995.9.W38;Werewolves
PN;PN1995.9.W4;Western films
PN;PN1995.9.W45;White people
PN;PN1995.9.W54;Winds
PN;PN1995.9.W56;Wine
PN;PN1995.9.W583;Witches. Witchcraft
PN;PN1995.9.W59;Wizards
PN;PN1995.9.W6;Women
PN;PN1995.9.W63;Women farmers
PN;PN1995.9.W65;Women murderers
PN;PN1995.9.W66;Women prisoners
PN;PN1995.9.W67;Women soldiers
PN;PN1995.9.W69;World Trade Center (New York, N.Y. : 1970-2001)
PN;PN1995.9.W74;Wrestlers
PN;PN1995.9.X2;X-Men films
PN;PN1995.9.Y54;Yiddish films
PN;PN1995.9.Y6;Youth
PN;PN1995.9.Z38;Zatoichi films
PN;PN1995.9.Z56;Zionism
PN;PN1995.9.Z63;Zombie films
PN;PN1995.9.Z66;Zoos
PN;PN1995.9.Z67;Zorro films
PN;PN1996;Authorship, scenario writing, etc.
PN;PN1997.A1;Collections
PN;PN1997.A2-.Z8;Motion pictures produced through 2000. By title of motion picture, A-Z
PN;PN1997.Z9;Uncatalogued
PN;PN1997.2.A-Z;Motion pictures produced 2001- . By title of motion picture, A-Z
PN;PN1997.3;Plays, scenarios, etc. of unproduced films. By author, A-Z
PN;PN1997.5;Cartoon plays, scenarios, etc.
PN;PN1997.8;Plots, themes, etc.
PN;PN1997.85;Film and video adaptations
PN;PN1998.A1;Directories
PN;PN1998.A5-Z;Other miscellaneous works
PN;PN1998.2;Collective
PN;PN1998.3.A-Z;Individual, A-Z
PN;PN1999.A-Z;Special corporations, A-Z
PN;PN2000.A1;Polyglot
PN;PN2000.A2;Early to 1821
PN;PN2000.A3-Z;1821-
PN;PN2001;English
PN;PN2002;Dutch
PN;PN2003;French
PN;PN2004;German
PN;PN2005;Italian
PN;PN2006;Scandinavian
PN;PN2007;Slavic
PN;PN2008;Spanish and Portuguese
PN;PN2009;Other
PN;PN2015;International
PN;PN2016;United States
PN;PN2017.A-Z;Other regions or countries, A-Z
PN;PN2018;Congresses
PN;PN2019;Expositions. By date
PN;PN2020;Various authors
PN;PN2021;Individual authors
PN;PN2035;Dictionaries. Terminology
PN;PN2036;Early through 1800
PN;PN2037;1801-
PN;PN2038;Addresses, essays, lectures
PN;PN2039;General works
PN;PN2041.A-Z;Special topics, A-Z
PN;PN2041.A57;Anthropology
PN;PN2041.E26;Ecology
PN;PN2041.E27;Economics
PN;PN2041.G56;Globalization
PN;PN2041.I45;Illusion
PN;PN2041.I57;Internet
PN;PN2041.M37;Mass media
PN;PN2041.M43;Medicine
PN;PN2041.S45;Semiotics
PN;PN2041.W37;War
PN;PN2042;General works
PN;PN2044.A-Z;By region or country, A-Z
PN;PN2045.A-Z;Special topics, A-Z
PN;PN2047;Early through 1800
PN;PN2049;1801-
PN;PN2051;Other
PN;PN2052;Directories. Guidebooks, etc. (International)
PN;PN2053;Management, administration, production, and direction
PN;PN2053.5;Public relations
PN;PN2054;Guides to the selection of plays
PN;PN2055;Acting as a profession
PN;PN2056;Professional ethics for actors
PN;PN2058;Psychology of the actor
PN;PN2061;Treatises
PN;PN2062;Method acting
PN;PN2067;Theatrical costume and costume design
PN;PN2068;Makeup
PN;PN2069;Wigs
PN;PN2071.A-Z;Other, A-Z
PN;PN2071.A43;Alba emoting
PN;PN2071.A92;Auditioning
PN;PN2071.B58;Blackface
PN;PN2071.B74;Breathing
PN;PN2071.C57;Comedy
PN;PN2071.C58;Computer network resources
PN;PN2071.D43;Death. Stage death
PN;PN2071.F4;Fencing
PN;PN2071.F5;Fighting. Combat
PN;PN2071.F6;Foreign and regional dialect imitation
PN;PN2071.G4;Gestures. Miming
PN;PN2071.I47;Impersonation
PN;PN2071.I5;Improvisation
PN;PN2071.M37;Masks
PN;PN2071.M6;Movement
PN;PN2071.M87;Music
PN;PN2071.P78;Psychological aspects
PN;PN2071.R45;Rehearsals
PN;PN2071.S49;Sex
PN;PN2071.S63;Social aspects
PN;PN2071.S65;Speech
PN;PN2071.S66;Sports
PN;PN2071.Y45;Yellowface
PN;PN2073;Contracts, blanks, forms, diaries, etc.
PN;PN2074;Theater as a profession
PN;PN2075;General works
PN;PN2078.A-Z;By region or country, A-Z
PN;PN2080;Selections for practice
PN;PN2081.A-Z;Special methods of presentation, A-Z
PN;PN2081.A7;Arena stage
PN;PN2081.E58;Environmental theater
PN;PN2081.O6;Open stage (open on three sides)
PN;PN2081.R4;Readers' theater
PN;PN2081.S58;Site-specific theater
PN;PN2085;Treatises
PN;PN2086;General special
PN;PN2087.A-Z;By region or country, A-Z
PN;PN2091.A-Z;Special topics, A-Z
PN;PN2091.B56;Blood effects
PN;PN2091.C63;Computers
PN;PN2091.C65;Corrugated paperboard
PN;PN2091.C85;Curtains
PN;PN2091.D66;Doors
PN;PN2091.E4;Electric devices. Stage lighting
PN;PN2091.F53;Firearms
PN;PN2091.F54;Fireworks
PN;PN2091.F58;Flying
PN;PN2091.M3;Machinery. Stage rigging
PN;PN2091.M48;Metals in stage setting
PN;PN2091.M6;Models of stage and theater
PN;PN2091.M68;Motion pictures
PN;PN2091.O44;Olfactory effects
PN;PN2091.P3;Panics
PN;PN2091.S6;Sound effects
PN;PN2091.S8;Stage settings, scenery, etc.
PN;PN2093;Miscellaneous
PN;PN2095;Satire, humor, etc.
PN;PN2096.A1;Collective
PN;PN2096.A2-Z;Individual, A-Z
PN;PN2098;General works
PN;PN2099.A-Z;By region or country, A-Z
PN;PN2100;Early through 1800
PN;PN2100.5;Polyglot
PN;PN2101;American and English
PN;PN2102;Dutch
PN;PN2103;French
PN;PN2104;German
PN;PN2105;Italian
PN;PN2106;Scandinavian
PN;PN2107;Slavic
PN;PN2108;Spanish and Portuguese
PN;PN2109.A-Z;Other, A-Z
PN;PN2111;Pictorial works
PN;PN2115;Addresses, essays, lectures
PN;PN2122;General special
PN;PN2125;Primitive
PN;PN2131;General works
PN;PN2132;General special
PN;PN2135.A-Z;Special topics, A-Z
PN;PN2145;Other
PN;PN2152;General works
PN;PN2154;Early to 1400
PN;PN2156;Fifteenth century
PN;PN2159.A-Z;Special topics, A-Z
PN;PN2160;Byzantine Empire
PN;PN2171;General works
PN;PN2173;Sixteenth century
PN;PN2174;Seventeenth century
PN;PN2179.A-Z;Special topics, A-Z
PN;PN2179.D57;Disabilities
PN;PN2181;General works
PN;PN2183;Eighteenth century
PN;PN2185;Nineteenth century
PN;PN2189;Twentieth century
PN;PN2190;Twenty-first century
PN;PN2193.A-Z;Special topics, A-Z
PN;PN2193.A8;Audiences
PN;PN2193.C57;Circus
PN;PN2193.D73;Drama festivals
PN;PN2193.E67;Ensemble theater
PN;PN2193.E86;Experimental theater. Avant-garde theater
PN;PN2193.E87;Expressionism
PN;PN2193.M63;Modernism (Literature)
PN;PN2193.S33;Scandals
PN;PN2205;Collections
PN;PN2208;Dictionaries
PN;PN2215;Homes and haunts of actors
PN;PN2217;Anecdotes. Wit. Humor, etc.
PN;PN2219.A-Z;Special topics, A-Z
PN;PN2219.E84;Ethnic theater
PN;PN2219.I85;Islamic theater
PN;PN2219.O8;Outdoor theater
PN;PN2219.T73;Traveling theater
PN;PN2219.3;America
PN;PN2219.5;General works
PN;PN2220;Collections
PN;PN2221;Comprehensive
PN;PN2226;General special
PN;PN2232;Addresses, essays, lectures
PN;PN2237;General works
PN;PN2239;Contemporary works
PN;PN2245;Comprehensive
PN;PN2248;General works
PN;PN2251;Contemporary works
PN;PN2256;General works
PN;PN2259;Contemporary works
PN;PN2260.A-Z;Special topics, A-Z
PN;PN2260.I73;Italian American theater
PN;PN2260.J49;Jews (as a theme)
PN;PN2260.M37;Masculinity
PN;PN2266;Comprehensive
PN;PN2266.3;1900-1959
PN;PN2266.5;1960-2000
PN;PN2267;Little theater movement. Community theater. Folk theater
PN;PN2268;Municipal theaters
PN;PN2269;Summer theater, barn theater, open-air theater, etc.
PN;PN2270.A-Z;Other special topics, A-Z
PN;PN2270.A35;African American theater
PN;PN2270.A54;Animals
PN;PN2270.A75;Asian American theater
PN;PN2270.A89;Audiences
PN;PN2270.A93;Awards, prizes, etc. Tony awards
PN;PN2270.C83;Cuban American theater
PN;PN2270.D56;Dinner theater
PN;PN2270.E85;Ethnic theater
PN;PN2270.F43;Federal Theatre Project (United States)
PN;PN2270.F45;Feminist theater
PN;PN2270.F54;Filipino American theater
PN;PN2270.G39;Gay theater
PN;PN2270.H57;Hispanic American theater
PN;PN2270.I53;Indian theater
PN;PN2270.I73;Italian American theater
PN;PN2270.L38;Latvian American theater
PN;PN2270.L47;Lesbian theater
PN;PN2270.M48;Mexican American theater
PN;PN2270.P58;Plays-in-progress
PN;PN2270.P64;Polish American theater
PN;PN2270.U37;Ukrainian American theater
PN;PN2272;General works
PN;PN2272.5.A-Z;Special topics, A-Z
PN;PN2272.5.A35;African American theater
PN;PN2272.5.A74;Arab American theater
PN;PN2272.5.P35;Pain
PN;PN2273.A-Z;Regions, A-Z
PN;PN2275.A-.W;States, A-W
PN;PN2277.A-Z;Cities, A-Z
PN;PN2285;General
PN;PN2286;African Americans
PN;PN2286.2;Asian Americans
PN;PN2286.5;Gays
PN;PN2286.8;Women
PN;PN2287.A-Z;Individual, A-Z
PN;PN2289;Directories
PN;PN2291;Management, organization, administration, etc.
PN;PN2293.A-Z;Special topics, A-Z
PN;PN2293.C38;Casting
PN;PN2293.E35;Economics. Finance
PN;PN2293.I4;Independent theaters
PN;PN2293.N67;Nonprofit theater
PN;PN2293.P53;Planning
PN;PN2293.S4;Showboats
PN;PN2293.T8;Theatrical trusts
PN;PN2295.A-Z;Corporations and institutions, A-Z
PN;PN2297.A2;General works
PN;PN2297.A3-Z;Individual, A-Z
PN;PN2297.L5;Living Theater
PN;PN2297.M3;Marx Brothers
PN;PN2297.P7;Provincetown Players
PN;PN2297.R58;Ritz Brothers
PN;PN2298;Special plays, spectacles, etc. By name
PN;PN2300;Collections
PN;PN2301;General works
PN;PN2302;Early to 1800
PN;PN2303;19th century
PN;PN2304;20th century
PN;PN2304.2;21st century
PN;PN2305.A-Z;Provinces, A-Z
PN;PN2306.A-Z;Cities, A-Z
PN;PN2307;Collective
PN;PN2308.A-Z;Individual, A-Z
PN;PN2308.5;Directories. Guidebooks, etc.
PN;PN2309;Latin America
PN;PN2310-2318;Mexico (Table PN6)
PN;PN2320;General works
PN;PN2325;Collections
PN;PN2326;General works
PN;PN2327.A-Z;Local, A-Z
PN;PN2328;Collective
PN;PN2329.A-Z;Individual, A-Z
PN;PN2330;Collections
PN;PN2331;General works
PN;PN2332.A-Z;Local, A-Z
PN;PN2333;Collective
PN;PN2334.A-Z;Individual, A-Z
PN;PN2340-2344;Guatemala (Table PN7)
PN;PN2350-2354;Honduras (Table PN7)
PN;PN2360-2364;Nicaragua (Table PN7)
PN;PN2370-2374;Panama (Table PN7)
PN;PN2380-2384;Salvador (Table PN7)
PN;PN2389;Caribbean Area
PN;PN2390;General works
PN;PN2395-2399;Bahamas (Table PN7)
PN;PN2400-2404;Cuba (Table PN7)
PN;PN2410-2414;Dominican Republic (Table PN7)
PN;PN2415-2419;Haiti (Table PN7)
PN;PN2420-2424;Jamaica (Table PN7)
PN;PN2430-2434;Puerto Rico (Table PN7)
PN;PN2440.A-Z;Others, A-Z
PN;PN2445;General works
PN;PN2450-2454;Argentina (Table PN7)
PN;PN2460-2464;Bolivia (Table PN7)
PN;PN2470-2474;Brazil (Table PN7)
PN;PN2480-2484;Guyana (Table PN7)
PN;PN2490-2494;Chile (Table PN7)
PN;PN2500-2504;Colombia (Table PN7)
PN;PN2510-2514;Suriname (Table PN7)
PN;PN2515-2519;Ecuador (Table PN7)
PN;PN2520-2524;French Guiana (Table PN7)
PN;PN2525-2529;Paraguay (Table PN7)
PN;PN2530-2534;Peru (Table PN7)
PN;PN2540-2544;Uruguay (Table PN7)
PN;PN2550-2554;Venezuela (Table PN7)
PN;PN2570;General works
PN;PN2575.A-Z;Theatrical clubs, A-Z
PN;PN2575.G2;Garrick Club, Cambridge
PN;PN2575.G3;Garrick Club, London
PN;PN2580;Collections
PN;PN2581;General works
PN;PN2582.A-Z;Special topics, A-Z
PN;PN2582.A87;Authenticity (Philosophy)
PN;PN2582.B4;Benefit performances
PN;PN2582.B52;Blackface
PN;PN2582.F57;Fire
PN;PN2582.K55;Kings and rulers
PN;PN2582.N3;National theater
PN;PN2582.P54;Playbills
PN;PN2582.S64;Special effects
PN;PN2582.T5;Ticket prices
PN;PN2582.W65;Women
PN;PN2583;Addresses, essays, lectures
PN;PN2585;Early to 1800
PN;PN2586;Origins
PN;PN2587;General works
PN;PN2588.A-Z;Special topics, A-Z
PN;PN2589;General works
PN;PN2590.A-Z;Special topics, A-Z
PN;PN2590.A36;Actresses
PN;PN2590.A93;Audiences
PN;PN2590.B6;Boy actors. Child actors
PN;PN2590.C45;Children of Paul's
PN;PN2590.C48;Children of the Queen's Revels
PN;PN2590.C66;Court theater
PN;PN2590.D58;Disguise
PN;PN2590.L67;Lord Chamberlain's Servants
PN;PN2590.R35;Religious aspects
PN;PN2590.T7;Traveling theater
PN;PN2592;General works
PN;PN2592.13.A-Z;Special topics, A-Z
PN;PN2592.13.M88;Music (as an adjunct)
PN;PN2592.13.P74;Pregnant women
PN;PN2593;18th century
PN;PN2594;General works
PN;PN2594.13.A-Z;Special topics, A-Z
PN;PN2594.13.C45;Child actors
PN;PN2594.13.D57;Diseases
PN;PN2595;General works
PN;PN2595.13.A-Z;Special topics, A-Z
PN;PN2595.13.B34;Black theater
PN;PN2595.13.E56;Ensemble theater
PN;PN2595.13.E97;Experimental theater
PN;PN2595.13.S68;South Asian theater
PN;PN2595.13.W65;Women's theater. Feminist theater
PN;PN2595.132;21st century
PN;PN2595.15;Awards, prizes, etc.
PN;PN2595.3;Little theater. Repertory theater
PN;PN2595.5;Special counties, regions, etc.
PN;PN2596.A-Z;Special English cities, A-Z
PN;PN2596.L6;General works
PN;PN2596.L7.A-Z;Special theaters, A-Z
PN;PN2597;Collective
PN;PN2598.A-Z;Individual, A-Z
PN;PN2598.5;Directories. Guidebooks, etc.
PN;PN2599;General works
PN;PN2599.5.A-Z;Special topics, A-Z
PN;PN2599.5.E25;Economics. Finance
PN;PN2599.5.T54;Theatrical troupes and companies
PN;PN2599.5.T73;Traveling theater
PN;PN2600;Collections
PN;PN2601;History, biography, etc.
PN;PN2602.A-Z;Local, A-Z
PN;PN2603;Collections
PN;PN2604;History, biography, etc.
PN;PN2605.A-Z;Local, A-Z
PN;PN2606;Collections
PN;PN2607;History, biography, etc.
PN;PN2608.A-Z;Local, A-Z
PN;PN2609.A-Z;Other local, A-Z
PN;PN2610;Periodicals. Serials
PN;PN2611;General works
PN;PN2611.5;General special
PN;PN2612;Early to 1800
PN;PN2613;19th century
PN;PN2614;20th century
PN;PN2614.2;21st century
PN;PN2615.A-Z;Special states, provinces, etc., A-Z
PN;PN2616.A-Z;Special cities, A-Z
PN;PN2617;Collective
PN;PN2618.A-Z;Individual, A-Z
PN;PN2620;Collections
PN;PN2621;General works
PN;PN2622.A-Z;Special topics, A-Z
PN;PN2622.A8;Audiences
PN;PN2622.C37;Caricatures and cartoons
PN;PN2622.C45;Child actors
PN;PN2622.P53;Playbills
PN;PN2622.W65;Women
PN;PN2623;Addresses, essays, lectures
PN;PN2625;Early to 1800
PN;PN2626;Origins
PN;PN2627;General works
PN;PN2628.A-Z;Special topics, A-Z
PN;PN2629;General works
PN;PN2630.A-Z;Special topics, A-Z
PN;PN2631;General works
PN;PN2632;17th century (17th-18th centuries)
PN;PN2633;18th century
PN;PN2634;19th century
PN;PN2635;20th century
PN;PN2635.2;21st century
PN;PN2636.A-Z;Local, A-Z
PN;PN2637;Collective
PN;PN2638.A-Z;Individual, A-Z
PN;PN2638.5;Directories. Guidebooks, etc.
PN;PN2639;General works
PN;PN2639.5.A-Z;Special topics, A-Z
PN;PN2639.5.E35;Economics. Finance
PN;PN2639.5.T54;Theatrical troupes and companies
PN;PN2639.5.T73;Traveling theater
PN;PN2640;Collections
PN;PN2641;General works
PN;PN2642.A-Z;Special topics, A-Z
PN;PN2642.A84;Audiences
PN;PN2642.H4;Heralds
PN;PN2642.O6;Open-air theater
PN;PN2642.P5;Playbills
PN;PN2642.V54;Video recordings
PN;PN2642.W65;Women
PN;PN2643;Addresses, essays, lectures
PN;PN2645;Early to 1800
PN;PN2646;Origins
PN;PN2647;General works
PN;PN2648.A-Z;Special topics, A-Z
PN;PN2648.M55;Minstrels
PN;PN2649;General works
PN;PN2650.A-Z;Special topics, A-Z
PN;PN2652;17th-18th centuries
PN;PN2653;19th century
PN;PN2654;20th century
PN;PN2654.2;21st century
PN;PN2655.A-Z;States, provinces, etc., A-Z
PN;PN2656.A-Z;Cities, A-Z
PN;PN2657;Collective
PN;PN2658.A-Z;Individual, A-Z
PN;PN2659;General works
PN;PN2659.5.A-Z;Special topics, A-Z
PN;PN2659.5.E35;Economics. Finance
PN;PN2659.5.T47;Theatrical troupes and companies
PN;PN2660-2668;Greece (Modern) (Table PN6a)
PN;PN2670;Collections
PN;PN2671;General works
PN;PN2672.A-Z;Special topics, A-Z
PN;PN2673;Addresses, essays, lectures
PN;PN2675;Early to 1800
PN;PN2676;Origins
PN;PN2677;General works
PN;PN2678.A-Z;Special topics, A-Z
PN;PN2679;General works
PN;PN2680.A-Z;Special topics, A-Z
PN;PN2682;17th-18th centuries
PN;PN2683;19th century
PN;PN2684;20th century
PN;PN2684.2;21st century
PN;PN2685.A-Z;States, provinces, etc., A-Z
PN;PN2686.A-Z;Cities, A-Z
PN;PN2687;Collective
PN;PN2688.A-Z;Individual, A-Z
PN;PN2689;General works
PN;PN2689.5.A-Z;Special topics, A-Z
PN;PN2690;Periodicals. Serials
PN;PN2691;General works
PN;PN2691.5;General special
PN;PN2692;Early to 1800
PN;PN2693;19th century
PN;PN2694;20th century
PN;PN2694.2;21st century
PN;PN2700-2708;Belgium (Table PN6a)
PN;PN2710-2718;Netherlands (Table PN6a)
PN;PN2719;Luxembourg
PN;PN2720-2728;Russia. Soviet Union. Russia (Federation) (Table PN6a)
PN;PN2730-2738;General (Table PN6a)
PN;PN2740-2748;Denmark (Table PN6a)
PN;PN2750-2758;Iceland (Table PN6a)
PN;PN2760-2768;Norway (Table PN6a)
PN;PN2770-2778;Sweden (Table PN6a)
PN;PN2780-2788;Spain (Table PN6a)
PN;PN2790-2798;Portugal (Table PN6a)
PN;PN2800-2808;Switzerland (Table PN6a)
PN;PN2818.5;General works
PN;PN2819;General works
PN;PN2819.2.A-Z;Local, A-Z
PN;PN2819.3;Collective
PN;PN2819.4.A-Z;Individual, A-Z
PN;PN2820-2828;Bulgaria (Table PN6a)
PN;PN2840-2848;Romania (Table PN6a)
PN;PN2850-2858;Yugoslavia (Table PN6a)
PN;PN2859.A-Z;Other European regions or countries, A-Z
PN;PN2859.B44;General works
PN;PN2859.B443A-.B443Z;Local, A-Z
PN;PN2859.B445;Collective
PN;PN2859.B446A-.B446Z;Individual, A-Z
PN;PN2859.B67;General works
PN;PN2859.B673A-.B673Z;Local, A-Z
PN;PN2859.B675;Collective
PN;PN2859.B676A-.B676Z;Individual, A-Z
PN;PN2859.C7;General works
PN;PN2859.C73A-.C73Z;Local, A-Z
PN;PN2859.C75;Collective
PN;PN2859.C76A-.C76Z;Individual, A-Z
PN;PN2859.C9;General works
PN;PN2859.C93A-.C93Z;Local, A-Z
PN;PN2859.C95;Collective
PN;PN2859.C96A-.C96Z;Individual, A-Z
PN;PN2859.E17;Eastern Europe
PN;PN2859.E7;General works
PN;PN2859.E73A-.E73Z;Local, A-Z
PN;PN2859.E75;Collective
PN;PN2859.E76A-.E76Z;Individual, A-Z
PN;PN2859.F5;General works
PN;PN2859.F53A-.F53Z;Local, A-Z
PN;PN2859.F55;Collective
PN;PN2859.F56A-2859Z;Individual, A-Z
PN;PN2859.H8;General works
PN;PN2859.H83A-.H83Z;Local, A-Z
PN;PN2859.H85;Collective
PN;PN2859.H86A-.H86Z;Individual, A-Z
PN;PN2859.L3;General works
PN;PN2859.L33A-.L33Z;Local, A-Z
PN;PN2859.L35;Collective
PN;PN2859.L36A-.L36Z;Individual, A-Z
PN;PN2859.L5;General works
PN;PN2859.L53A-.L53Z;Local, A-Z
PN;PN2859.L55;Collective
PN;PN2859.L56A-.L56Z;Individual, A-Z
PN;PN2859.M3;General works
PN;PN2859.M33A-.M33Z;Local, A-Z
PN;PN2859.M35;Collective
PN;PN2859.M36A-.M36Z;Individual, A-Z
PN;PN2859.M64;General works
PN;PN2859.M643A-.M643Z;Local, A-Z
PN;PN2859.M645;Collective
PN;PN2859.M646A-.M646Z;Individual, A-Z
PN;PN2859.N74;General works
PN;PN2859.N743A-.N743Z;Local, A-Z
PN;PN2859.N745;Collective
PN;PN2859.N746A-.N746Z;Individual, A-Z
PN;PN2859.P6;General works
PN;PN2859.P63A-.P63Z;Local, A-Z
PN;PN2859.P65;Collective
PN;PN2859.P66A-.P66Z;Individual, A-Z
PN;PN2859.S27;General works
PN;PN2859.S273A-.S273Z;Local, A-Z
PN;PN2859.S275;Collective
PN;PN2859.S276A-.S276Z;Individual, A-Z
PN;PN2859.S46;General works
PN;PN2859.S463A-.S463Z;Local, A-Z
PN;PN2859.S465;Collective
PN;PN2859.S466A-.S466Z;Individual, A-Z
PN;PN2859.S56;General works
PN;PN2859.S563A-.S563Z;Local, A-Z
PN;PN2859.S565;Collective
PN;PN2859.S566A-.S566Z;Individual, A-Z
PN;PN2859.S57;General works
PN;PN2859.S573A-.S573Z;Local, A-Z
PN;PN2859.S575;Collective
PN;PN2859.S576A-.S576Z;Individual, A-Z
PN;PN2859.U47;General works
PN;PN2859.U473A-.U473Z;Local, A-Z
PN;PN2859.U475;Collective
PN;PN2859.U476A-.U476Z;Individual, A-Z
PN;PN2860;General works
PN;PN2870-2878;China (Table PN6a modified)
PN;PN2874.5.A-Z;Special types of theater, A-Z
PN;PN2874.5.H75;Hsiang sheng. Xiang sheng
PN;PN2874.5.K83;Kuai shu
PN;PN2874.5.P56;Ping ju (Folk dramas)
PN;PN2874.5.P58;Ping shu
PN;PN2879;Taiwan
PN;PN2880-2888;India (Table PN6a modified)
PN;PN2884.5.A-Z;Special types of theater, A-Z
PN;PN2884.5.B53;Bhavāī
PN;PN2884.5.H37;Harikatha
PN;PN2884.5.K36;Kathakali (Dance drama)
PN;PN2884.5.K38;Kattaikkuttu
PN;PN2884.5.K45;Kēḷike
PN;PN2884.5.K82;Kuchamaṇi khyal
PN;PN2884.5.K83;Kūḍiyāṭṭam
PN;PN2884.5.M33;Māca
PN;PN2884.5.M35;Madal
PN;PN2884.5.N36;Nangiarkoothu
PN;PN2884.5.N38;Nautanki
PN;PN2884.5.O88;Ottanthullal
PN;PN2884.5.P36;Pandava
PN;PN2884.5.P73;Prahlada nataka
PN;PN2884.5.S77;Street theater
PN;PN2884.5.S83;Svang
PN;PN2884.5.T34;Tāḷamaddale
PN;PN2884.5.T36;Tamasha
PN;PN2884.5.Y35;Yaksagana (Dance drama)
PN;PN2889;Indochina
PN;PN2889.2;Periodicals. Serials
PN;PN2889.22;General works
PN;PN2889.23;Early to 1800
PN;PN2889.24;19th century
PN;PN2889.25;20th century
PN;PN2889.252;21st century
PN;PN2889.255.A-Z;Special types of theater, A-Z
PN;PN2889.26.A-Z;Special states, provinces, A-Z
PN;PN2889.27.A-Z;Special cities, A-Z
PN;PN2889.28;Collective
PN;PN2889.29.A-Z;Individual, A-Z
PN;PN2889.3;Periodicals. Serials
PN;PN2889.32;General works
PN;PN2889.33;Early to 1800
PN;PN2889.34;19th century
PN;PN2889.35;20th century
PN;PN2889.352;21st century
PN;PN2889.355.A-Z;Special types of theater, A-Z
PN;PN2889.36.A-Z;Special states, provinces, etc., A-Z
PN;PN2889.37.A-Z;Special cities, A-Z
PN;PN2889.38;Collective
PN;PN2889.39.A-Z;Individual, A-Z
PN;PN2889.4;Periodicals. Serials
PN;PN2889.42;General works
PN;PN2889.43;Early to 1800
PN;PN2889.44;19th century
PN;PN2889.45;20th century
PN;PN2889.452;21st century
PN;PN2889.455.A-Z;Special types of theater, A-Z
PN;PN2889.46.A-Z;Special states, provinces, etc., A-Z
PN;PN2889.47.A-Z;Special cities, A-Z
PN;PN2889.48;Collective
PN;PN2889.49.A-Z;Individual, A-Z
PN;PN2889.7;Periodicals. Serials
PN;PN2889.72;General works
PN;PN2889.73;Early to 1800
PN;PN2889.74;19th century
PN;PN2889.75;20th century
PN;PN2889.752;21st century
PN;PN2889.755.A-Z;Special types of theater, A-Z
PN;PN2889.76.A-Z;Special states, provinces, etc., A-Z
PN;PN2889.77.A-Z;Special cities, A-Z
PN;PN2889.78;Collective
PN;PN2889.79.A-Z;Individual, A-Z
PN;PN2889.8;Periodicals. Serials
PN;PN2889.82;General works
PN;PN2889.83;Early to 1800
PN;PN2889.84;19th century
PN;PN2889.85;20th century
PN;PN2889.852;21st century
PN;PN2889.855.A-Z;Special types of theater, A-Z
PN;PN2889.86.A-Z;Special states, provinces, etc., A-Z
PN;PN2889.87.A-Z;Special cities, A-Z
PN;PN2889.88;Collective
PN;PN2889.89.A-Z;Individual, A-Z
PN;PN2899;Periodicals. Serials
PN;PN2899.1;General works
PN;PN2899.2;Early to 1800
PN;PN2899.3;19th century
PN;PN2899.4;20th century
PN;PN2899.42;21st century
PN;PN2899.45.A-Z;Special types of theater, A-Z
PN;PN2899.45.B36;Bangsawan
PN;PN2899.45.B67;Boria
PN;PN2899.45.M34;Makyung
PN;PN2899.5.A-Z;Special states, provinces, etc., A-Z
PN;PN2899.6.A-Z;Special cities, A-Z
PN;PN2899.7;Collective
PN;PN2899.8.A-Z;Individual, A-Z
PN;PN2900-2908;Indonesia (Table PN6a modified)
PN;PN2904.5.A-Z;Special types of theater, A-Z
PN;PN2904.5.D85;Dulmuluk
PN;PN2904.5.K43;Kecak
PN;PN2904.5.L36;Langen mandra wanara
PN;PN2904.5.L37;Langendriya
PN;PN2904.5.L45;Lenong
PN;PN2904.5.L83;Ludruk
PN;PN2904.5.R35;Randai
PN;PN2904.5.W38;Wayang wong (Dance drama)
PN;PN2910-2918;Philippines (Table PN6a)
PN;PN2919-2919.8;Israel. Palestine (Table PN8)
PN;PN2920;Collections
PN;PN2921;General works
PN;PN2922;Early to 1868
PN;PN2923;1868-1900
PN;PN2924;20th century
PN;PN2924.2;21st century
PN;PN2924.5.A-Z;Special types of theater, A-Z
PN;PN2924.5.D45;Dengaku
PN;PN2924.5.G54;Gigaku
PN;PN2924.5.K3;Kabuki
PN;PN2924.5.K35;Kagura
PN;PN2924.5.K6;Kowaka
PN;PN2924.5.K9;Kyogen
PN;PN2924.5.M36;Manzai
PN;PN2924.5.N36;Naniwabushi
PN;PN2924.5.N6;Nō
PN;PN2924.5.N65;Nōmai
PN;PN2924.5.R34;Rakugo
PN;PN2924.5.S3;Sarugaku
PN;PN2925.A-Z;Special provinces, A-Z
PN;PN2926.A-Z;Special cities, A-Z
PN;PN2927;Collective
PN;PN2928.A-Z;Individual, A-Z
PN;PN2930-2938;Korea (Table PN6a modified)
PN;PN2934.27.A-Z;Special types of theater, A-Z
PN;PN2934.27.K35;Kamyŏnʾgŭk. Tʻallori
PN;PN2934.27.N35;Namsadang nori
PN;PN2934.27.S35;Sandae
PN;PN2939-2939.8;North Korea (Table PN8)
PN;PN2940-2948;Pakistan (Table PN6a)
PN;PN2950-2958;Iran (Table PN6a)
PN;PN2959-2959.8;Turkey (Table PN8)
PN;PN2960.A-Z;Other Asian regions or countries, A-Z
PN;PN2960.A67;Arab countries
PN;PN2960.A7;Armenia
PN;PN2969;General works
PN;PN2970;Periodicals. Serials
PN;PN2971;General works
PN;PN2971.5;General special
PN;PN2972;Early to 1800
PN;PN2973;19th century
PN;PN2974;20th century
PN;PN2974.2;21st century
PN;PN2975.A-Z;Special states, provinces, etc., A-Z
PN;PN2976.A-Z;Special cities, A-Z
PN;PN2977;Collective
PN;PN2978.A-Z;Individual, A-Z
PN;PN2979;General works
PN;PN2980;Periodicals. Serials
PN;PN2981;General works
PN;PN2981.5;General special
PN;PN2982;Early to 1800
PN;PN2983;19th century
PN;PN2984;20th century
PN;PN2984.2;21st century
PN;PN2985.A-Z;Special states, provinces, etc., A-Z
PN;PN2986.A-Z;Special cities, A-Z
PN;PN2987;Collective
PN;PN2988.A-Z;Individual, A-Z
PN;PN2989-2989.8;Cameroon (Table PN8)
PN;PN2990-2990.8;Ghana (Table PN8)
PN;PN2991-2991.8;Kenya (Table PN8)
PN;PN2992-2992.8;Liberia (Table PN8)
PN;PN2993-2993.8;Nigeria (Table PN8)
PN;PN2994-2994.8;Somalia (Table PN8)
PN;PN2995-2995.8;Tanzania (Table PN8)
PN;PN2996-2996.8;Uganda (Table PN8)
PN;PN2997-2997.8;Zambia (Table PN8)
PN;PN2998-2998.8;Zimbabwe (Table PN8)
PN;PN3000.A-Z;Other African regions or countries, A-Z
PN;PN3010;Periodicals. Serials
PN;PN3011;General works
PN;PN3011.5;General special
PN;PN3012;Early to 1800
PN;PN3013;19th century
PN;PN3014;20th century
PN;PN3014.2;21st century
PN;PN3015.A-Z;Special states, provinces, etc., A-Z
PN;PN3016.A-Z;Special cities, A-Z
PN;PN3017;Collective
PN;PN3018.A-Z;Individual, A-Z
PN;PN3030.A-Z;Pacific islands, A-Z
PN;PN3032;Developing countries
PN;PN3035;The Jewish theater
PN;PN3151;Treatises
PN;PN3155;Popular works
PN;PN3156;General special
PN;PN3157;General works
PN;PN3159.A-Z;By region or country, A-Z
PN;PN3160.A-Z;Other special topics, A-Z
PN;PN3160.A34;Aged. Older people
PN;PN3160.C34;Camping
PN;PN3160.W64;Women
PN;PN3161;General works
PN;PN3166.A-Z;Local. By place, A-Z
PN;PN3166.S3;San Francisco. Bohemian Club of San Francisco
PN;PN3169.A-Z;Other regions or countries, A-Z
PN;PN3171;The drama as a method of teaching
PN;PN3175;General works
PN;PN3178.A-Z;Special topics, A-Z
PN;PN3178.C6;Competitions
PN;PN3178.C64;Convent theater
PN;PN3178.J46;Jesuit theater
PN;PN3178.P52;Piarist theater
PN;PN3178.P7;Production and direction
PN;PN3178.S8;Stage setting and scenery
PN;PN3178.T68;Theater management
PN;PN3182;General works
PN;PN3185.A-Z;By institution, A-Z
PN;PN3191.A-Z;Other regions or countries, A-Z
PN;PN3195;Minstrel shows, etc.
PN;PN3203;Treatises. Production of (Amateur) pageants, masques, plays, etc.
PN;PN3205;Collections of texts, scenarios, etc.
PN;PN3206;Special pageants, etc. By author or title
PN;PN3209;General works
PN;PN3211.A-Z;Local, A-Z
PN;PN3215.A-Z;Other America. By region or country, A-Z
PN;PN3220;General works
PN;PN3221;General works
PN;PN3222.A-Z;Local, A-Z
PN;PN3225;General works
PN;PN3226.A-Z;Local, A-Z
PN;PN3233;General works
PN;PN3235;General works
PN;PN3238;Minor works
PN;PN3241;Texts of the play
PN;PN3244.A-Z;Other local, A-Z
PN;PN3251;General works
PN;PN3252.A-Z;Local, A-Z
PN;PN3255;General works
PN;PN3256.A-Z;Local, A-Z
PN;PN3261;General works
PN;PN3262.A-Z;Local, A-Z
PN;PN3265;General works
PN;PN3266.A-Z;Local, A-Z
PN;PN3271;General works
PN;PN3272.A-Z;Local, A-Z
PN;PN3275;General works
PN;PN3276.A-Z;Local, A-Z
PN;PN3281;General works
PN;PN3282.A-Z;Local, A-Z
PN;PN3299.A-Z;Other regions or countries, A-Z
PN;PN3302;Applied theater
PN;PN3305;General works
PN;PN3306;Collections of texts
PN;PN3307.A-Z;By region or country, A-Z
PN;PN3311;Periodicals. Societies. Serials
PN;PN3318;Statistics
PN;PN3319;Congresses
PN;PN3321;Various authors
PN;PN3324;Collected essays by individual authors
PN;PN3326;Digests, synopses, etc.
PN;PN3329;Early
PN;PN3331;Recent
PN;PN3335;Aesthetics. Criticism, etc.
PN;PN3338;General works
PN;PN3340;Realism and romanticism in prose fiction
PN;PN3341;Relation to life
PN;PN3342;Relation to art
PN;PN3343;Relation to history
PN;PN3344;Relation to sociology
PN;PN3347;Relation to philosophy, ethics, etc.
PN;PN3351;Relation to religion, mythology, etc.
PN;PN3352.A-Z;Other special, A-Z
PN;PN3352.A34;Absurdity
PN;PN3352.A38;Adultery
PN;PN3352.A52;AIDS (Disease)
PN;PN3352.A54;Androids
PN;PN3352.A55;Animals
PN;PN3352.A73;Archives
PN;PN3352.A75;Aristocracy (Social class)
PN;PN3352.A84;Asia
PN;PN3352.B37;Barcelona (Spain)
PN;PN3352.B53;Bible
PN;PN3352.C37;Carnival
PN;PN3352.C45;Characters and characteristics
PN;PN3352.C47;Christianity
PN;PN3352.C49;Circus
PN;PN3352.C5;Cities and towns
PN;PN3352.C6;The comic
PN;PN3352.C74;Crime
PN;PN3352.D36;Dance
PN;PN3352.D44;Demonology. Demons
PN;PN3352.D57;Disasters
PN;PN3352.D58;Discrimination
PN;PN3352.E2;Economics
PN;PN3352.E38;Education
PN;PN3352.E45;Emigration and immigration
PN;PN3352.E56;Emotions
PN;PN3352.E68;Equality
PN;PN3352.E95;Existentialism
PN;PN3352.F35;Failure (Psychology)
PN;PN3352.F67;Forgery
PN;PN3352.G56;Globalization
PN;PN3352.G64;God
PN;PN3352.G76;Grotesque
PN;PN3352.G85;Guilt
PN;PN3352.H63;Holocaust, Jewish (1939-1945)
PN;PN3352.H65;Homosexuality
PN;PN3352.I53;Illegitimacy
PN;PN3352.I535;Imperialism
PN;PN3352.I54;Infanticide
PN;PN3352.I55;Innocence
PN;PN3352.I56;Interpersonal relations
PN;PN3352.I78;Islamic fundamentalism
PN;PN3352.I83;Islamophobia
PN;PN3352.I85;Islands
PN;PN3352.J39;Jazz
PN;PN3352.J9;Judicial error
PN;PN3352.K56;Knowledge
PN;PN3352.M26;Magic
PN;PN3352.M3;Management
PN;PN3352.M34;Marginality, Social
PN;PN3352.M55;Mimesis
PN;PN3352.M57;Miscegenation
PN;PN3352.M85;Multiculturalism
PN;PN3352.M87;Murder
PN;PN3352.M89;Music
PN;PN3352.N83;Nuclear warfare
PN;PN3352.O27;Obsessive-compulsive disorder
PN;PN3352.O84;Other (Philosophy)
PN;PN3352.P26;Painting
PN;PN3352.P3;Paris
PN;PN3352.P38;Petroleum
PN;PN3352.P46;Photography
PN;PN3352.P64;Portraits
PN;PN3352.P67;Probability. Verisimilitude
PN;PN3352.P7;Psychology
PN;PN3352.Q37;Quests
PN;PN3352.R34;Railroads
PN;PN3352.R43;Regionalism
PN;PN3352.S3;School
PN;PN3352.S34;Science
PN;PN3352.S44;Self
PN;PN3352.S48;Sex
PN;PN3352.S49;Shamanism
PN;PN3352.S5;Sickness
PN;PN3352.S68;Sound recordings
PN;PN3352.S72;Statues
PN;PN3352.S74;Storytelling
PN;PN3352.S94;Swindlers and swindling
PN;PN3352.T35;Terrorism
PN;PN3352.T45;Theater
PN;PN3352.T5;Time
PN;PN3352.T73;Tragic, The
PN;PN3352.T74;Translating and interpreting
PN;PN3352.T75;Travel
PN;PN3352.V54;Vietnam War, 1961-1975
PN;PN3352.W34;Walking
PN;PN3352.W66;Women
PN;PN3353;General works
PN;PN3354;Addresses, essays, lectures
PN;PN3355;General works (Fiction in general)
PN;PN3365;The novel
PN;PN3373;The short story
PN;PN3377;Juvenile stories
PN;PN3377.5.A-Z;Other, A-Z
PN;PN3377.5.A37;Adventure stories
PN;PN3377.5.A48;Alternative histories (Fiction)
PN;PN3377.5.C45;Chick lit
PN;PN3377.5.C47;Christian fiction
PN;PN3377.5.C57;Computer-produced fiction
PN;PN3377.5.C6;Confession stories
PN;PN3377.5.C75;Crime writing
PN;PN3377.5.D4;Detective and mystery stories
PN;PN3377.5.E76;Erotic stories
PN;PN3377.5.F313;Fables
PN;PN3377.5.F32;Fairy tales
PN;PN3377.5.F33;Fan fiction
PN;PN3377.5.F34;Fantastic fiction
PN;PN3377.5.F53;Flash fiction
PN;PN3377.5.H57;Historical fiction
PN;PN3377.5.H67;Horror tales
PN;PN3377.5.L44;Legends
PN;PN3377.5.L68;Love stories
PN;PN3377.5.O33;Occult fiction
PN;PN3377.5.O9;Outdoor life
PN;PN3377.5.R45;Reportage literature
PN;PN3377.5.R48;Revolutionary literature
PN;PN3377.5.S3;Science fiction
PN;PN3377.5.S77;Stream of consciousness fiction
PN;PN3377.5.S87;Suspense fiction
PN;PN3377.5.T35;Tales
PN;PN3377.5.V56;Violence
PN;PN3377.5.W37;War stories
PN;PN3377.5.W47;Western stories
PN;PN3378;Plots
PN;PN3383.A-Z;Other, A-Z
PN;PN3383.C4;Characterization
PN;PN3383.C55;Closure
PN;PN3383.D53;Dialogue
PN;PN3383.E35;Editing
PN;PN3383.E96;Exposition
PN;PN3383.F74;Free indirect speech
PN;PN3383.I5;Indirect discourse
PN;PN3383.M48;Metaphor
PN;PN3383.N35;Narration
PN;PN3383.O64;Openings
PN;PN3383.P37;Parody
PN;PN3383.P64;Point of view
PN;PN3383.R46;Repetition
PN;PN3383.S42;Setting
PN;PN3383.S67;Space
PN;PN3383.S79;Style
PN;PN3383.S83;Subtext
PN;PN3385;General works
PN;PN3401;Women writers. Feminism in fiction
PN;PN3403;Men writers. Masculinity in fiction
PN;PN3406;Muslim writers
PN;PN3411;Characters: Heroes and heroines, etc.
PN;PN3418;Jews
PN;PN3423;Black people
PN;PN3426.A-Z;Other, A-Z
PN;PN3426.A75;Armenians
PN;PN3426.A77;Artists
PN;PN3426.A87;Autistic people
PN;PN3426.C5;Children
PN;PN3426.C74;Creoles
PN;PN3426.K65;Knights and knighthood
PN;PN3426.L3;Labor. Working class
PN;PN3426.L37;Lawyers
PN;PN3426.N85;Nuns
PN;PN3426.N96;Nymphets
PN;PN3426.P4;Peasants
PN;PN3426.P46;People with mental disabilities
PN;PN3426.P55;Philologists
PN;PN3426.P75;Prostitutes
PN;PN3426.S24;Saints
PN;PN3426.T73;Transvestites. Cross-dressers
PN;PN3426.W65;Women
PN;PN3427;General works
PN;PN3428;General
PN;PN3432;"Robinsonades, ""Avanturiers,"" etc."
PN;PN3433;Periodicals. Societies. Serials
PN;PN3433.2;Congresses
PN;PN3433.3;Exhibitions, museums, etc.
PN;PN3433.4;Encyclopedias. Dictionaries
PN;PN3433.5;General works
PN;PN3433.6;Special topics (not A-Z)
PN;PN3433.7;Study and teaching
PN;PN3433.8;History
PN;PN3435;Tales of wonder, terror, etc. Fantastic fiction
PN;PN3437;Fairy tales
PN;PN3441;The historical novel
PN;PN3443;Juvenile and young adult fiction
PN;PN3448.A-Z;Other, A-Z
PN;PN3448.A3;Adventure stories
PN;PN3448.A47;Alternative histories (Fiction)
PN;PN3448.A8;Autobiographical fiction
PN;PN3448.B54;Bildungsromans
PN;PN3448.B56;Biographical fiction
PN;PN3448.C48;Christian fiction
PN;PN3448.C49;College stories
PN;PN3448.C94;Cycles
PN;PN3448.D4;Detective and mystery stories
PN;PN3448.E36;Ecofiction
PN;PN3448.E6;Epistolary novel
PN;PN3448.E76;Erotic stories
PN;PN3448.F36;Fan fiction
PN;PN3448.F54;Film novelizations
PN;PN3448.G68;Gothic fiction
PN;PN3448.H4;Heroic romance
PN;PN3448.H96;Hypertext fiction
PN;PN3448.K85;Künstlerroman
PN;PN3448.L4;Legal novels
PN;PN3448.L67;Love stories
PN;PN3448.P38;Pastoral fiction
PN;PN3448.P6;Political novel
PN;PN3448.P8;Psychological novel
PN;PN3448.S456;Sea stories
PN;PN3448.S46;Sentimental novel
PN;PN3448.S47;Sequels
PN;PN3448.S48;Serialized fiction
PN;PN3448.S6;Sociological novel
PN;PN3448.S64;Speculative fiction
PN;PN3448.S66;Spy stories
PN;PN3448.S73;Steampunk fiction
PN;PN3448.S86;Suspense fiction
PN;PN3448.U7;Utopian literature
PN;PN3448.W3;War stories
PN;PN3448.W4;Western stories
PN;PN3451;American and English
PN;PN3452;Dutch
PN;PN3453;French
PN;PN3454;German
PN;PN3455;Italian
PN;PN3456;Scandinavian
PN;PN3457;Slavic
PN;PN3458;Spanish and Portuguese
PN;PN3459.A-Z;Other, A-Z
PN;PN3463;Addresses, essays, lectures
PN;PN3466;Ancient
PN;PN3481;Renaissance
PN;PN3491;General works
PN;PN3493;17th century
PN;PN3495;18th century
PN;PN3499;19th century
PN;PN3500;Early 19th century. Romanticism
PN;PN3503;20th century
PN;PN3504;21st century
PN;PN4001;English
PN;PN4003;Other
PN;PN4007;Directories
PN;PN4009;Societies
PN;PN4012;Collections (of monographs, etc., on the art, history, etc., of oratory)
PN;PN4016;Dictionaries
PN;PN4021;Comprehensive
PN;PN4023;General special
PN;PN4031;Middle Ages
PN;PN4036;Comprehensive
PN;PN4039;16th century
PN;PN4042;17th century
PN;PN4045;18th century
PN;PN4048;19th century
PN;PN4051;20th century
PN;PN4051.2;21st century
PN;PN4055.A-Z;By region or country, A-Z
PN;PN4057;Collected
PN;PN4058;Lecturers
PN;PN4059;Elocutionists
PN;PN4061;Philosophy. Theory. Relations
PN;PN4066;Satire. Humor
PN;PN4071;Periodicals. Serials
PN;PN4073;Societies
PN;PN4075;Congresses
PN;PN4076;Competitions. Oratorical contests
PN;PN4086;General works. History
PN;PN4088;Audiovisual aids
PN;PN4089;Examinations, questions, etc.
PN;PN4091;General works
PN;PN4092.A-Z;By place, A-Z
PN;PN4093.A-Z;Schools. By city, A-Z
PN;PN4093.8;Collective
PN;PN4094.A-Z;Individual, A-Z
PN;PN4095.A-Z;Other regions or countries, A-Z
PN;PN4096;Criticism
PN;PN4098;Vocational guidance
PN;PN4103;Latin
PN;PN4105;Other
PN;PN4111;American and English
PN;PN4112;Dutch
PN;PN4113;French
PN;PN4114;German
PN;PN4115;Italian
PN;PN4116;Scandinavian
PN;PN4117;Slavic
PN;PN4118;Spanish and Portuguese
PN;PN4119.A-Z;Other, A-Z
PN;PN4121;American and English
PN;PN4122;Dutch
PN;PN4123;French
PN;PN4124;German
PN;PN4125;Italian
PN;PN4126;Scandinavian
PN;PN4127;Slavic
PN;PN4128;Spanish and Portuguese
PN;PN4129.A-Z;Other, A-Z
PN;PN4129.15;American and English
PN;PN4129.2;Dutch
PN;PN4129.3;French
PN;PN4129.4;German
PN;PN4129.5;Italian
PN;PN4129.6;Scandinavian
PN;PN4129.7;Slavic
PN;PN4129.8;Spanish and Portuguese
PN;PN4129.9.A-Z;Other, A-Z
PN;PN4130;Addresses, essays, lectures, etc.
PN;PN4135;Audiences
PN;PN4140;Subjects
PN;PN4142;Composition, style, etc.
PN;PN4145;General works
PN;PN4148;Chamber theater
PN;PN4151;Poetry. Poetry readings
PN;PN4155;General works
PN;PN4157;Delsarte system
PN;PN4158;Quotation
PN;PN4162;General works
PN;PN4163.A-Z;Special topics, A-Z
PN;PN4163.C5;Children's voices
PN;PN4163.S8;Stimulants, Effect of
PN;PN4165;Gestures
PN;PN4168;Extemporaneous speaking
PN;PN4173;Pulpit oratory and elocution
PN;PN4177;Periodicals. Societies. Serials
PN;PN4181;Treatises
PN;PN4183.A-Z;Special topics, A-Z
PN;PN4183.C74;Cross-examination
PN;PN4183.J83;Judging
PN;PN4185;Associations, leagues, etc.
PN;PN4187;General works
PN;PN4189.A-Z;Special colleges, schools, etc., A-Z
PN;PN4191.A-Z;Other regions or countries, A-Z
PN;PN4192.A-Z;Special classes of persons, A-Z
PN;PN4192.A72;Architects
PN;PN4192.B87;Businesspeople
PN;PN4192.C45;Church leaders
PN;PN4192.C63;Coaches
PN;PN4192.E53;Engineers
PN;PN4192.M37;Masters of ceremonies
PN;PN4192.M43;Medical personnel
PN;PN4192.P79;Psychologists
PN;PN4192.S35;School administrators
PN;PN4192.S39;Scientists
PN;PN4192.S78;Students
PN;PN4192.S94;Supervisors
PN;PN4192.T43;Teachers. Educators
PN;PN4192.U54;Union representatives
PN;PN4192.W65;Women
PN;PN4193.A-Z;Other special, A-Z
PN;PN4193.B6;Biographical speeches
PN;PN4193.B8;Business speeches
PN;PN4193.C5;Choral speaking
PN;PN4193.I5;Illustrative incidents, stories, etc.
PN;PN4193.L4;Lectures and lecturing
PN;PN4193.M5;Military service
PN;PN4193.O4;Occasional speeches
PN;PN4193.O7;Open-air meeting
PN;PN4193.P5;Poetry recitation
PN;PN4193.P6;Political oratory
PN;PN4193.P73;Press conferences
PN;PN4193.R63;Roasts
PN;PN4197;Drill books. Voice culture
PN;PN4199;Serials
PN;PN4200;Early through 1830
PN;PN4201;1831-
PN;PN4215;New England
PN;PN4217;South
PN;PN4219;West
PN;PN4221;Pacific
PN;PN4225.A-.W;By state, A-W
PN;PN4228.A-Z;Foreign. By nationality, A-Z
PN;PN4230;Early through 1830
PN;PN4231;1831-
PN;PN4240;Early through 1830
PN;PN4241;1831-
PN;PN4250;Early through 1830
PN;PN4251;1831-
PN;PN4270;Early through 1830
PN;PN4271;1831-
PN;PN4290;Early to 1830
PN;PN4291;1831-
PN;PN4305.A-Z;Other special. By subject, A-Z
PN;PN4305.B53;Black people
PN;PN4305.C3;Catholic
PN;PN4305.C4;Choral recitations
PN;PN4305.C5;Christmas
PN;PN4305.C6;Club and lodge-room
PN;PN4305.C7;College, commencement parts, etc
PN;PN4305.D6;Dialect
PN;PN4305.E2;Easter
PN;PN4305.H7;Holidays
PN;PN4305.I5;Impersonations
PN;PN4305.I6;Indians
PN;PN4305.I7;Introduction of speakers
PN;PN4305.J48;Jewish
PN;PN4305.M3;Martial, heroic, etc.
PN;PN4305.M6;Monologues
PN;PN4305.M8;Musical recitations
PN;PN4305.N3;Nature
PN;PN4305.O4;Occasional addresses. After-dinner speeches
PN;PN4305.P3;Pathetic, etc.
PN;PN4305.R3;Radio talks, etc.
PN;PN4305.S3;St. Valentine's day
PN;PN4305.S4;School exercises
PN;PN4305.T3;Tableaux, drills, etc., with recitations
PN;PN4305.T5;Thanksgiving
PN;PN4305.W44;Weddings
PN;PN4309;Addresses, essays, lectures
PN;PN4321;Indexes
PN;PN4331-4333;Dutch (Table PN10)
PN;PN4336-4338;French (Table PN10)
PN;PN4341-4343;German (Table PN10)
PN;PN4346-4348;Italian (Table PN10)
PN;PN4351-4353;Spanish (Table PN10)
PN;PN4355.A-Z;Other, A-Z
PN;PN4355.D2;Danish
PN;PN4355.N8;Norwegian
PN;PN4355.S8;Swedish
PN;PN4390;Diaries
PN;PN4395;Notebooks. Commonplace books
PN;PN4397;Anthologies
PN;PN4400;Letters (Literary history)
PN;PN4500;Essays
PN;PN4550;Periodicals. Societies. Serials
PN;PN4551;Congresses
PN;PN4552;General works
PN;PN4553;Philosophy
PN;PN4554;General works
PN;PN4555.A-Z;By region or country, A-Z
PN;PN4557;Authorship. Technique
PN;PN4560;General works
PN;PN4560.3;Relation to history
PN;PN4563.A-Z;Special classes of authors, A-Z
PN;PN4563.W66;Women
PN;PN4565.A-Z;Other special topics, A-Z
PN;PN4565.A47;African Americans
PN;PN4565.L38;Law
PN;PN4565.P65;Political aspects
PN;PN4565.W58;Wit and humor
PN;PN4567.2;Blogs
PN;PN4567.6;Microblogs
PN;PN4567.7;Podcasts
PN;PN4567.9;Video blogs
PN;PN4569.A-Z;Individual social networks, A-Z
PN;PN4569.F33;Facebook
PN;PN4569.I57;Instagram
PN;PN4569.M97;MySpace
PN;PN4569.T85;Twitter
PN;PN4580;General
PN;PN4581.A-Z;Special classes of authors, A-Z
PN;PN4581.W66;Women
PN;PN4583.A-Z;By subject, A-Z
PN;PN4583.F75;Friendship
PN;PN4587;Collective
PN;PN4587.2.A-Z;Individual, A-Z
PN;PN4699;International. Polyglot
PN;PN4700;American
PN;PN4701;English
PN;PN4702;French
PN;PN4703;German
PN;PN4705;Other
PN;PN4712;General works
PN;PN4714;News agencies
PN;PN4715;Press councils
PN;PN4716;General works
PN;PN4716.2.A-Z;Special institutions, A-Z
PN;PN4717;Congresses. Conferences
PN;PN4720.A-Z;Exhibitions. By place, A-Z
PN;PN4722;Series: Monographs, etc.
PN;PN4724;Collected works of two or more authors
PN;PN4725;Collected works, essays, papers, etc., by individual authors
PN;PN4726;Specimens of journalistic writings
PN;PN4727;Archives
PN;PN4728;Encyclopedias. Dictionaries
PN;PN4729;General works
PN;PN4729.2;Information services
PN;PN4729.3;Computer network resources
PN;PN4731;General works. Theory, scope, influence, etc.
PN;PN4733;Addresses, essays, lectures
PN;PN4734;General works
PN;PN4734.5.A-Z;Individual international firms and groups, A-Z
PN;PN4735;General works
PN;PN4736;International press
PN;PN4737;Government press services
PN;PN4738;General works
PN;PN4739.A-Z;Local, A-Z
PN;PN4741;Newspaper libel
PN;PN4745;Other special
PN;PN4748.A-Z;Other regions or countries, A-Z
PN;PN4749;Relation to social questions
PN;PN4751;Relation to politics
PN;PN4756;Relation to ethics, religion, etc.
PN;PN4759;Relation to literature
PN;PN4762;Relation to art
PN;PN4765;Relation to the stage, etc.
PN;PN4766;Relation to social media
PN;PN4771;Other
PN;PN4775;General works
PN;PN4776;Juvenile works
PN;PN4778;The editor. Editing
PN;PN4781;Reporting, correspondence, etc.
PN;PN4783;Newspaper style
PN;PN4784.A-Z;Other, A-Z
PN;PN4784.A18;Abortion
PN;PN4784.A26;Aeronautical journalism
PN;PN4784.A3;Agricultural journalism
PN;PN4784.A5;Anniversary editions
PN;PN4784.A77;Arts
PN;PN4784.A94;Automotive journalism
PN;PN4784.B75;Broadcast journalism
PN;PN4784.C3;Catholic press
PN;PN4784.C45;Celebrities
PN;PN4784.C6;Circulation. Marketing
PN;PN4784.C615;Citizen journalism
PN;PN4784.C62;City editor
PN;PN4784.C624;Climatic changes
PN;PN4784.C625;Clippings
PN;PN4784.C63;The coach
PN;PN4784.C64;Colombia
PN;PN4784.C65;Column writing
PN;PN4784.C7;Commercial journalism
PN;PN4784.C72;Communist press
PN;PN4784.C73;Community newspapers
PN;PN4784.C75;Copyreading
PN;PN4784.C77;Country newspapers. Rural journalism
PN;PN4784.C88;Crime and journalism
PN;PN4784.C883;Crises
PN;PN4784.C885;Criticism of the press
PN;PN4784.C887;Crowd funding
PN;PN4784.C9;Cub reporters
PN;PN4784.D37;Death
PN;PN4784.D4;Dental journalism
PN;PN4784.D47;Developing countries
PN;PN4784.D57;Disaster reporting
PN;PN4784.E28;Editorial writing. Editorials
PN;PN4784.E3;Educational journalism
PN;PN4784.E5;Electronic data processing
PN;PN4784.E53;Electronic news gathering
PN;PN4784.E6;Employees' magazines
PN;PN4784.E68;Environment. Environmental protection
PN;PN4784.E7;Equipment and supplies
PN;PN4784.E75;Errors in the press
PN;PN4784.E78;Ethnic press
PN;PN4784.F27;Fake news
PN;PN4784.F3;Family in the press
PN;PN4784.F33;Fashion
PN;PN4784.F37;Feature writing
PN;PN4784.F4;Feuilletons
PN;PN4784.F5;Finance
PN;PN4784.F55;Food
PN;PN4784.F6;Foreign news
PN;PN4784.F74;Free circulation newspapers and periodicals
PN;PN4784.F76;Freelance journalism
PN;PN4784.G46;Genocide
PN;PN4784.G5;Ghost writing
PN;PN4784.G66;Gonzo journalism
PN;PN4784.H4;Headlines
PN;PN4784.H6;House organs
PN;PN4784.H86;Human rights
PN;PN4784.I46;Immersive journalism
PN;PN4784.I55;Indian press
PN;PN4784.I6;Interviewing
PN;PN4784.I73;Islam
PN;PN4784.I82;Italy
PN;PN4784.L3;Labor press
PN;PN4784.L44;Legal journalism
PN;PN4784.L6;Local editions
PN;PN4784.M34;Management
PN;PN4784.M36;Maps
PN;PN4784.M37;Mathematics
PN;PN4784.M4;Medical journalism
PN;PN4784.M45;Middle East
PN;PN4784.M5;Military journalism
PN;PN4784.M54;Mining journalism
PN;PN4784.M6;Motion picture journalism
PN;PN4784.N4;New literates
PN;PN4784.N48;News audiences
PN;PN4784.N5;Newsletters
PN;PN4784.N6;Notetaking
PN;PN4784.O22;Obituaries
PN;PN4784.O24;Objectivity
PN;PN4784.O6;Ombudsmen
PN;PN4784.O62;Online journalism
PN;PN4784.O64;Open letters
PN;PN4784.O9;Outdoor journalism
PN;PN4784.P2;Paragraphers
PN;PN4784.P4;Personnel management
PN;PN4784.P5;Pictorial journalism
PN;PN4784.P69;Press conferences
PN;PN4784.P7;Prison journalism
PN;PN4784.P73;Prisoner-of-war journalism
PN;PN4784.P8;Publicity
PN;PN4784.Q6;Quotation
PN;PN4784.R2;Radio journalism
PN;PN4784.R27;Readership surveys
PN;PN4784.R29;Regional journalism
PN;PN4784.R3;Religious press
PN;PN4784.R35;Islam
PN;PN4784.R38;Research
PN;PN4784.R4;Reviews. Critical writing
PN;PN4784.R65;Romanies
PN;PN4784.S4;Sensationalism
PN;PN4784.S5;Small town journalism
PN;PN4784.S55;Socialist journalism
PN;PN4784.S58;Specialization
PN;PN4784.S6;Sports journalism
PN;PN4784.S7;Stories
PN;PN4784.S73;Stringers (Journalists)
PN;PN4784.S75;Subjects for articles
PN;PN4784.S8;Syndicating
PN;PN4784.T23;Tabloid newspapers
PN;PN4784.T3;Technical journalism
PN;PN4784.T34;Technological innovations in journalism
PN;PN4784.T4;Television
PN;PN4784.T45;Terrorism
PN;PN4784.T72;Translation
PN;PN4784.T73;Travel journalism
PN;PN4784.U53;Underground press
PN;PN4784.V54;Video journalism
PN;PN4784.V56;Violence
PN;PN4784.W37;War
PN;PN4784.W38;War brides
PN;PN4784.W43;Web usage mining
PN;PN4784.W58;Wit and humor in journalism
PN;PN4784.W7;Women in journalism
PN;PN4785;General works
PN;PN4786;Audiovisual aids
PN;PN4788;General works
PN;PN4789.A-Z;By region or state, A-Z
PN;PN4791.A-Z;By school, A-Z
PN;PN4793.A-Z;Other regions or countries, A-Z
PN;PN4797;Journalism as a profession
PN;PN4798;Competitions, prizes, etc.
PN;PN4801;Comprehensive
PN;PN4805;Origins
PN;PN4808;18th century
PN;PN4811;19th century
PN;PN4815;20th century
PN;PN4815.2;21st century
PN;PN4820;General works
PN;PN4823;War correspondents
PN;PN4825;General works. History
PN;PN4826;Associations, societies, etc.
PN;PN4827;General works
PN;PN4828;By state
PN;PN4829;By city
PN;PN4830.A-Z;Other regions or countries, A-Z
PN;PN4832;History and other general
PN;PN4833;Electronic journals
PN;PN4834;Illustrated magazines
PN;PN4835;Juvenile periodicals
PN;PN4835.5;Women's periodicals
PN;PN4836;Other special
PN;PN4837.A2;General works
PN;PN4837.A3-Z;By language, A-Z
PN;PN4838;Miscellaneous. Anecdotes, stories, etc.
PN;PN4839;Curiosities, oddities, etc. of newspapers
PN;PN4840;America. North America
PN;PN4841.A1;General works
PN;PN4841.A2-Z;Individual, A-Z
PN;PN4844.A-.W;State societies. By state, A-W
PN;PN4846;Press councils
PN;PN4848;Conferences. Conventions
PN;PN4853;Collections
PN;PN4855;Comprehensive
PN;PN4857;Addresses, essays, lectures
PN;PN4858;Early
PN;PN4861;18th century
PN;PN4864;19th century
PN;PN4867;20th century
PN;PN4867.2;21st century
PN;PN4871;Collective
PN;PN4871.5;African Americans
PN;PN4872;Women
PN;PN4874.A-Z;Individual, A-Z
PN;PN4877;General
PN;PN4878;Juvenile periodicals
PN;PN4878.1;Electronic journals
PN;PN4878.3;Little magazines
PN;PN4878.5;Pulp magazines
PN;PN4878.7;Regional periodicals
PN;PN4879;Women's magazines
PN;PN4880;Humorous magazines
PN;PN4881;University magazines
PN;PN4882;General works
PN;PN4882.5;African American press
PN;PN4883;American Indian press
PN;PN4883.5;Irish American press
PN;PN4883.7;Jewish American press
PN;PN4884;General works
PN;PN4885.A-Z;Special, A-Z
PN;PN4885.A4-.A44;Albanian (Table PN4)
PN;PN4885.A73-.A734;Arabic (Table PN4)
PN;PN4885.A75-.A754;Armenian (Table PN4)
PN;PN4885.C5-.C54;Chinese (Table PN4)
PN;PN4885.C94-.C944;Czech (Table PN4)
PN;PN4885.D35-.D354;Danish (Table PN4)
PN;PN4885.E87-.E874;Estonian (Table PN4)
PN;PN4885.F55-.F554;Finnish (Table PN4)
PN;PN4885.F72-.F724;French (Table PN4)
PN;PN4885.G3-.G34;German (Table PN4)
PN;PN4885.I8-.I84;Italian (Table PN4)
PN;PN4885.J35-.J354;Japanese (Table PN4)
PN;PN4885.L37-.L374;Latvian (Table PN4)
PN;PN4885.L54-.L544;Lithuanian (Table PN4)
PN;PN4885.N6-.N64;Norwegian (Table PN4)
PN;PN4885.P7-.P74;Polish (Table PN4)
PN;PN4885.R66-.R664;Romanian (Table PN4)
PN;PN4885.S2-.S24;Scandinavian (Table PN4)
PN;PN4885.S45-.S454;Slavic (Table PN4)
PN;PN4885.S47-.S474;Slovak (Table PN4)
PN;PN4885.S5-.S54;Slovenian (Table PN4)
PN;PN4885.S75-.S754;Spanish (Table PN4)
PN;PN4885.S8-.S84;Swedish (Table PN4)
PN;PN4885.T87-.T874;Turkish (Table PN4)
PN;PN4885.U4-.U44;Ukrainian. Ruthenian (Table PN4)
PN;PN4885.V53-.V534;Vietnamese (Table PN4)
PN;PN4885.W44-.W444;Welsh (Table PN4)
PN;PN4885.Y5-.Y54;Yiddish (Table PN4)
PN;PN4888.A-Z;Other special topics, A-Z
PN;PN4888.A2;Abortion
PN;PN4888.A38;Advice columns
PN;PN4888.A4;Aeronautical journalism
PN;PN4888.A43;Agricultural journalism
PN;PN4888.A67;Arabs in the press
PN;PN4888.A87;Awards
PN;PN4888.B57;Birth control
PN;PN4888.B74;Broadcast journalism
PN;PN4888.C4;Cable dispatches
PN;PN4888.C47;Caribbean Area
PN;PN4888.C5;Catholic press
PN;PN4888.C54;China
PN;PN4888.C56;Circulation. Marketing
PN;PN4888.C57;Collectors and collecting
PN;PN4888.C59;Commercial journalism
PN;PN4888.C593;Communist press
PN;PN4888.C594;Community newspapers
PN;PN4888.C598;Conservatism in the press
PN;PN4888.C6;Corruption of the press
PN;PN4888.C7;Country newspapers
PN;PN4888.C8;Crime and the press
PN;PN4888.C83;Criticism of the press
PN;PN4888.C84;Cuba
PN;PN4888.C94;Czechoslovakia
PN;PN4888.D57;Disaster reporting
PN;PN4888.E28;Editorial writing. Editorials
PN;PN4888.E3;Educational journalism
PN;PN4888.E58;Employees
PN;PN4888.E6;Employees' magazines
PN;PN4888.E65;Environmental protection
PN;PN4888.E67;Epidemics
PN;PN4888.E8;Ethics of journalism
PN;PN4888.E94;Evolution
PN;PN4888.E95;Executions and executioners
PN;PN4888.E97;Explorers
PN;PN4888.F35;Fake news
PN;PN4888.F43;Feature stories
PN;PN4888.F5;Fiction
PN;PN4888.F6;Finance
PN;PN4888.F67;Food contamination in the press
PN;PN4888.F69;Foreign news
PN;PN4888.F73;France
PN;PN4888.F86;Fundamentalism
PN;PN4888.G38;Gay parents
PN;PN4888.G6;German literature in American magazines
PN;PN4888.G63;Germany
PN;PN4888.H57;Hispanic Americans
PN;PN4888.H65;Homophobia
PN;PN4888.H66;Homosexuality
PN;PN4888.I518;Immigration
PN;PN4888.I52;Indians
PN;PN4888.I53;Influence
PN;PN4888.I56;Investigative reporting
PN;PN4888.I78;Islam. Muslims
PN;PN4888.J48;Jewish-Arab relations
PN;PN4888.L27;Labor, Portrayal of. Working class
PN;PN4888.L3;Labor press
PN;PN4888.L47;Letters to the editor. Readers' opinions, etc.
PN;PN4888.L96;Lynching
PN;PN4888.M37;Maps
PN;PN4888.M43;Medical journalism
PN;PN4888.M45;Men's magazines
PN;PN4888.M54;Military journalism. Armed Forces newspapers
PN;PN4888.M56;Minorities in the press
PN;PN4888.M6;Motion picture journalism
PN;PN4888.N47;News audiences
PN;PN4888.N48;Newsletters
PN;PN4888.N53;Nicaragua
PN;PN4888.N67;North Korea
PN;PN4888.O25;Objectivity
PN;PN4888.O73;Op-ed pages
PN;PN4888.O85;Ownership
PN;PN4888.P45;Personnel management
PN;PN4888.P47;Petroleum industry and trade
PN;PN4888.P6;Political aspects
PN;PN4888.P75;Prison journalism
PN;PN4888.P82;Public opinion
PN;PN4888.R3;Racism
PN;PN4888.R33;Radio journalism
PN;PN4888.R37;Readership surveys
PN;PN4888.R4;Religious journalism
PN;PN4888.R45;Research
PN;PN4888.R86;Russia
PN;PN4888.S43;Securities fraud in the press
PN;PN4888.S46;Sensationalism
PN;PN4888.S47;Serial murderers in the press
PN;PN4888.S49;Sex crimes in the press
PN;PN4888.S6;Social aspects
PN;PN4888.S67;Standards
PN;PN4888.S77;Supernatural
PN;PN4888.S8;Supplements
PN;PN4888.S9;Syndicates
PN;PN4888.T3;Tabloid newspapers
PN;PN4888.T4;Television journalism
PN;PN4888.T55;Time management
PN;PN4888.T58;Titles of newspapers
PN;PN4888.U5;Underground press
PN;PN4888.V46;Venezuela
PN;PN4888.W34;Wages
PN;PN4888.W37;War
PN;PN4888.W63;Women athletes
PN;PN4888.W65;Women, Portrayal of
PN;PN4888.W66;Women's employment, participation, etc., in journalism
PN;PN4888.W67;Women's pages
PN;PN4889;Newspaper and periodical distributors
PN;PN4891;New England
PN;PN4892;Middle States
PN;PN4893;South
PN;PN4894;West
PN;PN4895;Pacific
PN;PN4897.A-.W;Local. By state, A-W
PN;PN4899.A-Z;Local. By place, A-Z
PN;PN4900.A-Z;Particular magazines and other periodicals. By name, A-Z
PN;PN4901-4920;Canada (Table PN1)
PN;PN4930;General works
PN;PN4930.5;General works
PN;PN4931-4940;Cuba (Table PN2)
PN;PN4941-4950;Puerto Rico (Table PN2)
PN;PN4959.A-Z;Other West Indies, A-Z
PN;PN4961-4980;Mexico (Table PN1)
PN;PN4988;General works
PN;PN4989.A-Z;By region or country, A-Z
PN;PN5000;General works
PN;PN5001-5010;Argentina (Table PN2)
PN;PN5011-5015;Bolivia (Table PN3)
PN;PN5021-5030;Brazil (Table PN2)
PN;PN5031-5035;Guyana. British Guiana (Table PN3)
PN;PN5041-5050;Chile (Table PN2)
PN;PN5051-5055;Colombia (Table PN3)
PN;PN5061-5065;Suriname (Table PN3)
PN;PN5066-5070;Ecuador (Table PN3)
PN;PN5071-5075;French Guiana (Table PN3)
PN;PN5076-5080;Paraguay (Table PN3)
PN;PN5081-5085;Peru (Table PN3)
PN;PN5091-5095;Uruguay (Table PN3)
PN;PN5101-5105;Venezuela (Table PN3)
PN;PN5106.A-Z;Other South American regions or countries, A-Z
PN;PN5110;General works
PN;PN5110.5.A-Z;Special topics, A-Z
PN;PN5110.5.A54;Angola
PN;PN5110.5.A77;Arts
PN;PN5110.5.E45;Emigration and immigration
PN;PN5110.5.F35;Fake news
PN;PN5110.5.K67;Korea
PN;PN5110.5.R44;Refugees
PN;PN5110.5.T87;Turks
PN;PN5111-5130;Great Britain. England (Table PN1)
PN;PN5131-5140;Scotland (Table PN2)
PN;PN5141-5150;Ireland (Table PN2)
PN;PN5151-5160;Wales (Table PN2)
PN;PN5161-5170;Austria (Table PN2)
PN;PN5171-5190;France (Table PN1)
PN;PN5201-5220;Germany (Table PN1)
PN;PN5231-5240;Greece (Table PN2)
PN;PN5241-5250;Italy (Table PN2)
PN;PN5251-5260;Netherlands (Table PN2)
PN;PN5261-5270;Belgium (Table PN2)
PN;PN5271-5280;Russia (Table PN2)
PN;PN5280.5;General works
PN;PN5281-5290;Denmark (Table PN2)
PN;PN5291-5300;Norway (Table PN2)
PN;PN5301-5310;Sweden (Table PN2)
PN;PN5311-5320;Spain (Table PN2)
PN;PN5321-5330;Portugal (Table PN2)
PN;PN5331-5340;Switzerland (Table PN2)
PN;PN5355.A-Z;Other European regions or countries, A-Z
PN;PN5355.A4-.A44;Albania (Table PN4)
PN;PN5355.B28;Balkan Peninsula
PN;PN5355.B3;Baltic States
PN;PN5355.B38-.B384;Belarus (Table PN4)
PN;PN5355.B47;Bessarabia (Moldova and Ukraine)
PN;PN5355.B67-.B674;Bosnia and Hercegovina (Table PN4)
PN;PN5355.B8-.B84;Bulgaria (Table PN4)
PN;PN5355.C66;Communist countries
PN;PN5355.C7-.C74;Croatia (Table PN4)
PN;PN5355.C94-.C944;Czech Republic (Table PN4)
PN;PN5355.C95;Czechoslovakia
PN;PN5355.E8-.E84;Estonia (Table PN4)
PN;PN5355.E852;Europe, Eastern
PN;PN5355.E856;Europe, Southern
PN;PN5355.E86;European Union countries
PN;PN5355.F5-.F54;Finland (Table PN4)
PN;PN5355.G4-.G44;Georgia (Republic) (Table PN4)
PN;PN5355.G5-.G54;Gibraltar (Table PN4)
PN;PN5355.H8-.H84;Hungary (Table PN4)
PN;PN5355.I3-.I34;Iceland (Table PN4)
PN;PN5355.K67-.K674;Kosovo (Republic) (Table PN4)
PN;PN5355.L3-.L34;Latvia (Table PN4)
PN;PN5355.L5-.L54;Lithuania (Table PN4)
PN;PN5355.L8-.L84;Luxembourg (Table PN4)
PN;PN5355.M27-.M274;Macedonia. North Macedonia (Table PN4)
PN;PN5355.M43-.M434;Malta (Table PN4)
PN;PN5355.M48;Meuse River Region
PN;PN5355.M58-.M584;Moldova (Table PN4)
PN;PN5355.M6-.M64;Montenegro (Table PN4)
PN;PN5355.P6-.P64;Poland (Table PN4)
PN;PN5355.R86-.R864;Romania (Table PN4)
PN;PN5355.S4-.S44;Serbia (Table PN4)
PN;PN5355.S5;Silesia, Upper (Poland and Czech Republic)
PN;PN5355.S53;Slavic countries (General)
PN;PN5355.S54-.S544;Slovakia (Table PN4)
PN;PN5355.S55-.S554;Slovenia (Table PN4)
PN;PN5355.T8-.T84;Turkey (Table PN4)
PN;PN5355.U38-.U384;Ukraine (Table PN4)
PN;PN5355.Y8;Yugoslavia
PN;PN5359;Near East. Arab countries
PN;PN5359.5;Islamic countries
PN;PN5360;General works
PN;PN5361-5370;China (Table PN2)
PN;PN5371-5380;India (Table PN2)
PN;PN5401-5410;Japan (Table PN2)
PN;PN5411-5420;Korea (Table PN2)
PN;PN5421-5430;Philippines (Table PN2)
PN;PN5449.A-Z;Other Asian regions or countries, A-Z
PN;PN5450;General works
PN;PN5450.5.A-Z;By region, A-Z
PN;PN5450.5.W34;West Africa
PN;PN5461-5465;Egypt (Table PN3)
PN;PN5471-5480;Republic of South Africa (Table PN2)
PN;PN5499.A-Z;Other African countries, A-Z
PN;PN5511;Societies, conferences, collections
PN;PN5512;Comprehensive
PN;PN5513;Early
PN;PN5514;Recent
PN;PN5516.A1-.A5;Collective
PN;PN5516.A6-Z;Individual, A-Z
PN;PN5517.A-Z;Special topics, A-Z
PN;PN5521-5530;New South Wales (Table PN2)
PN;PN5531-5540;North Australia. Northern Territory (Table PN2)
PN;PN5541-5550;Queensland (Table PN2)
PN;PN5551-5560;South Australia (Table PN2)
PN;PN5561-5570;Tasmania (Table PN2)
PN;PN5571-5580;Victoria (Table PN2)
PN;PN5581-5590;Western Australia (Table PN2)
PN;PN5591-5600;New Zealand (Table PN2)
PN;PN5610;Indian Ocean islands
PN;PN5620;General works
PN;PN5621-5630;Hawaii (Table PN2)
PN;PN5639.A-Z;Other islands, A-Z
PN;PN5645;Greenland
PN;PN5646;BRIC countries
PN;PN5648;Developing countries
PN;PN5650;The Jewish press
PN;PN6010;Polyglot
PN;PN6010.5;Periodicals
PN;PN6011;Comprehensive
PN;PN6012;Selections, anthologies, etc.
PN;PN6013;"Comprehensive. ""Libraries of world's best literature"""
PN;PN6013.5;Condensed books
PN;PN6014;Selections, anthologies, etc.
PN;PN6019.A-Z;By several translators. By editor or title, A-Z
PN;PN6020.A-Z;By individual translators, A-Z
PN;PN6021;Comprehensive
PN;PN6022;Selections, anthologies, etc.
PN;PN6023;"Comprehensive. ""Libraries of world's best literature"""
PN;PN6023.5;Condensed books
PN;PN6024;Selections, anthologies, etc.
PN;PN6031;Comprehensive
PN;PN6032;Selections, anthologies, etc.
PN;PN6033;"Comprehensive. ""Libraries of world's best literature"""
PN;PN6033.5;Condensed books
PN;PN6034;Selections, anthologies, etc.
PN;PN6041;Comprehensive
PN;PN6042;Selections, anthologies, etc.
PN;PN6043;"Comprehensive. ""Libraries of world's best literature"""
PN;PN6043.5;Condensed books
PN;PN6044;Selections, anthologies, etc.
PN;PN6051;Comprehensive
PN;PN6052;Selections, anthologies, etc.
PN;PN6053;"Comprehensive. ""Libraries of world's best literature"""
PN;PN6053.5;Condensed books
PN;PN6054;Selections, anthologies, etc.
PN;PN6065.A-Z;Other. By language, A-Z
PN;PN6066;Child authors
PN;PN6067;Jewish authors
PN;PN6068;Black authors
PN;PN6069.A-Z;Other special groups, A-Z
PN;PN6069.E94;Exiles
PN;PN6069.I53;Indians, American
PN;PN6069.N63;Nobel Prize winners
PN;PN6069.P35;Painters
PN;PN6069.P7;Prisoners
PN;PN6069.W65;Women
PN;PN6071.A-Z;Collections, extracts, etc. By subject, A-Z
PN;PN6071.A26;Abortion
PN;PN6071.A3;Adolescence
PN;PN6071.A35;Adultery
PN;PN6071.A36;Adulthood
PN;PN6071.A38;Adventure stories
PN;PN6071.A4;Aeronautics
PN;PN6071.A45;Africa
PN;PN6071.A48;Aging
PN;PN6071.A56;Air
PN;PN6071.A57;Airships
PN;PN6071.A6;Alienation (Social psychology)
PN;PN6071.A65;Angels
PN;PN6071.A7;Animals
PN;PN6071.A75;Anti-clericalism
PN;PN6071.A775;Apartheid
PN;PN6071.A78;Apocalyptic literature
PN;PN6071.A79;Apostles
PN;PN6071.A795;Arab-Israeli conflict
PN;PN6071.A8;Archers and archery
PN;PN6071.A83;Art
PN;PN6071.A84;Arthurian romances. King Arthur
PN;PN6071.A845;Artificial intelligence
PN;PN6071.A85;Artisans
PN;PN6071.A87;Atheism
PN;PN6071.A9;Authors
PN;PN6071.A94;Automata
PN;PN6071.A95;Automobiles
PN;PN6071.A97;Autumn
PN;PN6071.B23;Babel, Tower of
PN;PN6071.B28;Barbers
PN;PN6071.B3;Barrel organs
PN;PN6071.B33;Beaches
PN;PN6071.B34;Beans
PN;PN6071.B36;Beauty
PN;PN6071.B38;Beds
PN;PN6071.B42;Berlin (Germany)
PN;PN6071.B423;Berlin Wall, Berlin, Germany, 1961-1989
PN;PN6071.B43;Beverages
PN;PN6071.B5;Bibles
PN;PN6071.B55;Birds
PN;PN6071.B56;Birthdays
PN;PN6071.B564;Bizarro fiction
PN;PN6071.B57;Black people
PN;PN6071.B65;Boats and boating
PN;PN6071.B68;Bondage (Sexual behavior)
PN;PN6071.B7;Books
PN;PN6071.B72;Borges, Jorge Luis, 1899-
PN;PN6071.B73;Boxing
PN;PN6071.B75;Brancusi, Constantin, 1876-1957
PN;PN6071.B755;Bridges
PN;PN6071.B76;Brigands and robbers
PN;PN6071.B78;Brothers
PN;PN6071.B8;Bruges (Belgium)
PN;PN6071.B84;Bullfights
PN;PN6071.B86;Business
PN;PN6071.B88;Butterflies
PN;PN6071.C26;Capitalism
PN;PN6071.C27;Caribbean Area
PN;PN6071.C3;Cats
PN;PN6071.C37;Central America
PN;PN6071.C43;Chairs
PN;PN6071.C437;Champagne (Wine)
PN;PN6071.C438;Change (Psychology)
PN;PN6071.C44;Character sketches
PN;PN6071.C445;Château de Versailles
PN;PN6071.C45;Chess
PN;PN6071.C5;Children
PN;PN6071.C54;China
PN;PN6071.C6;Christmas
PN;PN6071.C62;Cid, ca. 1043-1099
PN;PN6071.C63;Circus
PN;PN6071.C66;Codfish
PN;PN6071.C68;Computer fiction
PN;PN6071.C697;Conduct of life
PN;PN6071.C7;Contentment
PN;PN6071.C76;Cosmogony
PN;PN6071.C8;Country life
PN;PN6071.C815;Courage
PN;PN6071.C82;Cows
PN;PN6071.C85;Creative ability (Literary, artistic, etc.)
PN;PN6071.C87;Crowds
PN;PN6071.C95;Cycling. Bicycles
PN;PN6071.D26;Dance
PN;PN6071.D28;Dandies
PN;PN6071.D285;Danube River
PN;PN6071.D3;Daughters
PN;PN6071.D33;Deadly sins
PN;PN6071.D35;Deafness
PN;PN6071.D4;Death
PN;PN6071.D45;Detective and mystery stories
PN;PN6071.D46;Developing countries
PN;PN6071.D47;Devil
PN;PN6071.D5;Didactic literature
PN;PN6071.D53;Dimitrov, Georgi
PN;PN6071.D56;Disasters
PN;PN6071.D58;Diseases
PN;PN6071.D6;Dogs
PN;PN6071.D64;Dolphins
PN;PN6071.D65;Don Juan
PN;PN6071.D67;Dreams
PN;PN6071.D7;Drinking customs
PN;PN6071.D77;Drugs
PN;PN6071.E2;Easter
PN;PN6071.E4;Elephants
PN;PN6071.E44;Embarrassment
PN;PN6071.E46;Emigration and immigration
PN;PN6071.E49;Encouragement
PN;PN6071.E5;End of the world
PN;PN6071.E56;Entertaining
PN;PN6071.E6;Epic literature
PN;PN6071.E7;Erotic literature
PN;PN6071.E74;Ethics
PN;PN6071.E78;Europe
PN;PN6071.E8;European War, 1914-1918
PN;PN6071.E87;Exiles
PN;PN6071.E9;Existentialism
PN;PN6071.F15;Fairy tales. Fairies
PN;PN6071.F17;Faith
PN;PN6071.F2;Family
PN;PN6071.F25;Fantastic literature
PN;PN6071.F27;Fashion
PN;PN6071.F28;Fate and fatalism
PN;PN6071.F3;Fathers
PN;PN6071.F33;Faust
PN;PN6071.F37;Festivals
PN;PN6071.F465;Forests
PN;PN6071.F47;Fishing
PN;PN6071.F48;Flight
PN;PN6071.F49;Florence (Italy)
PN;PN6071.F5;Flowers
PN;PN6071.F6;Food
PN;PN6071.F64;Fools and jesters
PN;PN6071.F65;Forgiveness
PN;PN6071.F66;Fortune
PN;PN6071.F67;Four elements (Philosophy)
PN;PN6071.F68;France
PN;PN6071.F7;Friendship
PN;PN6071.F74;Frogs and toads
PN;PN6071.F76;Fruit
PN;PN6071.F85;Future, The
PN;PN6071.F86;Future life
PN;PN6071.G23;Galicia (Poland and Ukraine)
PN;PN6071.G24;Gambling
PN;PN6071.G27;Gardens
PN;PN6071.G3;Gastronomy
PN;PN6071.G42;Generosity
PN;PN6071.G45;Ghost stories
PN;PN6071.G5;Gipsies. Romanies
PN;PN6071.G53;Girls
PN;PN6071.G54;Global environmental change
PN;PN6071.G55;Gluttony
PN;PN6071.G57;God
PN;PN6071.G6;Golem
PN;PN6071.G64;Gothic revival (Literature)
PN;PN6071.G7;Grandparents
PN;PN6071.G78;Gratitude
PN;PN6071.H15;Haitian Revolution, 1791-1804
PN;PN6071.H16;Halloween
PN;PN6071.H18;Hallucinations and illusions
PN;PN6071.H2;Happiness
PN;PN6071.H26;Havana (Cuba)
PN;PN6071.H37;Heaven
PN;PN6071.H38;Hell
PN;PN6071.H4;Heroes
PN;PN6071.H5;History
PN;PN6071.H7;Holidays
PN;PN6071.H713;Holocaust, Jewish (1939-1945)
PN;PN6071.H72;Home
PN;PN6071.H724;Homosexuality
PN;PN6071.H725;Hong Kong
PN;PN6071.H727;Horror tales
PN;PN6071.H73;Horses
PN;PN6071.H78;Human ecology
PN;PN6071.H784;Human rights
PN;PN6071.H79;Humanism
PN;PN6071.H795;Humorous stories
PN;PN6071.H8;Hunting
PN;PN6071.I5;Incest
PN;PN6071.I514;India
PN;PN6071.I52;Infants
PN;PN6071.I58;Insomnia
PN;PN6071.I6;Inspiration
PN;PN6071.I64;Interplanetary voyages
PN;PN6071.I67;Inventions
PN;PN6071.I7;Iron
PN;PN6071.I75;Islands
PN;PN6071.I8;Italy
PN;PN6071.I9;İzmir (Turkey)
PN;PN6071.J28;Jazz music. Jazz musicians
PN;PN6071.J38;Jerusalem
PN;PN6071.J4;Jesus Christ
PN;PN6071.J5;Jewish legends and tales
PN;PN6071.J6;Jews
PN;PN6071.J84;Judas Iscariot
PN;PN6071.K4;Kenya
PN;PN6071.K44;King Kong (Fictitious character)
PN;PN6071.K45;Kissing
PN;PN6071.K5;Knight, Death and the Devil (Painting)
PN;PN6071.L3;Labor. Working class
PN;PN6071.L33;Law
PN;PN6071.L35;Lazarus
PN;PN6071.L37;Laziness
PN;PN6071.L47;Lesbians
PN;PN6071.L48;Letter writing
PN;PN6071.L5;Liberty
PN;PN6071.L554;Libraries. Librarians
PN;PN6071.L6;Life
PN;PN6071.L62;Lighthouses
PN;PN6071.L64;Lists
PN;PN6071.L66;Lodginghouses
PN;PN6071.L68;Loneliness
PN;PN6071.L69;Loss (Psychology)
PN;PN6071.L7;Love
PN;PN6071.L86;Lust
PN;PN6071.M12;Macau
PN;PN6071.M14;Mafia
PN;PN6071.M15;Magi
PN;PN6071.M155;Magic
PN;PN6071.M167;Man
PN;PN6071.M17;Man, Primitive
PN;PN6071.M2;Marriage
PN;PN6071.M25;The marvelous
PN;PN6071.M27;Mary, Blessed Virgin
PN;PN6071.M28;Matches
PN;PN6071.M3;Mathematics
PN;PN6071.M35;May Day (Labor holiday)
PN;PN6071.M38;Medicine
PN;PN6071.M385;Melacholy
PN;PN6071.M387;Men
PN;PN6071.M39;Menstruation
PN;PN6071.M4;Mental illness
PN;PN6071.M45;Merchants
PN;PN6071.M46;Merlin
PN;PN6071.M465;Mermaids
PN;PN6071.M47;Mescal
PN;PN6071.M49;Mexico
PN;PN6071.M54;Miracles
PN;PN6071.M55;Money
PN;PN6071.M6;Moon
PN;PN6071.M7;Mothers
PN;PN6071.M73;Motion pictures
PN;PN6071.M738;Mountaineering
PN;PN6071.M77;Mummies
PN;PN6071.M8;Music
PN;PN6071.N28;National characteristics
PN;PN6071.N3;Nature
PN;PN6071.N43;Nicosia (Cyprus)
PN;PN6071.N5;Night
PN;PN6071.N53;Nihilism
PN;PN6071.N55;Noir fiction
PN;PN6071.N57;Nomads
PN;PN6071.N6;Noses
PN;PN6071.N87;Nursing
PN;PN6071.O22;Occultism
PN;PN6071.O49;Odysseus (Greek mythology)
PN;PN6071.O5;Old age
PN;PN6071.O7;Optimistic thought
PN;PN6071.O72;Organ (Musical instrument)
PN;PN6071.O74;Orpheus
PN;PN6071.O87;Outdoor life
PN;PN6071.P27;Parables
PN;PN6071.P28;Parent and child
PN;PN6071.P29;Paris (France)
PN;PN6071.P293;Parks
PN;PN6071.P295;Pathos
PN;PN6071.P296;Patients
PN;PN6071.P3;Patriotism
PN;PN6071.P34;Peace
PN;PN6071.P42;Photographers
PN;PN6071.P45;Physicians
PN;PN6071.P5;Picaresque novels
PN;PN6071.P54;Pirates
PN;PN6071.P56;Place (Philosophy)
PN;PN6071.P57;Political science
PN;PN6071.P575;Pool (Game)
PN;PN6071.P58;Pottery
PN;PN6071.P6;Poverty
PN;PN6071.P617;Prague (Czech Republic)
PN;PN6071.P62;Pregnancy
PN;PN6071.P63;Prejudice
PN;PN6071.P65;The press
PN;PN6071.P68;Prisons
PN;PN6071.P695;Prometheus
PN;PN6071.P7;Proposals of marriage
PN;PN6071.P75;Prostitution
PN;PN6071.P76;Provence (France)
PN;PN6071.P77;Prussia, East
PN;PN6071.P8;Psychology
PN;PN6071.P9;Puppet plays
PN;PN6071.P95;Pygmalion (Greek mythology)
PN;PN6071.Q47;Quests
PN;PN6071.R2;Rabbits
PN;PN6071.R23;Race discrimination
PN;PN6071.R25;Radicalism
PN;PN6071.R27;Radio stories
PN;PN6071.R3;Railroads
PN;PN6071.R35;Rain forests
PN;PN6071.R37;Ravenna (Italy)
PN;PN6071.R39;Reincarnation
PN;PN6071.R4;Religion
PN;PN6071.R42;Revenge
PN;PN6071.R43;Revolutionary literature
PN;PN6071.R5;Rivers
PN;PN6071.R55;Rogues and vagabonds
PN;PN6071.R57;Rome
PN;PN6071.R58;Roses
PN;PN6071.R6;Rotterdam
PN;PN6071.R8;Russia
PN;PN6071.R83;Russian Revolution, 1917-1921
PN;PN6071.S16;Saint Petersburg (Russia)
PN;PN6071.S19;Santa Claus
PN;PN6071.S2;Satanism
PN;PN6071.S23;Scapegoat
PN;PN6071.S27;School prose
PN;PN6071.S3;Science
PN;PN6071.S33;Science fiction
PN;PN6071.S4;Sea. Sea stories
PN;PN6071.S4114;Seasons
PN;PN6071.S412;Self-realization
PN;PN6071.S414;Servants
PN;PN6071.S416;Sex
PN;PN6071.S418;Sheep
PN;PN6071.S419;Sibiu (Romania)
PN;PN6071.S42;Siebengebirge
PN;PN6071.S425;Sisters
PN;PN6071.S43;Sky
PN;PN6071.S45;Sleep
PN;PN6071.S47;Slovak Uprising, 1944
PN;PN6071.S49;Snakes
PN;PN6071.S5;Snow
PN;PN6071.S516;Soccer
PN;PN6071.S52;Socialism
PN;PN6071.S53;Sociology
PN;PN6071.S55;Soldiers
PN;PN6071.S56;Solitude
PN;PN6071.S57;Sons
PN;PN6071.S58;Space flight to the moon
PN;PN6071.S6;Spanish Civil War
PN;PN6071.S615;Spiritual life
PN;PN6071.S62;Sports
PN;PN6071.S63;Spring
PN;PN6071.S64;Spy stories. Spies
PN;PN6071.S67;Stars
PN;PN6071.S68;Statisticians
PN;PN6071.S69;Steampunk
PN;PN6071.S7;Street scenes
PN;PN6071.S75;Students
PN;PN6071.S78;Substance abuse
PN;PN6071.S79;Subversive activities
PN;PN6071.S8;Success
PN;PN6071.S87;Suicide
PN;PN6071.S88;Sun
PN;PN6071.S9;Supernatural
PN;PN6071.S915;Surrealism
PN;PN6071.S92;Suspense
PN;PN6071.S93;Swearing
PN;PN6071.S94;Swine
PN;PN6071.S96;Symbolism
PN;PN6071.T25;Tangier (Morocco)
PN;PN6071.T3;Teachers
PN;PN6071.T35;Textile industry. Textile fabrics
PN;PN6071.T355;Thanksgiving Day
PN;PN6071.T4;Theater
PN;PN6071.T5;Time
PN;PN6071.T55;Titanic (Steamship)
PN;PN6071.T7;Travel
PN;PN6071.T74;Trees
PN;PN6071.T746;Tricksters
PN;PN6071.T75;Tristan
PN;PN6071.T82;Tuberculosis
PN;PN6071.U85;Utopias
PN;PN6071.V3;Vampires
PN;PN6071.V4;Venice
PN;PN6071.V46;Vietnam War, 1961-1975
PN;PN6071.V5;Violence
PN;PN6071.W3;Walking
PN;PN6071.W32;Walthari, of Aquitaine
PN;PN6071.W35;War
PN;PN6071.W37;Water
PN;PN6071.W4;Weddings
PN;PN6071.W47;Werewolves
PN;PN6071.W56;Windows
PN;PN6071.W57;Wine
PN;PN6071.W6;Winter
PN;PN6071.W7;Women
PN;PN6071.W72;Women travelers
PN;PN6071.W74;Work
PN;PN6071.W75;World War II
PN;PN6071.Z8;Zurich
PN;PN6075;English
PN;PN6076;French
PN;PN6077;German
PN;PN6078.A-Z;Other languages, A-Z
PN;PN6080;Polyglot
PN;PN6080.5;Latin
PN;PN6081;General works
PN;PN6081.3;Black authors
PN;PN6081.4;Indian authors
PN;PN6081.45;Men authors
PN;PN6081.5;Women authors
PN;PN6082;Poetry
PN;PN6083;Prose
PN;PN6084.A-Z;Special topics, A-Z
PN;PN6084.A25;Acting
PN;PN6084.A3;Adoption
PN;PN6084.A35;Age
PN;PN6084.A55;Angels
PN;PN6084.A57;Animals
PN;PN6084.A75;Architecture
PN;PN6084.A8;Art
PN;PN6084.A83;Arthurian romances
PN;PN6084.A86;Authorship
PN;PN6084.B3;Banquet quotations
PN;PN6084.B35;Baseball
PN;PN6084.B48;Birds
PN;PN6084.B5;Birthdays
PN;PN6084.B65;Books and reading
PN;PN6084.B66;Boredom
PN;PN6084.B69;Boys
PN;PN6084.B7;Brotherliness
PN;PN6084.B87;Business
PN;PN6084.C13;California
PN;PN6084.C15;Canada
PN;PN6084.C17;Cape Cod (Mass.)
PN;PN6084.C2;Catholic
PN;PN6084.C23;Cats
PN;PN6084.C44;Celebrities
PN;PN6084.C46;Charity
PN;PN6084.C48;Child rearing
PN;PN6084.C5;Children. Childhood
PN;PN6084.C52;Christmas
PN;PN6084.C524;Cigars
PN;PN6084.C53;Civil service
PN;PN6084.C534;Closure (Rhetoric)
PN;PN6084.C535;Clothing and dress
PN;PN6084.C54;Coaching (Athletics)
PN;PN6084.C547;Commencement ceremonies
PN;PN6084.C55;Compliments
PN;PN6084.C556;Conduct of life
PN;PN6084.C56;Conservatism
PN;PN6084.C57;Consolation
PN;PN6084.C58;Contentment
PN;PN6084.C6;Courage
PN;PN6084.C7;Criminals
PN;PN6084.C95;Cycling. Bicycles
PN;PN6084.D34;Dance
PN;PN6084.D37;Daughters
PN;PN6084.D39;Deadly sins
PN;PN6084.D394;Deafness
PN;PN6084.D4;Death
PN;PN6084.D46;Design
PN;PN6084.D64;Dogs
PN;PN6084.D65;Dogsledding
PN;PN6084.D74;Drinking customs
PN;PN6084.E34;Eccentrics and eccentricities
PN;PN6084.E36;Economics
PN;PN6084.E38;Education
PN;PN6084.E53;End of the world
PN;PN6084.E82;Espionage
PN;PN6084.E85;Etiquette
PN;PN6084.E88;Evolution (Biology)
PN;PN6084.E9;Experience
PN;PN6084.F23;Family
PN;PN6084.F25;Farewells
PN;PN6084.F27;Fashion
PN;PN6084.F3;Fathers
PN;PN6084.F47;Fishing
PN;PN6084.F5;Flowers
PN;PN6084.F6;Food
PN;PN6084.F8;Friendship
PN;PN6084.F83;Fruit
PN;PN6084.F85;Frustration
PN;PN6084.F89;Future life
PN;PN6084.G32;Gambling
PN;PN6084.G33;Gardens
PN;PN6084.G35;Gays
PN;PN6084.G57;Girls
PN;PN6084.G6;Grandparents
PN;PN6084.G63;Gratitude
PN;PN6084.G66;Great Britain
PN;PN6084.G7;Great men
PN;PN6084.H3;Happiness
PN;PN6084.H4;Heart
PN;PN6084.H47;Hispanic Americans
PN;PN6084.H57;Home
PN;PN6084.H62;Hope
PN;PN6084.H66;Horses
PN;PN6084.H8;Humorous quotations
PN;PN6084.H84;Hunting
PN;PN6084.H87;Husbands
PN;PN6084.H9;Hygiene
PN;PN6084.I48;Infants
PN;PN6084.I49;Internet
PN;PN6084.I5;Interpersonal relations
PN;PN6084.I6;Ireland. Irish
PN;PN6084.I73;Italian Americans
PN;PN6084.J65;Joy
PN;PN6084.K5;Kissing
PN;PN6084.K65;Korea
PN;PN6084.L15;Leadership
PN;PN6084.L45;Lesbians
PN;PN6084.L5;Liberty
PN;PN6084.L52;Library science
PN;PN6084.L53;Life
PN;PN6084.L54;Lighthouses
PN;PN6084.L56;London (England)
PN;PN6084.L565;Lord's Supper
PN;PN6084.L57;Loss (Psychology)
PN;PN6084.L6;Love
PN;PN6084.M25;Man-woman relationships
PN;PN6084.M27;Maps
PN;PN6084.M3;Marriage
PN;PN6084.M33;Massachusetts
PN;PN6084.M35;Medicine
PN;PN6084.M4;Men
PN;PN6084.M56;Money
PN;PN6084.M57;Monkeys
PN;PN6084.M6;Mothers
PN;PN6084.M68;Mountaineering
PN;PN6084.M75;Multiculturalism
PN;PN6084.M8;Music
PN;PN6084.N2;Nature
PN;PN6084.N38;New York (N.Y.)
PN;PN6084.N5;Night
PN;PN6084.N53;Nihilism
PN;PN6084.O3;Occasions
PN;PN6084.O35;Ocean
PN;PN6084.O5;Old age
PN;PN6084.O63;Openings (Rhetoric)
PN;PN6084.O93;Owls
PN;PN6084.O96;Ozark Mountains Region
PN;PN6084.P3;Patience
PN;PN6084.P4;Patriotism
PN;PN6084.P45;Peace
PN;PN6084.P52;Phobias
PN;PN6084.P55;Places
PN;PN6084.P6;Political science
PN;PN6084.P73;Pregnancy
PN;PN6084.Q3;Quarreling
PN;PN6084.Q4;Queens
PN;PN6084.Q54;Quilting
PN;PN6084.R3;Religious quotations
PN;PN6084.R62;Rock music
PN;PN6084.S2;Sacred quotations
PN;PN6084.S26;Sailing
PN;PN6084.S34;Science fiction
PN;PN6084.S38;Scotland. Scots
PN;PN6084.S45;Self-realization
PN;PN6084.S49;Sex
PN;PN6084.S493;Sexism
PN;PN6084.S496;Shopping
PN;PN6084.S5;Simile
PN;PN6084.S56;Sisters
PN;PN6084.S58;Smiling
PN;PN6084.S62;Social problems
PN;PN6084.S65;Solitude
PN;PN6084.S67;Sons
PN;PN6084.S7;The South
PN;PN6084.S72;Sports
PN;PN6084.S73;Spring
PN;PN6084.S78;Success
PN;PN6084.S79;Suffering
PN;PN6084.S8;Sunshine
PN;PN6084.S84;Supervisors
PN;PN6084.T44;Tennis
PN;PN6084.T48;Theater
PN;PN6084.T5;Time
PN;PN6084.T68;Toys
PN;PN6084.T7;Travel
PN;PN6084.T75;Trees
PN;PN6084.T83;Twenty-first century
PN;PN6084.U53;United States
PN;PN6084.V3;Valentines
PN;PN6084.V35;Vampires
PN;PN6084.V44;Vegetables
PN;PN6084.V58;Visual perception
PN;PN6084.W3;Wales
PN;PN6084.W32;Walking
PN;PN6084.W35;War
PN;PN6084.W39;West (U.S.)
PN;PN6084.W47;Wilderness areas
PN;PN6084.W5;Wine
PN;PN6084.W53;Wishes
PN;PN6084.W55;Wives
PN;PN6084.W6;Women
PN;PN6084.W65;Words
PN;PN6084.W67;Work
PN;PN6084.Y6;Youth
PN;PN6086;General works
PN;PN6087;Poetry
PN;PN6088;Prose
PN;PN6089.A-Z;Special topics, A-Z
PN;PN6089.A2;Absurdity
PN;PN6089.C44;Celebrities
PN;PN6089.D43;Death
PN;PN6089.D53;Dictionaries (as a theme)
PN;PN6089.E9;Eye
PN;PN6089.G63;God
PN;PN6089.H85;Humorous quotations
PN;PN6089.L6;Love
PN;PN6089.P6;Political science
PN;PN6089.S4;Sex
PN;PN6089.S5;Sins
PN;PN6089.W3;War
PN;PN6089.W6;Women
PN;PN6090;General works
PN;PN6091;Poetry
PN;PN6092;Prose
PN;PN6093.A-Z;Special topics, A-Z
PN;PN6093.A3;Aesthetics
PN;PN6093.A5;Animals
PN;PN6093.A8;Art
PN;PN6093.A9;Automobiles
PN;PN6093.B5;Birthdays
PN;PN6093.B6;Boats and boating
PN;PN6093.C5;Children
PN;PN6093.C56;Closings (Rhetoric)
PN;PN6093.C6;Consolation
PN;PN6093.E35;Economics
PN;PN6093.F25;Fashion
PN;PN6093.F3;Fate and fatalism
PN;PN6093.F6;Food
PN;PN6093.F7;Friendship
PN;PN6093.F8;Future life
PN;PN6093.G3;Gardens
PN;PN6093.G6;God
PN;PN6093.H3;Happiness
PN;PN6093.H85;Humorous quotations
PN;PN6093.J6;Joy
PN;PN6093.K5;Kissing
PN;PN6093.L4;Leisure
PN;PN6093.L54;Life
PN;PN6093.L6;Love
PN;PN6093.M27;Man
PN;PN6093.M3;Marriage
PN;PN6093.M6;Mothers
PN;PN6093.N3;Nature
PN;PN6093.O4;Old age
PN;PN6093.P3;Patriotism
PN;PN6093.P43;Peace
PN;PN6093.P64;Political science
PN;PN6093.R27;Relaxation
PN;PN6093.R3;Religious quotations
PN;PN6093.R4;Rest
PN;PN6093.S4;Sex
PN;PN6093.S5;Silence
PN;PN6093.T5;Theater
PN;PN6093.T7;Travel
PN;PN6093.W5;Wine
PN;PN6093.W6;Women
PN;PN6095.A-Z;Other, A-Z
PN;PN6095.A35;Afrikaans
PN;PN6095.A42;Albanian
PN;PN6095.A7;Arabic
PN;PN6095.A75;Armenian
PN;PN6095.A9;Azerbaijani
PN;PN6095.B28;Beary
PN;PN6095.B3;Bengali
PN;PN6095.B8;Bulgarian
PN;PN6095.B86;Burmese
PN;PN6095.C37;Catalan
PN;PN6095.C4;Chinese
PN;PN6095.C93;Czech
PN;PN6095.D3;Danish
PN;PN6095.D8;Dutch
PN;PN6095.E76;Estonian
PN;PN6095.F56;Finnish
PN;PN6095.G7;Greek, Modern
PN;PN6095.H4;Hebrew
PN;PN6095.H5;Hindi
PN;PN6095.H8;Hungarian
PN;PN6095.I32;Icelandic
PN;PN6095.I45;Indic
PN;PN6095.I5;Indonesian
PN;PN6095.I7;Italian
PN;PN6095.J3;Japanese
PN;PN6095.J4;Jewish
PN;PN6095.K23;Kabardian
PN;PN6095.K3;Kannada
PN;PN6095.K6;Korean
PN;PN6095.K87;Kurdish
PN;PN6095.L37;Latvian
PN;PN6095.M3;Malayalam
PN;PN6095.M35;Marathi
PN;PN6095.M55;Moldovan
PN;PN6095.M6;Mongolian
PN;PN6095.N4;Nepali
PN;PN6095.N6;Norwegian
PN;PN6095.O7;Oriental
PN;PN6095.O74;Oriya
PN;PN6095.P27;Papiamentu
PN;PN6095.P35;Persian
PN;PN6095.P4;Philippine
PN;PN6095.P6;Polish
PN;PN6095.P7;Portuguese
PN;PN6095.P8;Pushto
PN;PN6095.R6;Romanian
PN;PN6095.R8;Russian
PN;PN6095.S3;Sanskrit
PN;PN6095.S4;Serbo-Croatian
PN;PN6095.S42;Shina
PN;PN6095.S44;Sinhalese
PN;PN6095.S46;Slovenian
PN;PN6095.S5;Spanish
PN;PN6095.S8;Swedish
PN;PN6095.T3;Tamil
PN;PN6095.T35;Tatar
PN;PN6095.T4;Telugu
PN;PN6095.T5;Thai
PN;PN6095.T8;Turkish
PN;PN6095.U5;Ukrainian
PN;PN6095.U7;Urdu
PN;PN6095.U9;Uzbek
PN;PN6095.V53;Vietnamese
PN;PN6099;Polyglot
PN;PN6099.3;Uncataloged poetry in pamphlet collections
PN;PN6099.6;Periodicals
PN;PN6100;To 1800
PN;PN6101;1800-
PN;PN6102;Dutch
PN;PN6103;French
PN;PN6104;German
PN;PN6105;Italian
PN;PN6106;Scandinavian
PN;PN6107;Slavic
PN;PN6108;Spanish
PN;PN6109.A-Z;Other languages, A-Z
PN;PN6109.3;Catholic authors
PN;PN6109.5;Jewish authors
PN;PN6109.7;Black authors
PN;PN6109.8;Male authors
PN;PN6109.9;Women authors
PN;PN6109.95.A-Z;Other special groups, A-Z
PN;PN6109.95.A75;Asexual people
PN;PN6109.95.B34;Bahai
PN;PN6109.95.C65;Concentration camp inmates
PN;PN6109.95.L54;Linguists
PN;PN6109.95.M55;Minority authors
PN;PN6109.95.U55;Unification Church
PN;PN6109.97;Poetry for children
PN;PN6110.A-Z;Special. By subject or form, A-Z
PN;PN6110.A2;Aeronautics
PN;PN6110.A4;Album verse
PN;PN6110.A44;Alphabet rhymes
PN;PN6110.A5;Altruism
PN;PN6110.A58;Amvrosil, Metropolitan of Novgorod and St. Petersburg, 1742-1818
PN;PN6110.A59;Angels
PN;PN6110.A6;Angling
PN;PN6110.A7;Animals
PN;PN6110.A73;Anti-war poetry
PN;PN6110.A76;Arab-Israeli conflict
PN;PN6110.A77;Art
PN;PN6110.A88;Astronautics
PN;PN6110.B2;Ballads
PN;PN6110.B25;Barrel organs
PN;PN6110.B27;Beer
PN;PN6110.B28;Bees
PN;PN6110.B3;Bells
PN;PN6110.B38;Bible
PN;PN6110.B4;Bicycling
PN;PN6110.B6;Birds
PN;PN6110.B65;Birthdays
PN;PN6110.B67;Black people
PN;PN6110.B68;Blind
PN;PN6110.B75;Body, Human
PN;PN6110.B76;Books
PN;PN6110.B77;Boxing
PN;PN6110.B8;Boys
PN;PN6110.B85;Brotherhood
PN;PN6110.B88;Bulls. Bullfights
PN;PN6110.B9;Business
PN;PN6110.C28;Carols
PN;PN6110.C3;Cats
PN;PN6110.C36;Cheerfulness
PN;PN6110.C4;Children
PN;PN6110.C5;Christmas
PN;PN6110.C53;Circus
PN;PN6110.C55;City life
PN;PN6110.C57;Clocks and watches
PN;PN6110.C59;Clothing and dress
PN;PN6110.C7;College verse
PN;PN6110.C75;Communism
PN;PN6110.C77;Concrete poetry
PN;PN6110.C78;Cooking
PN;PN6110.C8;Country life
PN;PN6110.C85;Courage
PN;PN6110.C88;Crime. Criminals
PN;PN6110.C9;Crusades
PN;PN6110.D33;Dali, Salvador
PN;PN6110.D34;Dance
PN;PN6110.D35;Day
PN;PN6110.D4;Death and immortality
PN;PN6110.D43;Debate poetry
PN;PN6110.D45;Destruction
PN;PN6110.D53;Didactic poetry
PN;PN6110.D6;Dogs
PN;PN6110.D7;Donkeys and mules
PN;PN6110.D8;Dreams
PN;PN6110.D85;Drinking
PN;PN6110.E2;Easter
PN;PN6110.E4;Eccentric poetry
PN;PN6110.E47;Eminescu, Mihail
PN;PN6110.E5;Emotions
PN;PN6110.E6;Epics
PN;PN6110.E65;Eroticism
PN;PN6110.E8;"""Evolution"" poetry"
PN;PN6110.E9;Eyes
PN;PN6110.F2;Fables in verse
PN;PN6110.F3;Fairies
PN;PN6110.F32;Family
PN;PN6110.F33;Fantastic poetry
PN;PN6110.F34;Farm life
PN;PN6110.F36;Fathers
PN;PN6110.F4;"""Favorite poems"""
PN;PN6110.F45;Feminist poetry
PN;PN6110.F6;Flowers
PN;PN6110.F7;Folklore
PN;PN6110.F73;Food
PN;PN6110.F74;Francis, of Assisi, Saint, 1182-1226
PN;PN6110.F75;Free thought
PN;PN6110.F8;Friendship
PN;PN6110.F9;Fugitive verse
PN;PN6110.F95;Futurism (Literary movement)
PN;PN6110.G2;Gardens
PN;PN6110.G3;Gems
PN;PN6110.G5;Ghosts
PN;PN6110.G52;Giants
PN;PN6110.G54;Girls
PN;PN6110.G58;God
PN;PN6110.G59;Goddess religion
PN;PN6110.G6;Good fellowship
PN;PN6110.G83;Grandparents
PN;PN6110.H13;Haiku
PN;PN6110.H14;Happiness. Optimism
PN;PN6110.H17;Heaven
PN;PN6110.H2;Heroism
PN;PN6110.H3;Historical poems
PN;PN6110.H4;Holidays
PN;PN6110.H45;Holocaust, Jewish (1939-1945)
PN;PN6110.H5;Holy Spirit
PN;PN6110.H6;Home
PN;PN6110.H65;Homosexuality
PN;PN6110.H7;Horses
PN;PN6110.H8;Humor
PN;PN6110.H83;Hunters and hunting
PN;PN6110.I3;Icarus
PN;PN6110.I52;Infants
PN;PN6110.I55;Insects
PN;PN6110.I56;Insomnia
PN;PN6110.I57;Interpersonal relationships
PN;PN6110.J4;Jesus Christ
PN;PN6110.J45;Jews
PN;PN6110.J68;Joy
PN;PN6110.J69;Joyce, James, 1882-1941
PN;PN6110.K54;Kim, Chŏng-il, 1942-2011
PN;PN6110.K55;Kim, Il-song, 1912-
PN;PN6110.L15;Labor
PN;PN6110.L2;Law
PN;PN6110.L37;Lenin, Vladimir Ilʹich, 1870-1924
PN;PN6110.L4;Letters
PN;PN6110.L43;Liberty
PN;PN6110.L5;Life
PN;PN6110.L6;Love
PN;PN6110.M23;Magi
PN;PN6110.M24;Mandela, Nelson, 1918-
PN;PN6110.M25;Mandel'shtam, Osip, 1891-1938
PN;PN6110.M27;Marriage
PN;PN6110.M28;Mary, Virgin
PN;PN6110.M29;Mathematics
PN;PN6110.M3;Medicine
PN;PN6110.M4;Memorizing, Selections for
PN;PN6110.M43;Mice
PN;PN6110.M45;Military life
PN;PN6110.M48;Mindfulness (Psychology)
PN;PN6110.M55;Monsters
PN;PN6110.M6;Moon
PN;PN6110.M64;Mothers
PN;PN6110.M644;Motion pictures
PN;PN6110.M645;Motorcycling
PN;PN6110.M65;Mountains
PN;PN6110.M7;Music
PN;PN6110.M8;Mythology
PN;PN6110.N15;Names
PN;PN6110.N17;Narration
PN;PN6110.N19;National songs
PN;PN6110.N195;Native language (as a theme)
PN;PN6110.N2;Nature
PN;PN6110.N35;Neruda, Pablo, 1904-1973
PN;PN6110.N46;Night
PN;PN6110.N47;Nightingale
PN;PN6110.N57;Noir poetry
PN;PN6110.N6;Nonsense
PN;PN6110.O3;Occasions
PN;PN6110.O4;Old age
PN;PN6110.P2;Pain
PN;PN6110.P25;Parent and child
PN;PN6110.P3;Parodies
PN;PN6110.P4;Peace
PN;PN6110.P6;General collections
PN;PN6110.P7A-.P7Z;By place (country, region, etc.), A-Z
PN;PN6110.P72;Plants
PN;PN6110.P728;Political poetry
PN;PN6110.P73;Potatoes
PN;PN6110.P8;Prisons and prisoners
PN;PN6110.P82;Prose poems
PN;PN6110.P83;Protest poetry
PN;PN6110.Q3;Quakers
PN;PN6110.Q33;Quatrains
PN;PN6110.Q8;Quiet life
PN;PN6110.R2;Railways
PN;PN6110.R35;Rain and rainfall
PN;PN6110.R37;Refugees
PN;PN6110.R4;Religion
PN;PN6110.R42;Renga
PN;PN6110.R48;Revolutionary poetry
PN;PN6110.R6;Roses
PN;PN6110.S22;Sailing
PN;PN6110.S23;Saints
PN;PN6110.S25;Salutations
PN;PN6110.S27;Satire
PN;PN6110.S3;School days, etc.
PN;PN6110.S35;School verse
PN;PN6110.S37;Science
PN;PN6110.S38;Sculpture
PN;PN6110.S4;Sea and sailors
PN;PN6110.S5;Seasons
PN;PN6110.S513;Self
PN;PN6110.S515;Serra, Junípero
PN;PN6110.S517;Shakespeare, William, 1564-1616
PN;PN6110.S52;Sick, Poems for the
PN;PN6110.S525;Sky
PN;PN6110.S53;Slavery
PN;PN6110.S55;Sleep
PN;PN6110.S556;Slums
PN;PN6110.S56;Social conditions. Social justice
PN;PN6110.S57;Socialism
PN;PN6110.S58;Solitude
PN;PN6110.S6;Sonnets
PN;PN6110.S64;Speculative poetry
PN;PN6110.S65;Sports
PN;PN6110.S7;Spring
PN;PN6110.S75;Stars
PN;PN6110.S8;Stenography
PN;PN6110.S85;Summer
PN;PN6110.S87;Sun
PN;PN6110.S9;Supernatural
PN;PN6110.S915;Surrealism
PN;PN6110.S92;Swans
PN;PN6110.S93;Swine
PN;PN6110.S94;Symbolism (Literary movement). Symbolist poetry
PN;PN6110.T4;Technology
PN;PN6110.T5;Terror and wonder
PN;PN6110.T6;Thanksgiving
PN;PN6110.T63;Theater
PN;PN6110.T7;Traveling
PN;PN6110.T75;Trees and forests
PN;PN6110.T8;Typography
PN;PN6110.V3;Vagabond
PN;PN6110.V35;Valentine verses
PN;PN6110.V37;Vampires
PN;PN6110.V4;Vers de société
PN;PN6110.V53;Vietnam War, 1961-1975
PN;PN6110.V54;Virtues
PN;PN6110.V56;Visual poetry
PN;PN6110.W28;War
PN;PN6110.W3;Water
PN;PN6110.W4;Weddings
PN;PN6110.W56;Wine
PN;PN6110.W6;Women
PN;PN6110.W7;Work
PN;PN6110.W75;World War, 1914-1918
PN;PN6110.Z45;Zen poetry
PN;PN6110.5;Polyglot
PN;PN6110.7;Periodicals
PN;PN6111;Comprehensive collections
PN;PN6112;Minor collections
PN;PN6112.5;Digests. Stories of great plays
PN;PN6113;French
PN;PN6114;Collections
PN;PN6114.5;Digests. Stories of great plays
PN;PN6115;Collections
PN;PN6115.5;Digests. Stories of great plays
PN;PN6116;Scandinavian
PN;PN6117;Collections
PN;PN6117.5;Digests. Stories of great plays
PN;PN6118;Slavic
PN;PN6119.A-Z;Other, A-Z
PN;PN6119.7;Black authors
PN;PN6119.8;Women authors
PN;PN6119.9;Amateur drama. Children's plays
PN;PN6120.A-Z;Special. By subject or form, A-Z
PN;PN6120.A3;Alcestis
PN;PN6120.A6;Amphitryon
PN;PN6120.A7;Animal plays
PN;PN6120.A75;Antigone
PN;PN6120.A76;Arab-Israeli conflict
PN;PN6120.A77;Architecture
PN;PN6120.A9;Avarice
PN;PN6120.B3;Ballets
PN;PN6120.B52;Bible plays
PN;PN6120.B54;Black people
PN;PN6120.C3;Camping
PN;PN6120.C5;Christmas plays
PN;PN6120.C6;College plays
PN;PN6120.C65;Conflict of generations
PN;PN6120.D6;"""District school,"" etc."
PN;PN6120.D7;Don Juan
PN;PN6120.E2;Easter plays
PN;PN6120.E43;Electra
PN;PN6120.E9;Everyman
PN;PN6120.F25;Falstaff, John, Sir
PN;PN6120.F3;Farces
PN;PN6120.F33;Faust
PN;PN6120.F6;Folk drama
PN;PN6120.F74;Freemasons
PN;PN6120.G34;Gay men
PN;PN6120.G4;Geography
PN;PN6120.G45;Ghost plays
PN;PN6120.G5;Girl Scout plays
PN;PN6120.G74;Green New Deal
PN;PN6120.H3;Halloween
PN;PN6120.H5;Historical. Patriotic
PN;PN6120.H7;Holidays
PN;PN6120.H73;Holocaust, Jewish (1939-1945)
PN;PN6120.H8;Humorous drama
PN;PN6120.I6;Indian drama
PN;PN6120.I7;Iphigenia
PN;PN6120.J35;Jesus Christ
PN;PN6120.J4;Jewish plays
PN;PN6120.J6;Joan, of Arc, Saint
PN;PN6120.L3;Labor
PN;PN6120.L43;Legal drama. Law
PN;PN6120.L5;Library plays
PN;PN6120.M26;Masaniello, 1620-1647
PN;PN6120.M3;Masques
PN;PN6120.M4;Medea
PN;PN6120.M45;Middle East
PN;PN6120.M5;Miracle plays
PN;PN6120.M7;Mock trials
PN;PN6120.M75;Mother's Day
PN;PN6120.M8;Mumming plays
PN;PN6120.M9;Mystery plays (Modern)
PN;PN6120.O3;Oedipus
PN;PN6120.O5;One-act plays
PN;PN6120.O7;Orestes
PN;PN6120.P3;General
PN;PN6120.P4;Christmas pantomimes (Drury Lane, etc.)
PN;PN6120.P5;Peace plays
PN;PN6120.P54;People with disabilities
PN;PN6120.P64;Political plays
PN;PN6120.R2;Radio plays
PN;PN6120.R4;Religious drama
PN;PN6120.R47;Revolutions
PN;PN6120.R5;Revues
PN;PN6120.S3;Safety plays
PN;PN6120.S5;Shadow pantomimes
PN;PN6120.S7;Song pantomimes
PN;PN6120.S8;Stunts and skits
PN;PN6120.T3;Tableaux
PN;PN6120.T37;Tarantism
PN;PN6120.T4;Television plays
PN;PN6120.T5;Thanksgiving
PN;PN6120.T8;Twelfth-night
PN;PN6120.U5;United Nations
PN;PN6120.V3;Vaudeville
PN;PN6120.V4;Ventriloquism
PN;PN6120.V48;Vietnam War, 1961-1975
PN;PN6120.W3;Wax works
PN;PN6120.W5;Wine
PN;PN6120.W6;Women
PN;PN6120.Z9;Miscellaneous entertainments
PN;PN6120.15;Polyglot
PN;PN6120.2;English
PN;PN6120.3;French
PN;PN6120.4;German
PN;PN6120.5;Italian
PN;PN6120.6;Scandinavian
PN;PN6120.7;Slavic
PN;PN6120.8;Spanish
PN;PN6120.9.A-Z;Other languages, A-Z
PN;PN6120.92.A-Z;Special classes of authors, A-Z
PN;PN6120.92.B45;Black people
PN;PN6120.92.C38;Catholics
PN;PN6120.92.H56;Hispanic authors
PN;PN6120.92.I46;Immigrants
PN;PN6120.92.W65;Women authors
PN;PN6120.95.A-Z;Special. By subject or form, A-Z
PN;PN6121;Comprehensive collections
PN;PN6122;Minor collections
PN;PN6123;French
PN;PN6124;German
PN;PN6125;Italian
PN;PN6126;Scandinavian
PN;PN6127;Spanish
PN;PN6128;Slavic
PN;PN6129.A-Z;Other, A-Z
PN;PN6130;Polyglot
PN;PN6131;English
PN;PN6132;French
PN;PN6133;German
PN;PN6135.A-Z;Other, A-Z
PN;PN6140.A-Z;Special topics, A-Z
PN;PN6140.C5;Christmas
PN;PN6140.F35;Fathers' letters
PN;PN6140.H38;Hate mail
PN;PN6140.L3;Last letters before death
PN;PN6140.L7;Love letters
PN;PN6141;Comprehensive collections
PN;PN6142;Minor collections
PN;PN6143;French
PN;PN6144;German
PN;PN6145.A-Z;Other, A-Z
PN;PN6146;Meditations
PN;PN6146.5;Congresses
PN;PN6147;General works
PN;PN6149.A-Z;Special topics, A-Z
PN;PN6149.A88;Authorship
PN;PN6149.B8;Burlesque
PN;PN6149.E83;Ethnic wit and humor
PN;PN6149.J4;Jews
PN;PN6149.L35;Lampoon
PN;PN6149.L5;Limericks
PN;PN6149.M55;Mock-heroic literature
PN;PN6149.P3;Parody
PN;PN6149.P5;Philosophy. Theory
PN;PN6149.P64;Political satire
PN;PN6149.P85;Puns
PN;PN6149.S2;Satire and irony
PN;PN6149.S37;Sex
PN;PN6149.S4;Shaggy dog stories
PN;PN6149.S62;Social aspects
PN;PN6151;General collections
PN;PN6153;Minor collections
PN;PN6157;Comprehensive collections
PN;PN6158;Early to 1850
PN;PN6161;1850-1950
PN;PN6162;General works
PN;PN6163;Juvenile works
PN;PN6165;General works
PN;PN6166;Juvenile works
PN;PN6173;Early to 1850
PN;PN6175;1850-
PN;PN6178.A-Z;Colonial, provincial, etc., A-Z
PN;PN6178.A8;Australian
PN;PN6178.C3;Canadian
PN;PN6178.G43;Ghanaian
PN;PN6178.I6;Irish
PN;PN6178.N4;New Zealand
PN;PN6178.S4;Scottish
PN;PN6178.W44;Welsh
PN;PN6183;Early to 1850
PN;PN6185;1850-
PN;PN6193;Early to 1850
PN;PN6195;1850-
PN;PN6203;Early to 1850
PN;PN6205;1850-
PN;PN6209;Early to 1850
PN;PN6210;1850-
PN;PN6211.A-Z;Local, A-Z
PN;PN6213;Early to 1850
PN;PN6215;1850-
PN;PN6222.A-Z;Other regions or countries, A-Z
PN;PN6222.A6;Arab countries (General)
PN;PN6222.U4;Ukraine
PN;PN6231.A-Z;Collections on special topics, A-Z
PN;PN6231.A22;Accidents
PN;PN6231.A24;Accounting
PN;PN6231.A25;Acronyms
PN;PN6231.A26;Adolescence. Youth
PN;PN6231.A28;Adultery
PN;PN6231.A284;Adulthood
PN;PN6231.A3;Advertising
PN;PN6231.A4;Aeronautics
PN;PN6231.A42;Affirmations
PN;PN6231.A43;Aging
PN;PN6231.A44;Agriculture
PN;PN6231.A445;Air travel
PN;PN6231.A448;Alcoholics
PN;PN6231.A45;Alphabet
PN;PN6231.A47;Amateur radio
PN;PN6231.A5;Animals
PN;PN6231.A54;Animals, Mythical
PN;PN6231.A65;Appalachian Region
PN;PN6231.A68;Arab countries. Arabs
PN;PN6231.A69;Arizona
PN;PN6231.A697;Art
PN;PN6231.A7;Artisans
PN;PN6231.A72;Assertiveness (Psychology)
PN;PN6231.A73;Astrology
PN;PN6231.A76;Australia
PN;PN6231.A762;Australian football
PN;PN6231.A764;Austria
PN;PN6231.A77;Authorship
PN;PN6231.A8;Automobiles. Automobile travel
PN;PN6231.A88;Autumn
PN;PN6231.B22;Baby boom generation
PN;PN6231.B24;Baby sitters
PN;PN6231.B25;Bachelors
PN;PN6231.B26;Bahamas. Bahamians
PN;PN6231.B27;Baldness
PN;PN6231.B28;Balg̣ansang (Legendary character)
PN;PN6231.B3;Banks and banking
PN;PN6231.B32;Barbers
PN;PN6231.B324;Barbie dolls
PN;PN6231.B33;Bartenders
PN;PN6231.B35;Baseball
PN;PN6231.B37;Basques
PN;PN6231.B38;Bathing
PN;PN6231.B39;Bavaria
PN;PN6231.B396;Beads
PN;PN6231.B4;Beards
PN;PN6231.B42;Bears
PN;PN6231.B43;Beer
PN;PN6231.B44;Belgium
PN;PN6231.B45;Bible
PN;PN6231.B457;Biographies
PN;PN6231.B46;Birds
PN;PN6231.B47;Birthdays
PN;PN6231.B477;Black people
PN;PN6231.B48;Blame
PN;PN6231.B485;Blessing and cursing
PN;PN6231.B49;Blondes
PN;PN6231.B5;Blue glass
PN;PN6231.B6;Boating
PN;PN6231.B615;Book collectors
PN;PN6231.B62;Books
PN;PN6231.B63;Boredom
PN;PN6231.B65;Bowling
PN;PN6231.B66;Boy Scouts
PN;PN6231.B67;Breasts
PN;PN6231.B69;Bubble wrap
PN;PN6231.B7;Building
PN;PN6231.B78;Bullfights
PN;PN6231.B8;Bulls and blunders
PN;PN6231.B83;Bundling
PN;PN6231.B834;Bungee jumping
PN;PN6231.B84;Burlesques
PN;PN6231.B85;Business
PN;PN6231.B87;Buttocks
PN;PN6231.C14;Cabbage Patch Kids dolls
PN;PN6231.C16;California
PN;PN6231.C18;Camps
PN;PN6231.C19;Canada
PN;PN6231.C195;Capitalism
PN;PN6231.C2;Card games
PN;PN6231.C215;Carter family
PN;PN6231.C22;Catholics
PN;PN6231.C23;Cats
PN;PN6231.C24;Cattle. Cows
PN;PN6231.C25;Celebrities
PN;PN6231.C255;Cell phones
PN;PN6231.C265;Censorship
PN;PN6231.C27;Character and characteristics
PN;PN6231.C28;Cheating (Education)
PN;PN6231.C284;Cheese
PN;PN6231.C29;Chickens
PN;PN6231.C3;Child care
PN;PN6231.C315;Child rearing
PN;PN6231.C32;Children
PN;PN6231.C33;Chocolate
PN;PN6231.C35;Christianity
PN;PN6231.C36;Christmas
PN;PN6231.C367;Church of England
PN;PN6231.C37;Church year
PN;PN6231.C45;Circus
PN;PN6231.C455;City and town life
PN;PN6231.C46;Civilization
PN;PN6231.C5;Clergy
PN;PN6231.C55;Clothing trade
PN;PN6231.C554;Clowns
PN;PN6231.C56;Cockroaches
PN;PN6231.C563;Codependency
PN;PN6231.C565;Coffee
PN;PN6231.C57;Colds
PN;PN6231.C58;Collectors and collecting
PN;PN6231.C6;College
PN;PN6231.C6116;Comic books, strips, etc.
PN;PN6231.C6117;Committees
PN;PN6231.C612;Communism
PN;PN6231.C614;Commuting
PN;PN6231.C6142;Conduct of life
PN;PN6231.C6143;Conformity
PN;PN6231.C6145;Consumer credit
PN;PN6231.C6146;Consumer goods
PN;PN6231.C615;Contract bridge
PN;PN6231.C617;Contracts
PN;PN6231.C62;Convalescence
PN;PN6231.C624;Cooking
PN;PN6231.C63;Corporation reports
PN;PN6231.C635;Corpulence
PN;PN6231.C64;Cost and standard of living
PN;PN6231.C65;Country life
PN;PN6231.C66;Courtship
PN;PN6231.C67;Courtship of animals
PN;PN6231.C675;COVID-19 Pandemic, 2020-
PN;PN6231.C68;Cowboys
PN;PN6231.C69;Crazy Bones (Trademark)
PN;PN6231.C7;Cremation
PN;PN6231.C73;Crime. Criminals
PN;PN6231.C75;Criticism
PN;PN6231.C78;Croatia
PN;PN6231.C85;Curiosities and wonders
PN;PN6231.C92;Cycling. Bicycles
PN;PN6231.C95;Czechs
PN;PN6231.D3;Dating
PN;PN6231.D33;Deaf. Hearing impaired
PN;PN6231.D35;Death
PN;PN6231.D37;Defecation
PN;PN6231.D38;Defectors
PN;PN6231.D4;Dentistry
PN;PN6231.D43;Depression, Mental
PN;PN6231.D47;Desert survival
PN;PN6231.D48;Despair
PN;PN6231.D6;Dialect
PN;PN6231.D62;Diaries
PN;PN6231.D64;Dieting
PN;PN6231.D647;Dinners and dining
PN;PN6231.D65;Dinosaurs
PN;PN6231.D656;Disaster films
PN;PN6231.D657;Disasters
PN;PN6231.D66;Disco dancing
PN;PN6231.D662;Divorce. Divorced people
PN;PN6231.D67;Do-it-yourself
PN;PN6231.D68;Dogs
PN;PN6231.D69;Dreams
PN;PN6231.D7;Drinking. Drunks
PN;PN6231.D73;Drive-in theaters
PN;PN6231.D77;Drug traffic
PN;PN6231.D79;Duct tape
PN;PN6231.D8;Dueling
PN;PN6231.D87;Dutch language
PN;PN6231.E23;East Indians
PN;PN6231.E24;eBay (Firm)
PN;PN6231.E25;Emo (Music)
PN;PN6231.E29;Eccentrics and eccentricities
PN;PN6231.E295;Economics
PN;PN6231.E3;Edison
PN;PN6231.E35;Egoism
PN;PN6231.E4;Electronic data processing. Computers
PN;PN6231.E5;Elephants
PN;PN6231.E53;End of the world
PN;PN6231.E58;Engineering
PN;PN6231.E63;Enlightenment (Buddhism)
PN;PN6231.E64;Entertainment events
PN;PN6231.E65;Entrepreneur
PN;PN6231.E66;Environmental protection
PN;PN6231.E67;Envy
PN;PN6231.E69;Epitaphs
PN;PN6231.E72;Erotica
PN;PN6231.E74;Errors
PN;PN6231.E75;Espionage
PN;PN6231.E78;Ethnology
PN;PN6231.E8;Etiquette
PN;PN6231.E85;Evil eye
PN;PN6231.E87;Excuses
PN;PN6231.E88;Executives
PN;PN6231.E9;Exercise
PN;PN6231.E95;Expo 67
PN;PN6231.E97;Extraterrestrial beings
PN;PN6231.E98;Eyeglasses
PN;PN6231.F24;Facebook
PN;PN6231.F25;Facial expression
PN;PN6231.F28;Failure
PN;PN6231.F283;Fairies
PN;PN6231.F285;Fairy tales
PN;PN6231.F287;Faith
PN;PN6231.F29;Fame
PN;PN6231.F3;Family
PN;PN6231.F33;Fantasy games
PN;PN6231.F35;Farewells
PN;PN6231.F356;Farmers' markets
PN;PN6231.F36;Fashion
PN;PN6231.F37;Fathers
PN;PN6231.F4;Fear
PN;PN6231.F43;Feminine hygiene products
PN;PN6231.F44;Feminism
PN;PN6231.F45;Feng shui
PN;PN6231.F47;Finance
PN;PN6231.F49;Fires
PN;PN6231.F5;Fishing
PN;PN6231.F55;Flatulence
PN;PN6231.F58;Flies
PN;PN6231.F59;Florida
PN;PN6231.F62;Fly fishing
PN;PN6231.F66;Food
PN;PN6231.F72;Forbes magazine
PN;PN6231.F74;Foreigners
PN;PN6231.F742;Fortune cookies
PN;PN6231.F743;France
PN;PN6231.F745;French language
PN;PN6231.F748;Friendship
PN;PN6231.F75;Frogs and toads
PN;PN6231.G29;Garden gnomes
PN;PN6231.G3;Gardening
PN;PN6231.G35;Gastronomy. Food habits
PN;PN6231.G37;Geeks (Computer enthusiasts)
PN;PN6231.G38;Genealogy
PN;PN6231.G385;Generation Y
PN;PN6231.G4;German dialect
PN;PN6231.G42;German language
PN;PN6231.G45;Ghosts
PN;PN6231.G47;Ghouls and ogres
PN;PN6231.G49;Giraffe
PN;PN6231.G5;Girls
PN;PN6231.G56;Global Financial Crisis, 2008-2009
PN;PN6231.G65;Gnus
PN;PN6231.G655;Goats
PN;PN6231.G66;Goblins
PN;PN6231.G67;Godzilla
PN;PN6231.G68;Golf
PN;PN6231.G74;Gorillas
PN;PN6231.G75;Goth culture (Subculture)
PN;PN6231.G76;Government consultants
PN;PN6231.G8;Grandparents
PN;PN6231.G84;Gravity
PN;PN6231.G86;Great Britain
PN;PN6231.G87;Greek language
PN;PN6231.G88;Grocery shopping
PN;PN6231.G9;Guilt
PN;PN6231.G92;Gummy bears
PN;PN6231.G95;Gun control
PN;PN6231.H28;Haiku
PN;PN6231.H3;Hair
PN;PN6231.H32;Hamsters
PN;PN6231.H33;Hand-to-hand fighting
PN;PN6231.H34;Hangover
PN;PN6231.H35;Happiness
PN;PN6231.H36;Hawaii
PN;PN6231.H38;Health
PN;PN6231.H42;Heaven
PN;PN6231.H425;Heavy metal (Music)
PN;PN6231.H44;Heroes
PN;PN6231.H46;High technology industries
PN;PN6231.H47;History
PN;PN6231.H5;Hitchhiking
PN;PN6231.H53;Hobbies
PN;PN6231.H54;Hockey
PN;PN6231.H547;Holidays
PN;PN6231.H548;Holocaust, Jewish (1939-1945)
PN;PN6231.H55;Home economics
PN;PN6231.H56;Home schooling
PN;PN6231.H57;Homosexuality
PN;PN6231.H575;Horoscopes
PN;PN6231.H577;Horsemanship
PN;PN6231.H58;Horseracing
PN;PN6231.H59;Horses
PN;PN6231.H6;Hospitality
PN;PN6231.H7;Hotels
PN;PN6231.H73;House buying
PN;PN6231.H733;House cleaning
PN;PN6231.H74;Housewives
PN;PN6231.H76;Human-animal relationships
PN;PN6231.H763;Human behavior
PN;PN6231.H765;Human body
PN;PN6231.H77;Hunting
PN;PN6231.H8;Husbands
PN;PN6231.H94;Hygiene
PN;PN6231.H96;Hypochondria. Illness anxiety disorder
PN;PN6231.I44;Impotence
PN;PN6231.I48;Industrial relations
PN;PN6231.I5;Infants
PN;PN6231.I54;Inner cities
PN;PN6231.I56;Insects
PN;PN6231.I6;Insurance
PN;PN6231.I62;Internet
PN;PN6231.I63;Interviews
PN;PN6231.I65;Invective
PN;PN6231.I67;Inventors. Inventions
PN;PN6231.I7;Ireland
PN;PN6231.I84;Italian language
PN;PN6231.I85;Italians. Italian Americans
PN;PN6231.I86;Italy
PN;PN6231.J3;Jargon
PN;PN6231.J4;Jewelry trade
PN;PN6231.J5;Jewish
PN;PN6231.J59;Job hunting
PN;PN6231.J63;Jogging
PN;PN6231.J68;Journalists
PN;PN6231.J86;Jungles
PN;PN6231.K35;Kansas
PN;PN6231.K5;Kissing
PN;PN6231.K54;Knives
PN;PN6231.K55;Knock-knock jokes
PN;PN6231.L32;Labor. Working class
PN;PN6231.L327;Latkes
PN;PN6231.L33;Laundry
PN;PN6231.L35;Learning and scholarship
PN;PN6231.L39;Left- and right-handedness
PN;PN6231.L4;Legal (Wit and humor of the law)
PN;PN6231.L43;Lesbians
PN;PN6231.L437;Letter carriers
PN;PN6231.L44;Letter writing
PN;PN6231.L47;Liberalism
PN;PN6231.L48;Life
PN;PN6231.L49;Life skills
PN;PN6231.L5;Limericks
PN;PN6231.L55;Literary periodicals
PN;PN6231.L56;Lobsters
PN;PN6231.L58;Lookalikes
PN;PN6231.L59;Lost articles
PN;PN6231.L6;Love
PN;PN6231.M15;Machismo
PN;PN6231.M163;Mafia
PN;PN6231.M17;Mail-order business
PN;PN6231.M18;Maine
PN;PN6231.M19;Malapropisms
PN;PN6231.M2;Management
PN;PN6231.M23;Manufactures
PN;PN6231.M24;Marijuana
PN;PN6231.M25;Marine fauna
PN;PN6231.M26;Marketing
PN;PN6231.M3;Marriage
PN;PN6231.M32;Mars
PN;PN6231.M325;Martial arts
PN;PN6231.M33;Mass media
PN;PN6231.M34;Masters of business administration degree
PN;PN6231.M35;Matrimonial advertisements
PN;PN6231.M37;Maturation (Psychology)
PN;PN6231.M4;Medical
PN;PN6231.M42;Meetings
PN;PN6231.M44;Memorandums
PN;PN6231.M45;Men
PN;PN6231.M453;Menopause
PN;PN6231.M46;Mice
PN;PN6231.M47;Middle age
PN;PN6231.M48;Middle Ages
PN;PN6231.M5;Military
PN;PN6231.M52;Millennium
PN;PN6231.M54;Mindfulness (Psychology)
PN;PN6231.M55;Miners
PN;PN6231.M57;Minnesota
PN;PN6231.M59;Misanthropy
PN;PN6231.M62;Mnemonics
PN;PN6231.M65;Monasticism and religious orders
PN;PN6231.M66;Money
PN;PN6231.M663;Monkeys
PN;PN6231.M665;Monsters
PN;PN6231.M67;Moon
PN;PN6231.M672;Moon Pies
PN;PN6231.M673;Moose
PN;PN6231.M675;Mormon Church. Mormons
PN;PN6231.M68;Mothers
PN;PN6231.M682;Mothers-in-law
PN;PN6231.M744;Motorcycling
PN;PN6231.M75;Mountaineering
PN;PN6231.M79;Mummies
PN;PN6231.M82;Murphy's law
PN;PN6231.M85;Music
PN;PN6231.M87;Mustache
PN;PN6231.N24;Names
PN;PN6231.N27;Nasreddin Hoca (Legendary character)
PN;PN6231.N3;National characteristics
PN;PN6231.N35;National socialism
PN;PN6231.N38;Natural selection
PN;PN6231.N4;Nebraska
PN;PN6231.N53;Neighbors
PN;PN6231.N55;Neuroses. Neurotics
PN;PN6231.N556;New Age movement
PN;PN6231.N557;New England
PN;PN6231.N558;New Jersey
PN;PN6231.N559;New York (N.Y.)
PN;PN6231.N56;Newfoundland
PN;PN6231.N6;Newsbreaks
PN;PN6231.N63;Newspapers
PN;PN6231.N65;Ninja
PN;PN6231.N67;Nobility
PN;PN6231.N68;Nonsense
PN;PN6231.N686;North Carolina
PN;PN6231.N69;North Dakota
PN;PN6231.N693;Northeastern States
PN;PN6231.N7;Norwegian-American dialect
PN;PN6231.N72;Nose
PN;PN6231.N73;Nostalgia
PN;PN6231.N77;Nouveau riche
PN;PN6231.N89;Nuclear power plants
PN;PN6231.N9;Nudism
PN;PN6231.N94;Nuns
PN;PN6231.O23;Obesity
PN;PN6231.O25;Obituaries
PN;PN6231.O26;Obscene gestures
PN;PN6231.O27;Ocean travel
PN;PN6231.O45;Olives
PN;PN6231.O58;Ontario
PN;PN6231.O96;Outdoor recreation
PN;PN6231.O965;Outdoorsmen
PN;PN6231.O97;Outhouses
PN;PN6231.O98;Oxymoron
PN;PN6231.P16;Paranoia
PN;PN6231.P2;Parents
PN;PN6231.P23;Parents-in-law
PN;PN6231.P3;Parodies
PN;PN6231.P32;Parties
PN;PN6231.P33;Peanuts
PN;PN6231.P333;Pediatricians
PN;PN6231.P334;Peeps (Trademark)
PN;PN6231.P34;Penguins
PN;PN6231.P344;Penis
PN;PN6231.P35;Personality tests
PN;PN6231.P36;Personals
PN;PN6231.P37;Personnel management
PN;PN6231.P4;Petroleum
PN;PN6231.P42;Pets
PN;PN6231.P43;Pharmacy
PN;PN6231.P47;Philosophy
PN;PN6231.P5;Photography
PN;PN6231.P52;Physics
PN;PN6231.P53;Pirates
PN;PN6231.P55;Plants
PN;PN6231.P58;Plumbing
PN;PN6231.P588;Poles. Polish jokes
PN;PN6231.P59;Police
PN;PN6231.P6;Politics
PN;PN6231.P63;Popes
PN;PN6231.P635;Popular culture
PN;PN6231.P638;Portland (Or.)
PN;PN6231.P64;Portmanteau words
PN;PN6231.P645;Posters
PN;PN6231.P65;Poverty
PN;PN6231.P67;Practical jokes
PN;PN6231.P68;Pregnancy
PN;PN6231.P686;Premenstrual syndrome
PN;PN6231.P69;Preppies
PN;PN6231.P693;Presidents
PN;PN6231.P7;Printing
PN;PN6231.P73;Procrastination
PN;PN6231.P74;Professions. Occupations
PN;PN6231.P75;Prohibition
PN;PN6231.P78;Psychoanalysis
PN;PN6231.P785;Psychology
PN;PN6231.P79;Public administration
PN;PN6231.P795;Puffins
PN;PN6231.P8;Puns
PN;PN6231.Q35;Qaida (Organization)
PN;PN6231.R23;Rabbits
PN;PN6231.R25;Race problems
PN;PN6231.R3;Railway
PN;PN6231.R35;Ranch life
PN;PN6231.R353;Rapture (Christian eschatology)
PN;PN6231.R354;Rats
PN;PN6231.R36;Readers (Books)
PN;PN6231.R37;Redheads
PN;PN6231.R38;Rednecks
PN;PN6231.R39;Rejection
PN;PN6231.R397;Relaxation
PN;PN6231.R4;Religion
PN;PN6231.R43;Restaurants
PN;PN6231.R44;Retirement
PN;PN6231.R45;Revenge
PN;PN6231.R53;Rich people
PN;PN6231.R56;Rights and ceremonies
PN;PN6231.R58;Robots
PN;PN6231.R59;Rock music
PN;PN6231.R62;Roommates
PN;PN6231.R78;Rubik's Cube
PN;PN6231.R79;Rugby
PN;PN6231.R8;Rugs, Hooked
PN;PN6231.R85;Running
PN;PN6231.R87;Rural churches
PN;PN6231.S15;Sailors. Sea life
PN;PN6231.S16;Saint Valentine's Day
PN;PN6231.S17;Salesmen
PN;PN6231.S19;Sasquatch
PN;PN6231.S2;Satires
PN;PN6231.S22;Sausages
PN;PN6231.S25;Scandinavians. Scandinavian Americans
PN;PN6231.S3;Schools, professors, etc.
PN;PN6231.S4;Science
PN;PN6231.S42;Science fiction
PN;PN6231.S425;Scientists
PN;PN6231.S45;Scotland
PN;PN6231.S46;Scuba diving
PN;PN6231.S47;Seals (Animals)
PN;PN6231.S48;Secretaries
PN;PN6231.S485;Segregation
PN;PN6231.S489;Self-care, Health
PN;PN6231.S49;Self-defense
PN;PN6231.S493;Self-interest
PN;PN6231.S495;Separation (Psychology)
PN;PN6231.S497;Sequels
PN;PN6231.S5;Sermons (Burlesques)
PN;PN6231.S53;Servants
PN;PN6231.S54;Sex
PN;PN6231.S542;Sex differences
PN;PN6231.S545;Sharks
PN;PN6231.S546;Sheep
PN;PN6231.S5463;Shipwreck survival
PN;PN6231.S5465;Shoes
PN;PN6231.S5467;Shopping
PN;PN6231.S547;Short men
PN;PN6231.S548;The sick
PN;PN6231.S5484;Single parents
PN;PN6231.S54843;Single people
PN;PN6231.S5485;Single women
PN;PN6231.S5486;Sisters
PN;PN6231.S549;Skiing
PN;PN6231.S55;Sleeping customs
PN;PN6231.S555;Slovenes
PN;PN6231.S56;Smoking
PN;PN6231.S6;Snakes
PN;PN6231.S625;Snobs and snobbishness
PN;PN6231.S627;Snowboarding
PN;PN6231.S63;Soap bubbles
PN;PN6231.S632;Soccer
PN;PN6231.S6325;Social media
PN;PN6231.S633;Sociology
PN;PN6231.S634;Socks
PN;PN6231.S638;South Africa
PN;PN6231.S64;Southern States
PN;PN6231.S643;Soviet Union
PN;PN6231.S645;Space travel. Outer space
PN;PN6231.S646;Spanish language
PN;PN6231.S647;Spelling
PN;PN6231.S649;Spoonerisms
PN;PN6231.S65;Sports
PN;PN6231.S67;Squirrels
PN;PN6231.S725;Star Wars films
PN;PN6231.S728;State College (Pa.)
PN;PN6231.S73;Stock ownership
PN;PN6231.S75;Stress management
PN;PN6231.S77;Stupidity
PN;PN6231.S78;Subculture
PN;PN6231.S79;Subtenants
PN;PN6231.S8;Suburban life
PN;PN6231.S82;Subways
PN;PN6231.S83;Success
PN;PN6231.S86;Sufi
PN;PN6231.S876;Suicide
PN;PN6231.S877;Supernatural
PN;PN6231.S88;Superstition
PN;PN6231.S883;Surrealism (Literature)
PN;PN6231.S886;Survival skills
PN;PN6231.S89;Sweeping and dusting
PN;PN6231.S895;Swine
PN;PN6231.S93;Systems. System theory
PN;PN6231.T15;Tackiness
PN;PN6231.T17;Talk shows
PN;PN6231.T2;Taxation
PN;PN6231.T23;Taxicabs
PN;PN6231.T3;Technocracy
PN;PN6231.T35;Teddy bears
PN;PN6231.T4;Telegrams
PN;PN6231.T5;Telephone
PN;PN6231.T53;Television
PN;PN6231.T54;Television broadcasting of news
PN;PN6231.T55;Tennis
PN;PN6231.T555;Terrorism
PN;PN6231.T56;Texas. Texans
PN;PN6231.T565;Text messages
PN;PN6231.T566;Thanksgiving Day
PN;PN6231.T567;"""That's what she said"" jokes"
PN;PN6231.T57;Theater
PN;PN6231.T6;Theology
PN;PN6231.T63;Therapeutics
PN;PN6231.T64;Time
PN;PN6231.T642;Time, the weekly news-magazine
PN;PN6231.T65;Titles of books
PN;PN6231.T656;Tobacco chewing
PN;PN6231.T66;Toronto (Ontario)
PN;PN6231.T67;Tourist trade
PN;PN6231.T673;Toys
PN;PN6231.T677;Tractors
PN;PN6231.T68;Traffic regulations
PN;PN6231.T69;Tramps
PN;PN6231.T694;Transportation
PN;PN6231.T7;Traveling
PN;PN6231.T73;Trolls
PN;PN6231.T74;Truthfulness and falsehood
PN;PN6231.T76;Twenty-first century
PN;PN6231.T78;Typewriting
PN;PN6231.T8;Typographical humor
PN;PN6231.U33;Uganda
PN;PN6231.U52;Underwear
PN;PN6231.U54;Unicorns
PN;PN6231.U64;Upper classes
PN;PN6231.V2;Vacations
PN;PN6231.V23;Vagina
PN;PN6231.V25;Valley girls
PN;PN6231.V27;Vampires
PN;PN6231.V36;Vehicles
PN;PN6231.V4;Venice
PN;PN6231.V46;Vermont
PN;PN6231.V48;Veterinary medicine
PN;PN6231.V53;Vikings
PN;PN6231.V54;Villains
PN;PN6231.V65;Vomiting
PN;PN6231.W17;WASPs (Persons)
PN;PN6231.W27;Waiters
PN;PN6231.W28;War
PN;PN6231.W29;Warning labels
PN;PN6231.W3;Water closets. Toilets
PN;PN6231.W35;WD-40 (Trademark)
PN;PN6231.W36;Weapons
PN;PN6231.W365;Weather
PN;PN6231.W37;Weddings
PN;PN6231.W39;Werewolves
PN;PN6231.W4;The West
PN;PN6231.W44;Whales
PN;PN6231.W444;White people
PN;PN6231.W45;Windsurfing
PN;PN6231.W46;Wine and winemaking
PN;PN6231.W48;Wishes
PN;PN6231.W5;Wives
PN;PN6231.W54;Wizards
PN;PN6231.W6;Women
PN;PN6231.W64;Words. Vocabulary
PN;PN6231.W644;Work
PN;PN6231.W645;Workaholics
PN;PN6231.W646;World records
PN;PN6231.W648;Worry
PN;PN6231.W65;Worship programs
PN;PN6231.W73;Wrestling
PN;PN6231.Y33;Yachting
PN;PN6231.Y64;Yoga
PN;PN6231.Y67;York (Pa.)
PN;PN6231.Z65;Zombies
PN;PN6233;Early through 1800
PN;PN6235;1801-
PN;PN6237;Praise of wine, drinking, etc.
PN;PN6238;Pleasures of the table
PN;PN6244;Polyglot
PN;PN6245;English
PN;PN6246.A-Z;Other, A-Z
PN;PN6249;Polyglot. Greek and Latin
PN;PN6250;Early through 1800
PN;PN6251;1801-
PN;PN6252;French
PN;PN6253;German
PN;PN6254;Italian
PN;PN6255;Spanish
PN;PN6257.A-Z;Other, A-Z
PN;PN6257.D8;Dutch
PN;PN6257.I7;Irish
PN;PN6257.L5;Lithuanian
PN;PN6257.O7;Oriental (General)
PN;PN6257.P6;Polish
PN;PN6257.S4;Scotch
PN;PN6258.A-Z;Special topics, A-Z
PN;PN6259.A2;General works
PN;PN6259.A3-Z;Polyglot. Greek and Latin
PN;PN6260;Early though 1800
PN;PN6261;1801-
PN;PN6262;French
PN;PN6263;German
PN;PN6264;Italian
PN;PN6265;Spanish
PN;PN6267.A-Z;Other, A-Z
PN;PN6268.A-Z;Special topics, A-Z
PN;PN6268.A27;Absent-mindedness
PN;PN6268.A35;Aeronautics
PN;PN6268.A7;Aristocracy
PN;PN6268.A8;Authors
PN;PN6268.B3;Banks
PN;PN6268.B4;Beer
PN;PN6268.B6;Books
PN;PN6268.C45;Children
PN;PN6268.C5;Clergy
PN;PN6268.D35;Death
PN;PN6268.D4;Desert
PN;PN6268.D5;Diplomacy
PN;PN6268.D8;Dwarfs (Persons)
PN;PN6268.E27;Earthquakes
PN;PN6268.E8;Englishmen
PN;PN6268.F35;Family
PN;PN6268.F58;Flight attendants
PN;PN6268.F74;Friendship
PN;PN6268.G7;Grandmothers
PN;PN6268.H6;Home
PN;PN6268.H76;Hospitality
PN;PN6268.H8;Hotels, taverns, etc.
PN;PN6268.J4;Jews
PN;PN6268.L4;Legal
PN;PN6268.L7;Love
PN;PN6268.M4;Medical
PN;PN6268.M45;Mentally ill
PN;PN6268.M48;Military art and science
PN;PN6268.M5;Miners
PN;PN6268.M6;Money
PN;PN6268.M65;Mothers
PN;PN6268.O4;Old age
PN;PN6268.P3;Patriotism
PN;PN6268.P6;Politics
PN;PN6268.R4;Religious
PN;PN6268.S4;Sea
PN;PN6268.S47;Sex
PN;PN6268.S55;Sisters
PN;PN6268.S6;Soldiers
PN;PN6268.S7;Stonemasons
PN;PN6268.S73;Stress
PN;PN6268.T3;Taxicabs
PN;PN6268.T7;Traveling
PN;PN6268.T77;Truck drivers
PN;PN6268.T88;Tsunamis
PN;PN6268.W4;West Indians
PN;PN6268.W5;Wives
PN;PN6268.W6;Women
PN;PN6269.A2;General works
PN;PN6269.A3-Z;Polyglot. Greek and Latin
PN;PN6270;Early through 1800
PN;PN6271;1801-
PN;PN6272;French
PN;PN6273;German
PN;PN6274;Italian
PN;PN6275;Spanish
PN;PN6277.A-Z;Other, A-Z
PN;PN6278.A-Z;Special topics, A-Z
PN;PN6278.A28;Acting
PN;PN6278.A77;Art
PN;PN6278.A87;Aunts
PN;PN6278.B6;Books
PN;PN6278.C36;Cats
PN;PN6278.C57;Conduct of life
PN;PN6278.C6;Cowboys
PN;PN6278.E78;Ethics
PN;PN6278.E8;Etiquette
PN;PN6278.F66;Food
PN;PN6278.F7;Friendship
PN;PN6278.H3;Happiness
PN;PN6278.H67;Horses
PN;PN6278.I68;Islands
PN;PN6278.K68;Kosovo Civil War, 1998-
PN;PN6278.L6;Love
PN;PN6278.M35;Marriage
PN;PN6278.M4;Men
PN;PN6278.M54;Military art and science
PN;PN6278.P3;Patriotism
PN;PN6278.P64;Political science
PN;PN6278.P68;Power
PN;PN6278.P8;Public officers
PN;PN6278.S55;Sisters
PN;PN6278.T5;Time
PN;PN6278.T7;Translating and interpreting
PN;PN6278.U52;Uncles
PN;PN6278.W35;War
PN;PN6278.W6;Women
PN;PN6278.W63;Work
PN;PN6278.4;Collections
PN;PN6279.A2;General works
PN;PN6279.A3-Z;Polyglot. Greek and Latin
PN;PN6280;Early to 1800
PN;PN6281;1801-
PN;PN6282;French
PN;PN6283;German
PN;PN6284;Italian
PN;PN6285;Spanish
PN;PN6287.A-Z;Other, A-Z
PN;PN6288.A-Z;Special topics, A-Z
PN;PN6288.H8;Hunting
PN;PN6288.L6;Love
PN;PN6288.M3;Marriage
PN;PN6288.M4;Men
PN;PN6288.P6;Politics
PN;PN6288.W6;Women
PN;PN6288.5;Epitaphs as a literary form
PN;PN6289;Polyglot. Greek and Latin
PN;PN6290;Early through 1800
PN;PN6291;1801-
PN;PN6292;French
PN;PN6293;German
PN;PN6294;Italian
PN;PN6295;Spanish
PN;PN6297.A-Z;Other, A-Z
PN;PN6298.A-Z;Special topics, A-Z
PN;PN6298.C5;Children
PN;PN6298.S4;Servants
PN;PN6298.S64;Soldiers
PN;PN6299.A2;General works
PN;PN6299.A3-Z;Polyglot. Greek and Latin
PN;PN6300;Early through 1800
PN;PN6301;1801-
PN;PN6302;French
PN;PN6303;German
PN;PN6304;Italian
PN;PN6305;Spanish
PN;PN6307.A-Z;Other, A-Z
PN;PN6307.D8;Dutch
PN;PN6307.I7;Irish
PN;PN6307.L5;Lithuanian
PN;PN6307.O7;Oriental (General)
PN;PN6307.P47;Persian
PN;PN6307.P6;Polish
PN;PN6307.S4;Scotch
PN;PN6308.A-Z;Special topics, A-Z
PN;PN6308.C5;Chance
PN;PN6308.C6;Conversation
PN;PN6308.D4;Delphic maxims
PN;PN6308.D5;Diplomacy
PN;PN6308.F6;Food
PN;PN6308.F7;Friendship
PN;PN6308.H66;Hope
PN;PN6308.M3;Marriage
PN;PN6308.M6;Money
PN;PN6308.S58;Social service
PN;PN6308.S6;Sports
PN;PN6308.W4;Weather
PN;PN6308.W6;Maxims for women
PN;PN6309;Polyglot. Greek and Latin
PN;PN6310-6317;Other language divisions (Table PN9)
PN;PN6318.A-Z;Special classes, A-Z
PN;PN6319;Polyglot. Greek and Latin
PN;PN6320-6327;Other language divisions (Table PN9)
PN;PN6328.A-Z;Special classes, A-Z
PN;PN6328.C5;Children's sayings
PN;PN6328.L3;Last words
PN;PN6328.M67;Mothers' sayings
PN;PN6328.P3;Parents' sayings
PN;PN6328.S78;Students' sayings
PN;PN6329;Polyglot. Greek and Latin
PN;PN6330-6337;Other language divisions (Table PN9)
PN;PN6338.A-Z;Special topics, A-Z
PN;PN6338.A44;Age
PN;PN6338.A78;Arts
PN;PN6338.B69;Boys
PN;PN6338.C38;Cats
PN;PN6338.C5;Children
PN;PN6338.C65;Conduct of life
PN;PN6338.C66;Consolation
PN;PN6338.D38;Daughters
PN;PN6338.D5;Death
PN;PN6338.D65;Dogs
PN;PN6338.D74;Dreams
PN;PN6338.F38;Fathers
PN;PN6338.F7;Friendship
PN;PN6338.G57;Girls
PN;PN6338.G72;Gratitude
PN;PN6338.H35;Happiness
PN;PN6338.H64;Holidays
PN;PN6338.H84;Hugging
PN;PN6338.I54;Infants
PN;PN6338.K58;Kissing
PN;PN6338.L55;Life
PN;PN6338.L6;Love
PN;PN6338.M67;Mothers
PN;PN6338.M68;Mothers-in-law
PN;PN6338.O6;Optimism
PN;PN6338.P45;Photography
PN;PN6338.R4;Reformers
PN;PN6338.S4;Science
PN;PN6338.S56;Sisters
PN;PN6338.S83;Success
PN;PN6338.T66;Trees
PN;PN6338.T7;Truthfulness and falsehood
PN;PN6338.W6;Women
PN;PN6340;Early through 1800
PN;PN6341;1801-
PN;PN6342;French
PN;PN6343;German
PN;PN6344;Italian
PN;PN6345;Spanish
PN;PN6347.A-Z;Other divisions, A-Z
PN;PN6347.I7;Irish
PN;PN6347.S4;Scotch
PN;PN6348.A-Z;Special topics, A-Z
PN;PN6348.L88;Lutefisk
PN;PN6348.W4;Weddings
PN;PN6348.5;General works
PN;PN6349;Polyglot. Greek and Latin
PN;PN6350;Dutch
PN;PN6351;English
PN;PN6352;French
PN;PN6353;German
PN;PN6354;Italian
PN;PN6355;Spanish
PN;PN6357.A-Z;Other, A-Z
PN;PN6358.A-Z;Special topics, A-Z
PN;PN6361;General
PN;PN6366;Collected works
PN;PN6367;General works
PN;PN6369;Polyglot. Greek and Latin
PN;PN6370;Early through 1800
PN;PN6371;General works
PN;PN6371.5;Juvenile works
PN;PN6372;French
PN;PN6373;German
PN;PN6374;Italian
PN;PN6375;Spanish
PN;PN6377.A-Z;Other languages, A-Z
PN;PN6377.A35;Ainu
PN;PN6377.A39;Albanian
PN;PN6377.A45;Altai
PN;PN6377.A8;Arabic
PN;PN6377.A87;Assamese
PN;PN6377.A89;Aymara
PN;PN6377.A9;Azerbaijani
PN;PN6377.B34;Bahnar
PN;PN6377.B345;Bakhtiari
PN;PN6377.B347;Bangaru
PN;PN6377.B35;Bantu
PN;PN6377.B37;Belarusian
PN;PN6377.B4;Bengali
PN;PN6377.B53;Bihari
PN;PN6377.B8;Bulgarian
PN;PN6377.B82;Buriat
PN;PN6377.C35;Cape Verde Creole
PN;PN6377.C37;Catalan
PN;PN6377.C5;Chinese
PN;PN6377.C65;Comorian
PN;PN6377.C75;Crimean Tatar
PN;PN6377.D3;Danish
PN;PN6377.D45;Dena'ina
PN;PN6377.D76;Dusun
PN;PN6377.D8;Dutch
PN;PN6377.E76;Estonian
PN;PN6377.F5;Finnish
PN;PN6377.F8;Fula
PN;PN6377.G7;Greek (Modern)
PN;PN6377.H4;Hebrew
PN;PN6377.H5;Hindi
PN;PN6377.H54;Hmong
PN;PN6377.H85;Hungarian
PN;PN6377.I48;Indic
PN;PN6377.J3;Japanese
PN;PN6377.J35;Jarai
PN;PN6377.J38;Javanese
PN;PN6377.K3;Kannada
PN;PN6377.K36;Karelian
PN;PN6377.K39;Kazakh
PN;PN6377.K58;Komi
PN;PN6377.K6;Korean
PN;PN6377.K87;Kurdish
PN;PN6377.K88;Kurukh
PN;PN6377.K95;Kyrgyz
PN;PN6377.L36;Lao
PN;PN6377.L4;Latvian
PN;PN6377.L5;Lithuanian
PN;PN6377.M27;Makasar
PN;PN6377.M29;Malay
PN;PN6377.M3;Malayalam
PN;PN6377.M32;Mansi
PN;PN6377.M35;Mari
PN;PN6377.M36;Masa
PN;PN6377.M37;Masikoro
PN;PN6377.M39;Maya
PN;PN6377.M59;Mixtec
PN;PN6377.N24;Nahuatl
PN;PN6377.N3;Ndonga
PN;PN6377.O75;Oriya
PN;PN6377.O78;Ossetic
PN;PN6377.P35;Panjabi
PN;PN6377.P47;Persian
PN;PN6377.P49;Philippine
PN;PN6377.P67;Polish
PN;PN6377.P7;Portuguese
PN;PN6377.Q42;Quechua
PN;PN6377.R34;Rajasthani
PN;PN6377.R7;Romanian
PN;PN6377.R8;Ruanda
PN;PN6377.R9;Russian
PN;PN6377.S25;Sanskrit
PN;PN6377.S4;Serbo-Croatian
PN;PN6377.S42;Shona
PN;PN6377.S45;Sindhi
PN;PN6377.S46;Sinhalese
PN;PN6377.S49;Slovak
PN;PN6377.S5;Slovenian
PN;PN6377.S6;Soga
PN;PN6377.S85;Sundanese
PN;PN6377.S87;Suppire
PN;PN6377.T23;Tagalog
PN;PN6377.T24;Tajik
PN;PN6377.T246;Tamazight
PN;PN6377.T25;Tamil
PN;PN6377.T3;Tatar
PN;PN6377.T32;Tay-Nung
PN;PN6377.T4;Telugu
PN;PN6377.T43;Thai
PN;PN6377.T8;Turkish
PN;PN6377.T87;Tusia
PN;PN6377.T9;Tuvinian
PN;PN6377.U26;Udmurt
PN;PN6377.U4;Ukrainian
PN;PN6377.U7;Urdu
PN;PN6377.U9;Uzbek
PN;PN6377.V53;Vietnamese
PN;PN6377.V66;Votic
PN;PN6377.W64;Woisika
PN;PN6377.Y34;Yakut
PN;PN6377.Y5;Yiddish
PN;PN6377.Y67;Yoruba
PN;PN6381;Miscellanea
PN;PN6400;Early works through 1800
PN;PN6401;1801-
PN;PN6403;Early through 1800
PN;PN6404;Polyglot
PN;PN6405;English
PN;PN6406;French
PN;PN6407;German
PN;PN6408;Italian
PN;PN6409.A-Z;Other languages, A-Z
PN;PN6410;General works
PN;PN6413;Greek
PN;PN6414;Hebrew, Jewish
PN;PN6416;Classical
PN;PN6418;Medieval and modern
PN;PN6418.5.A-Z;Other, A-Z
PN;PN6418.5.A8;Assyro-Babylonian
PN;PN6418.5.E35;Egyptian
PN;PN6418.5.P34;Pali
PN;PN6418.5.S3;Sanskrit
PN;PN6418.5.S8;Sumerian
PN;PN6419;Romance languages
PN;PN6419.5;Germanic languages
PN;PN6420;Early through 1800
PN;PN6421;1801-
PN;PN6425.A-Z;Local, A-Z
PN;PN6426;General
PN;PN6426.3.A-Z;Local, A-Z
PN;PN6426.6.A-Z;Other English-speaking countries, A-Z
PN;PN6427.A-Z;Special topics, A-Z
PN;PN6427.A5;Agriculture
PN;PN6427.A64;Animals
PN;PN6427.B64;Body, Human
PN;PN6427.C34;Calendars
PN;PN6427.D66;Domestic animals
PN;PN6427.F66;Food
PN;PN6427.G37;Gastronomy
PN;PN6427.H67;Horses
PN;PN6427.J3;Jews
PN;PN6427.L6;Love
PN;PN6427.M43;Medicine
PN;PN6427.M65;Months
PN;PN6427.N37;Nature
PN;PN6427.O45;Olives
PN;PN6427.S5;Sea
PN;PN6427.S58;Sex
PN;PN6427.T35;Tanning
PN;PN6427.T56;Time
PN;PN6427.W4;Weather
PN;PN6427.W55;Wine
PN;PN6427.W65;Women
PN;PN6429;Miscellaneous
PN;PN6429.5;European (General)
PN;PN6430;Early through 1800
PN;PN6431;1801-
PN;PN6435.A-Z;Local, A-Z
PN;PN6437.A-Z;Special topics, A-Z
PN;PN6439;Miscellaneous
PN;PN6450;Early through 1800
PN;PN6451;1801-
PN;PN6455.A-Z;Local, A-Z
PN;PN6457.A-Z;Special topics, A-Z
PN;PN6459;Miscellaneous
PN;PN6460;Early through 1800
PN;PN6461;1801-
PN;PN6465.A-Z;Local, A-Z
PN;PN6467.A-Z;Special topics, A-Z
PN;PN6469;Miscellaneous
PN;PN6470;Early through 1800
PN;PN6471;1801-
PN;PN6475.A-Z;Local, A-Z
PN;PN6477.A-Z;Special topics, A-Z
PN;PN6479;Miscellaneous
PN;PN6480;Early through 1800
PN;PN6481;1801-
PN;PN6484.A2;General works
PN;PN6484.A3-Z;Local
PN;PN6485;Icelandic
PN;PN6486.A2;General works
PN;PN6486.A3-Z;Local
PN;PN6487.A2;General works
PN;PN6487.A3-Z;Local
PN;PN6488.A-Z;Special topics, A-Z
PN;PN6489;Miscellaneous
PN;PN6490;Early through 1800
PN;PN6491;1801-
PN;PN6495.A-Z;Local, A-Z
PN;PN6497.A-Z;Special topics, A-Z
PN;PN6499;Miscellaneous
PN;PN6505.A-Z;Other European, A-Z
PN;PN6505.A38;Adygei
PN;PN6505.A42;Albanian
PN;PN6505.B17;Balkan (General)
PN;PN6505.B18;Baltic
PN;PN6505.B19;Baltic-Finnic
PN;PN6505.B2;Basque
PN;PN6505.C2;Catalan
PN;PN6505.C3;General works
PN;PN6505.C33;Breton
PN;PN6505.C4;Gaelic (Scottish)
PN;PN6505.C5;Irish
PN;PN6505.C75;Circassian
PN;PN6505.D34;Dagestanian
PN;PN6505.E73;Estonian
PN;PN6505.F5;Finnish
PN;PN6505.F7;Frisian
PN;PN6505.F75;Friulian
PN;PN6505.G34;Gallegan
PN;PN6505.G45;Georgian
PN;PN6505.G7;Greek, Modern
PN;PN6505.H8;Hungarian
PN;PN6505.K3;Karelian
PN;PN6505.K65;Komi
PN;PN6505.L28;Langue d'oc
PN;PN6505.L3;Lapp
PN;PN6505.L5;Lithuanian. Latvian
PN;PN6505.L56;Livonian
PN;PN6505.L68;Low German
PN;PN6505.M34;Maltese
PN;PN6505.M37;Mari
PN;PN6505.M64;Moldovan
PN;PN6505.P6;Provençal
PN;PN6505.R33;Raeto-Romance
PN;PN6505.R7;Romanian
PN;PN6505.S15;Sardinian
PN;PN6505.S2;General works
PN;PN6505.S3;Bohemian. Czech
PN;PN6505.S32;Bosnian
PN;PN6505.S33;Bulgarian
PN;PN6505.S35;Croatian
PN;PN6505.S36;Kashubian
PN;PN6505.S37;Macedonian
PN;PN6505.S4;Polish
PN;PN6505.S5;Russian
PN;PN6505.S6;Serbian. Montenegrin
PN;PN6505.S7;Slovak
PN;PN6505.S75;Slovenian
PN;PN6505.S76;Ukrainian. Ruthenian
PN;PN6505.S77;Wendic. Sorbian
PN;PN6505.S78;Collections
PN;PN6505.S79;History and criticism
PN;PN6505.U34;Udmurt
PN;PN6505.V63;Votic
PN;PN6511;Oriental (General)
PN;PN6519.A-Z;Other special, A-Z
PN;PN6519.A24;Abidji
PN;PN6519.A25;Achinese
PN;PN6519.A3;Acoli
PN;PN6519.A4;Adangme
PN;PN6519.A6;African
PN;PN6519.A623;Ahirani
PN;PN6519.A624;Aja (Benin and Togo)
PN;PN6519.A625;Akan
PN;PN6519.A626;Alaba
PN;PN6519.A627;Alur
PN;PN6519.A63;Amharic
PN;PN6519.A65;Anang
PN;PN6519.A66;Angika
PN;PN6519.A7;Arabic
PN;PN6519.A75;Armenian
PN;PN6519.A8;Ashanti
PN;PN6519.A85;Assamese
PN;PN6519.A87;Asu
PN;PN6519.A875;Avaric
PN;PN6519.A88;Awadhi
PN;PN6519.A9;Azerbaijani
PN;PN6519.B23;Bagheli
PN;PN6519.B25;Bakhtiari
PN;PN6519.B26;Bakundu
PN;PN6519.B27;Balinese
PN;PN6519.B28;Baluchi
PN;PN6519.B3;Bambara
PN;PN6519.B315;Bamileke
PN;PN6519.B32;Bamun
PN;PN6519.B326;Bangaru
PN;PN6519.B328;Banjarese
PN;PN6519.B33;Bantu
PN;PN6519.B34;Baoulé. Baule
PN;PN6519.B36;Bartang
PN;PN6519.B365;Basa
PN;PN6519.B37;Bashkir
PN;PN6519.B374;Batak
PN;PN6519.B375;Bati
PN;PN6519.B4;Bemba
PN;PN6519.B417;Bena (Nigeria)
PN;PN6519.B42;Bengali
PN;PN6519.B44;Berber
PN;PN6519.B48;Bhili
PN;PN6519.B5;Bhojpuri
PN;PN6519.B55;Biak
PN;PN6519.B57;Bihari
PN;PN6519.B58;Bikol
PN;PN6519.B59;Bini
PN;PN6519.B7;Brahui
PN;PN6519.B73;Braj
PN;PN6519.B75;Bube
PN;PN6519.B77;Buginese
PN;PN6519.B78;Bukusu
PN;PN6519.B784;Bulu
PN;PN6519.B79;Bundeli
PN;PN6519.B8;Burmese
PN;PN6519.B86;Buryat
PN;PN6519.C37;Caribbean
PN;PN6519.C44;Chakma
PN;PN6519.C444;Cham
PN;PN6519.C466;Chattisgarhi
PN;PN6519.C4668;Chechen
PN;PN6519.C47;Chewa
PN;PN6519.C5;Chinese
PN;PN6519.C53;Chokwe
PN;PN6519.C55;Chuvash
PN;PN6519.C62;Congo (Brazzaville)
PN;PN6519.C8;Creole
PN;PN6519.D3;Dagaare
PN;PN6519.D33;Dagbani
PN;PN6519.D39;Dawro
PN;PN6519.D56;Diola
PN;PN6519.D6;Dogri
PN;PN6519.D7;Dravidian
PN;PN6519.D8;Duala
PN;PN6519.D96;Dzongkha
PN;PN6519.E33;Efik
PN;PN6519.E35;Egyptian
PN;PN6519.E75;Eritrean
PN;PN6519.E76;Etsako
PN;PN6519.E9;Ewe
PN;PN6519.E96;Ewondo
PN;PN6519.F36;Fang
PN;PN6519.F37;Fanti
PN;PN6519.F54;Fijian
PN;PN6519.F8;Fula
PN;PN6519.G23;Gambai
PN;PN6519.G25;Ganda
PN;PN6519.G27;Garhwali
PN;PN6519.G3;Gayo
PN;PN6519.G6;Goajiro
PN;PN6519.G67;Gorani
PN;PN6519.G8;Guarani
PN;PN6519.G85;Gujarati
PN;PN6519.G856;Gungu
PN;PN6519.G86;Gurani
PN;PN6519.G865;Guro
PN;PN6519.G87;Gusii
PN;PN6519.H3;Haitian
PN;PN6519.H33;Halbi
PN;PN6519.H35;Hausa
PN;PN6519.H4;Hawaiian
PN;PN6519.H43;Hazaragi
PN;PN6519.H55;Hindi
PN;PN6519.H57;Hindko
PN;PN6519.H58;Hindustani
PN;PN6519.H64;Hmong
PN;PN6519.H85;Hunde
PN;PN6519.I33;Igbo
PN;PN6519.I35;Ikwere
PN;PN6519.I39;Indian
PN;PN6519.I4;Indic
PN;PN6519.I5;Indonesian
PN;PN6519.I75;Itsekiri
PN;PN6519.I85;Ivory Coast. Côte d'Ivoire
PN;PN6519.I94;Izere
PN;PN6519.J15;Jabo
PN;PN6519.J2;Jamaican
PN;PN6519.J3;Japanese
PN;PN6519.J38;Javanese
PN;PN6519.J5;Jewish
PN;PN6519.J83;Judeo-Arabic
PN;PN6519.J84;Judeo-Tat
PN;PN6519.K22;Kabardian
PN;PN6519.K223;Kabiye
PN;PN6519.K224;Kabyle
PN;PN6519.K226;Kaili
PN;PN6519.K228;Kakwa
PN;PN6519.K23;Kalanga
PN;PN6519.K24;Kamba
PN;PN6519.K25;Kannada
PN;PN6519.K27;Karaim
PN;PN6519.K28;Karo-Batak
PN;PN6519.K29;Kasem
PN;PN6519.K3;Kashmiri
PN;PN6519.K38;Kazakh
PN;PN6519.K44;Kenga
PN;PN6519.K47;Khmer
PN;PN6519.K48;Khowar
PN;PN6519.K5;Kikuyu
PN;PN6519.K53;Kilega
PN;PN6519.K55;Kimbundu
PN;PN6519.K57;Kirghiz
PN;PN6519.K58;Kom (Cameroon)
PN;PN6519.K59;Kongo
PN;PN6519.K593;Konkani
PN;PN6519.K596;Koongo
PN;PN6519.K6;Korean
PN;PN6519.K75;Krio
PN;PN6519.K8;Kuanyama
PN;PN6519.K83;Kukwa
PN;PN6519.K836;Kumauni
PN;PN6519.K838;Kumyk
PN;PN6519.K84;Kuo
PN;PN6519.K85;Kurdish
PN;PN6519.K88;Kurukh
PN;PN6519.L23;Laadi
PN;PN6519.L27;Ladakhi
PN;PN6519.L3;Ladino (Judeo-Spanish)
PN;PN6519.L35;Lambadi
PN;PN6519.L36;Lango
PN;PN6519.L39;Lao
PN;PN6519.L47;Liberian
PN;PN6519.L56;Limbum
PN;PN6519.L58;Logooli
PN;PN6519.L73;Luba-Lulua
PN;PN6519.L74;Lucazi
PN;PN6519.L76;Lugbara
PN;PN6519.L78;Luo
PN;PN6519.L8;Luvale
PN;PN6519.M215;Maithili
PN;PN6519.M22;Majingai
PN;PN6519.M225;Makasar
PN;PN6519.M23;Makua. Makhuwa
PN;PN6519.M24;Malagasy
PN;PN6519.M26;Malay
PN;PN6519.M28;Malayalam
PN;PN6519.M29;Mampruli
PN;PN6519.M3;Manchu
PN;PN6519.M313;Mandailing
PN;PN6519.M316;Mandingo
PN;PN6519.M32;Manipuri
PN;PN6519.M35;Maori
PN;PN6519.M36;Marathi
PN;PN6519.M37;Masai
PN;PN6519.M375;Masikoro
PN;PN6519.M39;Mbai (Moissala)
PN;PN6519.M44;Medumba
PN;PN6519.M48;Meru
PN;PN6519.M54;Minangkabau
PN;PN6519.M55;Minianka
PN;PN6519.M56;Mnong
PN;PN6519.M57;Moba
PN;PN6519.M58;Mongo
PN;PN6519.M6;Mongolian
PN;PN6519.M64;Moré
PN;PN6519.M67;Moroccan
PN;PN6519.M83;Mundang
PN;PN6519.M85;Mundari
PN;PN6519.M87;Mungaka
PN;PN6519.M88;Muong
PN;PN6519.N26;Nande
PN;PN6519.N38;Ndebele (Zimbabwe)
PN;PN6519.N385;Ndonga
PN;PN6519.N387;Ndumu
PN;PN6519.N39;Near Eastern
PN;PN6519.N4;Nepali
PN;PN6519.N5;Newari
PN;PN6519.N52;Ngaju
PN;PN6519.N53;Nias
PN;PN6519.N55;Nigerian
PN;PN6519.N57;Nimadi
PN;PN6519.N58;Nomaante. Nomaande
PN;PN6519.N6;Northern Sotho
PN;PN6519.N63;Northern Thai
PN;PN6519.N83;Nubian
PN;PN6519.N87;Nupe
PN;PN6519.N9;Nyaneka
PN;PN6519.N93;Nyanja
PN;PN6519.N94;Nzebi
PN;PN6519.N95;Nzima
PN;PN6519.O38;Oku
PN;PN6519.O7;Oriya
PN;PN6519.O75;Oromo
PN;PN6519.O85;Ossetic
PN;PN6519.P3;Panjabi
PN;PN6519.P36;Papiamentu
PN;PN6519.P5;Persian
PN;PN6519.P55;Philippine
PN;PN6519.P6;Pidgin English
PN;PN6519.P68;Pōṭhwārī
PN;PN6519.P76;Punu
PN;PN6519.P8;Pushto
PN;PN6519.Q45;Quechua
PN;PN6519.R35;Rajasthani
PN;PN6519.R37;Rajbangsi
PN;PN6519.R39;Rawalti
PN;PN6519.R46;Rendille
PN;PN6519.R54;Rif
PN;PN6519.R65;Romani
PN;PN6519.R8;Ruanda
PN;PN6519.R84;Rundi
PN;PN6519.R98;Ryukyu
PN;PN6519.S23;Sabaot
PN;PN6519.S27;Samburu
PN;PN6519.S3;Samoan
PN;PN6519.S32;Sanga
PN;PN6519.S35;Sena
PN;PN6519.S36;Senari
PN;PN6519.S38;Serer
PN;PN6519.S39;Seychellois
PN;PN6519.S43;Shi
PN;PN6519.S45;Shona
PN;PN6519.S48;Simelungun
PN;PN6519.S49;Sindhi
PN;PN6519.S5;Sinhalese
PN;PN6519.S55;Siraiki
PN;PN6519.S58;Somali
PN;PN6519.S59;Songhai
PN;PN6519.S63;Sotho
PN;PN6519.S67;Sranan
PN;PN6519.S8;Sudanese
PN;PN6519.S83;Sukuma
PN;PN6519.S85;Sundanese
PN;PN6519.S87;Svan
PN;PN6519.S9;Swahili
PN;PN6519.S97;Syriac. Modern Syriac
PN;PN6519.T2;Tagalog
PN;PN6519.T28;Tajik
PN;PN6519.T283;Talinga-Bwisi
PN;PN6519.T285;Talysh
PN;PN6519.T29;Tamashek
PN;PN6519.T3;Tamil
PN;PN6519.T32;Tamu
PN;PN6519.T33;Tanzanian
PN;PN6519.T349;Tat
PN;PN6519.T35;Tatar
PN;PN6519.T36;Tay-Nung
PN;PN6519.T4;Telugu
PN;PN6519.T45;Thai
PN;PN6519.T55;Tibetan
PN;PN6519.T56;Tigrinya
PN;PN6519.T565;Tiv
PN;PN6519.T57;Toba-Batak
PN;PN6519.T58;Tobote
PN;PN6519.T6;Tonga (Nyasa)
PN;PN6519.T613;Tongan (Polynesian)
PN;PN6519.T62;Toraja
PN;PN6519.T7;Tshi
PN;PN6519.T74;Tsonga
PN;PN6519.T75;Tswana
PN;PN6519.T76;Tugen
PN;PN6519.T77;Tulu
PN;PN6519.T775;Tunisian
PN;PN6519.T778;Tupuri
PN;PN6519.T78;Turkic
PN;PN6519.T79;Turkish
PN;PN6519.T8;Turkmen
PN;PN6519.T84;Tuvinian
PN;PN6519.U5;Uighur
PN;PN6519.U54;Umbundu
PN;PN6519.U7;Urdu
PN;PN6519.U9;Uzbek
PN;PN6519.V5;Vietnamese
PN;PN6519.V55;Vili
PN;PN6519.W3;Warega. Lega
PN;PN6519.W48;Western Pahari
PN;PN6519.W62;Wobe
PN;PN6519.W64;Wolayta
PN;PN6519.W65;Wolof
PN;PN6519.X6;Xhosa
PN;PN6519.Y19;Yaka (Zaire and Angola)
PN;PN6519.Y2;Yakut
PN;PN6519.Y25;Yay
PN;PN6519.Y55;Yombe (Congo and Angola)
PN;PN6519.Y6;Yoruba
PN;PN6519.Z27;Zambian
PN;PN6519.Z3;Zapotec
PN;PN6519.Z35;Zarma
PN;PN6519.Z39;Zaza
PN;PN6519.Z8;Zulu
PN;PN6525.A-Z;Special topics, A-Z
PN;PN6525.A37;Agriculture
PN;PN6525.A6;Animals. Bestiaries
PN;PN6525.A76;Astronomy
PN;PN6525.A8;Atheism
PN;PN6525.B73;Bread
PN;PN6525.D49;Devil
PN;PN6525.E3;Education
PN;PN6525.G35;Gardens
PN;PN6525.G6;God
PN;PN6525.H9;Hygiene
PN;PN6525.L68;Love
PN;PN6525.M55;Milk
PN;PN6525.S36;Sea
PN;PN6525.S4;Sex
PN;PN6525.T56;Time
PN;PN6525.W4;Weather
PN;PN6700;Periodicals. Societies. Serials
PN;PN6702;Congresses
PN;PN6705.A1;General works
PN;PN6705.A2-Z;By region or country, A-Z
PN;PN6707;Encyclopedias. Dictionaries
PN;PN6710;General works
PN;PN6712;Moral and religious aspects
PN;PN6714;Other special (not A-Z)
PN;PN6720;General collections
PN;PN6725-6728;United States (Table PN11)
PN;PN6731-6734;Canada (Table PN11)
PN;PN6735-6738;Great Britain (Table PN11)
PN;PN6745-6748;France (Table PN11 modified)
PN;PN6747.A-Z;Individual authors or works, A-Z
PN;PN6747.G5;Gir, 1938- (Table P-PZ40)
PN;PN6755-6758;Germany (Table PN11)
PN;PN6765-6768;Italy (Table PN11)
PN;PN6775-6778;Spain (Table PN11)
PN;PN6790.A-Z;Other regions or countries, A-Z
PN;PN7;19th century
PN;PN8;20th century
PN;PN12;Collective
PN;PN13.A-Z;Individual, A-Z
PN;PN14.A-Z;Special topics, A-Z
PN;PN14.A39;Advice columns
PN;PN14.A397;Africa
PN;PN14.A4;Agricultural journalism
PN;PN14.A44;AIDS (Disease)
PN;PN14.A53;Anarchist press
PN;PN14.A58;Antisemitism
PN;PN14.A73;Arctic regions
PN;PN14.A75;Arts
PN;PN14.A78;Astronautics
PN;PN14.A83;Australian aborigines
PN;PN14.A84;Austria
PN;PN14.A85;Authorship
PN;PN14.A87;Awards
PN;PN14.B42;Beauty, Personal
PN;PN14.B53;Birth control
PN;PN14.B55;Black press
PN;PN14.B68;Bovine spongiform encephalopathy
PN;PN14.B75;Broadcast journalism
PN;PN14.B85;Bullfights
PN;PN14.C35;Canards
PN;PN14.C4;Catholic press
PN;PN14.C45;Children
PN;PN14.C46;China
PN;PN14.C5;Circulation. Marketing
PN;PN14.C53;Citizen journalism
PN;PN14.C54;Climatic changes
PN;PN14.C57;Commercial journalism
PN;PN14.C6;Communist press
PN;PN14.C63;Community newspapers
PN;PN14.C64;Conservatism
PN;PN14.C65;Correction articles
PN;PN14.C658;Corruption. Political corruption
PN;PN14.C66;Corruption of the press
PN;PN14.C67;Country newspapers. Rural journalism
PN;PN14.C74;Crime journalism
PN;PN14.D38;Data processing
PN;PN14.D43;Death notices
PN;PN14.D48;Developing countries
PN;PN14.D58;Disaster reporting
PN;PN14.D59;Discrimination
PN;PN14.D78;Drug traffic
PN;PN14.E34;Editing
PN;PN14.E35;Editorial writing. Editorials
PN;PN14.E38;Educational journalism
PN;PN14.E44;Electronic newspapers and journals
PN;PN14.E6;Employees
PN;PN14.E64;Environmental protection
PN;PN14.E8;Ethics of journalism
PN;PN14.E84;Ethnic press
PN;PN14.E86;Europe
PN;PN14.E87;European Union
PN;PN14.E89;Euthanasia
PN;PN14.E94;Extra editions
PN;PN14.F34;Fake news
PN;PN14.F35;Fanzines
PN;PN14.F37;Fashion
PN;PN14.F4;Feuilletons
PN;PN14.F45;Fiction
PN;PN14.F5;Finance
PN;PN14.F6;General works
PN;PN14.F62A-.F62Z;By language, A-Z
PN;PN14.F67;Foreign news
PN;PN14.F74;Freemasonry
PN;PN14.F76;Front pages
PN;PN14.G35;Gangs
PN;PN14.G4;Germany
PN;PN14.H4;Headlines
PN;PN14.H55;Homosexuality
PN;PN14.H58;Hours of labor
PN;PN14.H8;Humorous periodicals
PN;PN14.I44;Illustrated periodicals
PN;PN14.I5225;Income distribution
PN;PN14.I55;Immigration
PN;PN14.I553;Indians
PN;PN14.I554;Infanticide
PN;PN14.I58;Investigative reporting
PN;PN14.I78;Islam
PN;PN14.I8;Islamic press
PN;PN14.I83;Israel
PN;PN14.I85;Italy
PN;PN14.J34;Japan
PN;PN14.J48;Jews
PN;PN14.J8;Juvenile periodicals
PN;PN14.K67;Korea (North)
PN;PN14.L3;Labor
PN;PN14.L33;Language
PN;PN14.L34;Legal journalism
PN;PN14.L4;Letters to the editor. Readers' opinion
PN;PN14.L6;Literature
PN;PN14.L62;Little magazines
PN;PN14.L65;Local editions
PN;PN14.L8;Lutheran press
PN;PN14.M35;Manners and customs
PN;PN14.M37;Mass media criticism
PN;PN14.M43;Medical journalism
PN;PN14.M45;Men's magazines
PN;PN14.M46;Mental illness
PN;PN14.M47;Mexico City
PN;PN14.M5;Military journalism
PN;PN14.M53;Minorities
PN;PN14.M68;Motion picture journalism. Newsreels
PN;PN14.M88;Muslims
PN;PN14.N48;News audiences
PN;PN14.N83;Nuclear energy
PN;PN14.O217;Obesity
PN;PN14.O22;Obituaries
PN;PN14.O24;Objectivity
PN;PN14.O43;Ombudspersons
PN;PN14.O55;Online journalism
PN;PN14.O6;Op-ed pages
PN;PN14.O9;Ownership
PN;PN14.P37;People with disabilities
PN;PN14.P4;Periodicals. Magazines (other than newspapers)
PN;PN14.P43;Personals
PN;PN14.P45;Petroleum industry and trade
PN;PN14.P54;Poland
PN;PN14.P58;Police
PN;PN14.P6;Politics
PN;PN14.P65;Prices
PN;PN14.P67;Prison journalism
PN;PN14.P7;Propaganda
PN;PN14.P73;Prostitution
PN;PN14.P74;Protestant press
PN;PN14.P82;Public opinion
PN;PN14.R28;Race problems
PN;PN14.R29;Racism
PN;PN14.R295;Radicalism
PN;PN14.R3;Radio journalism
PN;PN14.R43;Readership surveys
PN;PN14.R435;Real property
PN;PN14.R438;Refugees
PN;PN14.R44;Regional journalism
PN;PN14.R45;Religious journalism
PN;PN14.R5;Reporters and reporting
PN;PN14.R55;Reviews. Critical writing
PN;PN14.S3;Scandals
PN;PN14.S335;Schizophrenia
PN;PN14.S34;Scholarly periodicals
PN;PN14.S345;Science fiction
PN;PN14.S35;Scientific journalism
PN;PN14.S4;Sections, columns, etc. (General)
PN;PN14.S45;Sensationalism
PN;PN14.S47;Sex crimes in the press
PN;PN14.S6;Social aspects
PN;PN14.S62;Social movements
PN;PN14.S63;Socialist journalism
PN;PN14.S638;Specialists (as sources)
PN;PN14.S64;Specialized journalism
PN;PN14.S645;Spiritualism
PN;PN14.S65;Sports journalism
PN;PN14.S75;Strikes and lockouts
PN;PN14.S83;Substance abuse
PN;PN14.S85;Suicide
PN;PN14.T33;Tabloid journalism. Tabloid newspapers
PN;PN14.T37;Technical journalism
PN;PN14.T4;Television journalism
PN;PN14.T43;Television program guides
PN;PN14.T46;Terrorism
PN;PN14.U5;Underground literature
PN;PN14.U53;Underground press
PN;PN14.U55;United States
PN;PN14.V46;Venezuela
PN;PN14.V54;Video journalism
PN;PN14.V56;Violence
PN;PN14.W25;Wages
PN;PN14.W3;Wall newspapers
PN;PN14.W36;War
PN;PN14.W45;Wholesalers
PN;PN14.W58;Women
PN;PN14.W6;Women's magazines
PN;PN16.A-Z;By region, A-Z
PN;PN17.A-Z;By state, province, etc., A-Z
PN;PN19.A-Z;By place, A-Z
PN;PN20.A-Z;Special magazines and other periodicals, A-Z
PN;PN6.A1-.A5;Collective
PN;PN6.A6-Z;Individual, A-Z
PN;PN7.A-Z;Special topics, A-Z
PN;PN8.A-Z;By state, province, etc., A-Z
PN;PN9.A-Z;By place, A-Z
PN;PN10.A-Z;Special magazines and other periodicals, A-Z
PN;PN3.A1-.A5;Collective
PN;PN3.A6-Z;Individual
PN;PN4.A-Z;Local, A-Z
PN;PN5.A-Z;Special journals, A-Z
PN;PN0;Early through 1800
PN;PN0.5;Polyglot
PN;PN4.2;21st century
PN;PN6.A-Z;Cities, A-Z
PN;PN8.5;Directories. Guidebooks, etc.
PN;PN1.5;General special
PN;PN2.A-Z;Local, A-Z
PN;PN0.1;General works
PN;PN0.2;Early to 1800
PN;PN0.3;19th century
PN;PN0.4;20th century
PN;PN0.42;21st century
PN;PN0.5.A-Z;States, provinces, etc., A-Z
PN;PN0.6.A-Z;Cities, A-Z
PN;PN0.7;Collective
PN;PN0.8.A-Z;Individual, A-Z
PN;PN7.D8;Dutch
PN;PN7.I7;Irish
PN;PN7.L5;Lithuanian
PN;PN7.O7;Oriental (General)
PN;PN7.P6;Polish
PN;PN7.S4;Scots
PN;PN3.A-Z;Special, A-Z
PN;PN3.D5;Dialogues
PN;PN3.H8;Humorous
PN;PN3.J8;Juvenile
PN;PN3.M6;Monologues
PN;PN3.P3;Patriotic
PN;PN3.R4;Religious
